sender,receiver,amount,timestamp
9327371243,rayekantika@upi,1755.0,2026-07-20T08:50:00
9327371243,kadejalsa@upi,720.0,2026-08-15T00:11:00
9327371243,sethitriveni@upi,310.0,2026-08-10T16:53:00
9327371243,dharnathaniel@upi,210.0,2026-08-11T06:23:00
9327371243,singhaashi@upi,310.0,2026-08-06T16:49:00
9327371243,yatin82@upi,790.0,2026-07-15T14:57:00
9327371243,tripathifrederick@upi,190.0,2026-07-11T00:26:00
9327371243,bhanumatimunshi@upi,75.0,2026-08-24T17:53:00
9327371243,sai41@upi,4545.0,2026-08-02T07:29:00
9327371243,logannaidu@upi,300.0,2026-08-21T22:09:00
9327371243,igupta@upi,500.0,2026-07-04T20:19:00
9327371243,wriddhish67@upi,375.0,2026-07-13T00:33:00
9481103002,onkar82@upi,1270.0,2026-07-05T05:01:00
9481103002,ksolanki@upi,2030.0,2026-07-04T01:32:00
9481103002,riasuresh@upi,220.0,2026-08-22T19:01:00
9481103002,gganguly@upi,1875.0,2026-08-24T06:39:00
9481103002,girishdeshpande@upi,170.0,2026-08-05T19:58:00
9481103002,modyfalguni@upi,755.0,2026-07-15T08:36:00
9481103002,nmandal@upi,190.0,2026-07-26T10:54:00
9481103002,uvasa@upi,410.0,2026-07-18T17:36:00
9481103002,hramanathan@upi,520.0,2026-07-29T10:18:00
9481103002,hemang56@upi,505.0,2026-07-22T19:35:00
9481103002,sulegunbir@upi,2480.0,2026-08-17T08:27:00
9481103002,wbasu@upi,910.0,2026-07-30T23:11:00
9481103002,dayalviraj@upi,785.0,2026-08-18T16:18:00
9378012248,gollatejas@upi,260.0,2026-08-02T17:55:00
9378012248,dipta37@upi,385.0,2026-08-09T09:25:00
9378012248,bakhshi28@upi,570.0,2026-08-13T17:51:00
9378012248,dayalviraj@upi,1130.0,2026-07-05T19:43:00
9378012248,galayochana@upi,4455.0,2026-07-04T12:03:00
9378012248,wseshadri@upi,1855.0,2026-07-08T21:40:00
9378012248,dayamaidoctor@upi,665.0,2026-08-19T07:45:00
9378012248,saide@upi,125.0,2026-07-17T09:55:00
9378012248,eganesh@upi,1480.0,2026-07-06T08:26:00
9378012248,vrinda42@upi,960.0,2026-07-29T20:38:00
9378012248,mohammedsavant@upi,395.0,2026-08-19T15:14:00
9378012248,qushi33@upi,140.0,2026-07-26T13:08:00
9378012248,vsane@upi,1105.0,2026-07-06T23:11:00
9378012248,gayathri23@upi,310.0,2026-07-01T18:56:00
9378012248,janakibarman@upi,590.0,2026-07-06T23:29:00
9378012248,sjani@upi,815.0,2026-07-20T11:52:00
9739047311,samraarunima@upi,1155.0,2026-08-15T20:07:00
9739047311,vyanjanabuch@upi,1540.0,2026-08-17T11:28:00
9739047311,ramjonathan@upi,485.0,2026-08-11T08:47:00
9739047311,eesha30@upi,1765.0,2026-07-27T11:51:00
9739047311,ucchalganesh@upi,4860.0,2026-07-29T01:20:00
9739047311,yauvani39@upi,1650.0,2026-07-12T21:47:00
9739047311,shansuhani@upi,525.0,2026-07-30T06:30:00
9739047311,comarridhi@upi,145.0,2026-07-15T10:15:00
9739047311,yaminirout@upi,4175.0,2026-07-10T10:47:00
9739047311,daniel61@upi,535.0,2026-07-25T15:14:00
9739047311,anaybassi@upi,615.0,2026-08-06T15:06:00
9884354408,dayamai85@upi,900.0,2026-08-07T22:35:00
9884354408,deoldevansh@upi,520.0,2026-08-12T05:16:00
9884354408,brinda27@upi,635.0,2026-07-27T16:57:00
9884354408,ansh65@upi,2510.0,2026-08-12T02:25:00
9884354408,rishi55@upi,270.0,2026-07-04T23:12:00
9884354408,hramanathan@upi,535.0,2026-08-26T17:06:00
9884354408,choudharysaanvi@upi,535.0,2026-08-13T17:38:00
9884354408,memonisaiah@upi,570.0,2026-08-29T13:25:00
9884354408,khannabalveer@upi,645.0,2026-07-18T06:59:00
9884354408,mkari@upi,1420.0,2026-07-28T10:36:00
9884354408,zpall@upi,1220.0,2026-07-27T04:39:00
9884354408,isharattan@upi,2990.0,2026-08-04T21:34:00
9884354408,gaurang20@upi,550.0,2026-07-25T22:55:00
9641445280,brinda39@upi,195.0,2026-07-13T02:11:00
9641445280,madansamaksh@upi,390.0,2026-07-09T21:59:00
9641445280,nandawakeeta@upi,870.0,2026-08-21T21:50:00
9641445280,ukhurana@upi,590.0,2026-08-22T08:59:00
9641445280,dattabhavna@upi,1020.0,2026-07-08T19:08:00
9641445280,anusha49@upi,2570.0,2026-08-13T14:09:00
9641445280,schatterjee@upi,245.0,2026-08-03T09:44:00
9641445280,ubika99@upi,695.0,2026-07-23T11:37:00
9641445280,yuvraj24@upi,70.0,2026-08-08T14:16:00
9641445280,amaira65@upi,420.0,2026-08-24T12:28:00
9641445280,gardejagrati@upi,1495.0,2026-07-23T12:56:00
9641445280,dnori@upi,235.0,2026-08-21T01:09:00
9641445280,widisharamaswamy@upi,1770.0,2026-08-02T13:36:00
9641445280,jagat44@upi,1010.0,2026-08-20T22:19:00
9641445280,tripathifrederick@upi,170.0,2026-08-20T23:08:00
9641445280,chakrabartisamarth@upi,685.0,2026-08-04T18:41:00
9460888817,panchalzinal@upi,280.0,2026-08-03T23:17:00
9460888817,dadachakradhar@upi,1120.0,2026-08-29T06:59:00
9460888817,janinisha@upi,195.0,2026-08-13T13:06:00
9460888817,desaianusha@upi,410.0,2026-07-29T06:39:00
9460888817,uprabhakar@upi,370.0,2026-08-28T01:07:00
9460888817,fsibal@upi,915.0,2026-07-03T23:36:00
9460888817,chaitanya83@upi,445.0,2026-07-31T20:35:00
9460888817,chaaya64@upi,1310.0,2026-07-23T14:24:00
9460888817,balveer54@upi,700.0,2026-07-08T18:48:00
9460888817,eganesh@upi,970.0,2026-07-08T01:34:00
9460888817,rkant@upi,730.0,2026-08-08T09:16:00
9460888817,sudiksha13@upi,85.0,2026-08-25T20:12:00
9460888817,banjeet07@upi,610.0,2026-07-02T11:35:00
9460888817,yadavidugar@upi,105.0,2026-07-15T09:27:00
9460888817,deshpandeniharika@upi,835.0,2026-08-08T05:10:00
9460888817,raksha36@upi,580.0,2026-07-08T07:53:00
9460888817,devansh61@upi,25.0,2026-07-12T18:21:00
9460888817,daniel26@upi,7325.0,2026-07-16T02:16:00
9460888817,naikjoshua@upi,4090.0,2026-07-19T21:22:00
9460888817,zdixit@upi,135.0,2026-07-21T14:39:00
9587103048,ikibe@upi,200.0,2026-07-26T20:23:00
9587103048,karanlibni@upi,1180.0,2026-07-12T18:04:00
9587103048,wablefaqid@upi,410.0,2026-08-15T07:15:00
9587103048,parsaayushman@upi,150.0,2026-07-24T00:26:00
9587103048,gabrieltak@upi,330.0,2026-07-15T20:21:00
9587103048,lghose@upi,970.0,2026-08-01T07:46:00
9587103048,dhriti23@upi,145.0,2026-07-14T04:31:00
9587103048,braranamika@upi,4480.0,2026-07-24T13:04:00
9587103048,radhakrishnanrachit@upi,1730.0,2026-07-06T03:48:00
9587103048,anay36@upi,340.0,2026-07-26T12:50:00
9985200539,bosexalak@upi,280.0,2026-08-29T00:30:00
9985200539,sethitriveni@upi,730.0,2026-08-03T00:06:00
9985200539,ldara@upi,395.0,2026-08-14T02:45:00
9985200539,kadakiadayamai@upi,1015.0,2026-07-19T16:18:00
9985200539,dayamai85@upi,1690.0,2026-07-19T00:37:00
9985200539,rgulati@upi,1390.0,2026-07-24T15:16:00
9985200539,chokshiekaja@upi,215.0,2026-07-26T04:30:00
9985200539,david08@upi,225.0,2026-07-11T11:25:00
9985200539,ganesanhitesh@upi,85.0,2026-07-13T04:11:00
9985200539,vivaanhora@upi,2800.0,2026-08-21T21:27:00
9985200539,hvenkataraman@upi,250.0,2026-07-23T04:48:00
9391101258,samarthchokshi@upi,1635.0,2026-08-02T18:52:00
9391101258,xbobal@upi,4080.0,2026-07-10T10:09:00
9391101258,modysai@upi,710.0,2026-08-30T03:33:00
9391101258,dnori@upi,235.0,2026-08-21T14:43:00
9391101258,saranzansi@upi,120.0,2026-08-29T01:46:00
9391101258,yashicakapur@upi,95.0,2026-08-30T08:43:00
9391101258,balveer54@upi,215.0,2026-08-25T21:53:00
9391101258,wsami@upi,265.0,2026-07-04T06:07:00
9391101258,hredhaan14@upi,2675.0,2026-07-06T10:22:00
9391101258,bhasintanvi@upi,1185.0,2026-07-06T12:24:00
9391101258,yuvrajgupta@upi,3530.0,2026-07-27T21:45:00
9391101258,kotaunni@upi,360.0,2026-07-18T03:56:00
9694458096,lnarain@upi,695.0,2026-07-05T13:10:00
9694458096,nattshaurya@upi,350.0,2026-07-23T10:13:00
9694458096,qushi33@upi,1430.0,2026-08-25T17:15:00
9694458096,yauvani39@upi,1230.0,2026-08-10T11:08:00
9694458096,garariya@upi,1505.0,2026-07-17T05:23:00
9694458096,xmukhopadhyay@upi,1670.0,2026-07-25T17:41:00
9694458096,nandaaryan@upi,95.0,2026-07-31T00:07:00
9694458096,raksha36@upi,840.0,2026-07-10T10:21:00
9694458096,girindra52@upi,4465.0,2026-07-20T04:41:00
9833390099,ssaxena@upi,310.0,2026-07-27T14:02:00
9833390099,sahaavni@upi,1025.0,2026-08-06T15:43:00
9833390099,karanlibni@upi,165.0,2026-07-03T19:45:00
9833390099,vinaya59@upi,785.0,2026-07-20T04:37:00
9833390099,advay80@upi,470.0,2026-08-27T12:26:00
9833390099,gaurang20@upi,365.0,2026-07-06T09:23:00
9833390099,onkar82@upi,280.0,2026-07-27T01:46:00
9833390099,dnori@upi,1110.0,2026-07-08T03:16:00
9833390099,palanekaraj@upi,335.0,2026-08-13T06:21:00
9833390099,dhawannicholas@upi,1095.0,2026-07-10T19:59:00
9833390099,devika50@upi,440.0,2026-08-10T21:27:00
9833390099,anusha49@upi,1230.0,2026-08-13T15:03:00
9515434515,janakibarman@upi,115.0,2026-07-11T19:47:00
9515434515,anaybassi@upi,915.0,2026-07-04T19:02:00
9515434515,garariya@upi,415.0,2026-07-19T20:27:00
9515434515,doshijeremiah@upi,690.0,2026-07-15T23:07:00
9515434515,madhav62@upi,550.0,2026-07-29T12:28:00
9515434515,alexander71@upi,1325.0,2026-08-19T09:44:00
9515434515,tanish97@upi,70.0,2026-07-31T04:56:00
9515434515,jagvigoel@upi,260.0,2026-07-23T09:56:00
9861985877,muttizarna@upi,975.0,2026-08-19T00:31:00
9861985877,ahegde@upi,460.0,2026-08-05T05:19:00
9861985877,ganesanhitesh@upi,180.0,2026-07-29T18:23:00
9861985877,deoltanvi@upi,145.0,2026-07-17T10:23:00
9861985877,lmital@upi,1825.0,2026-07-07T16:43:00
9861985877,vanshaanand@upi,660.0,2026-07-02T11:38:00
9861985877,tripathifrederick@upi,3565.0,2026-08-28T12:08:00
9861985877,prasadpratyush@upi,95.0,2026-08-18T05:26:00
9861985877,falan01@upi,220.0,2026-07-21T15:12:00
9861985877,chakradharvarkey@upi,1190.0,2026-08-01T17:44:00
9861985877,munizehaan@upi,385.0,2026-07-06T03:16:00
9683847079,vyanjanabuch@upi,1450.0,2026-08-01T07:21:00
9683847079,tanish61@upi,80.0,2026-08-27T19:41:00
9683847079,ikapoor@upi,430.0,2026-07-10T04:54:00
9683847079,patilzehaan@upi,1100.0,2026-08-29T20:55:00
9683847079,bamble@upi,415.0,2026-08-21T17:00:00
9683847079,sagarnathan@upi,115.0,2026-08-26T01:03:00
9683847079,karanlibni@upi,1670.0,2026-08-17T16:46:00
9683847079,qushimitra@upi,195.0,2026-08-21T15:37:00
9683847079,nitara56@upi,410.0,2026-07-26T08:50:00
9683847079,murthyyadavi@upi,4115.0,2026-07-19T00:38:00
9683847079,mannanryan@upi,755.0,2026-07-12T17:14:00
9495274785,sarkarturvi@upi,925.0,2026-07-20T04:27:00
9495274785,bimala77@upi,460.0,2026-07-28T21:40:00
9495274785,yatankota@upi,280.0,2026-08-16T10:17:00
9495274785,tjha@upi,820.0,2026-08-09T06:16:00
9495274785,khoslahemal@upi,85.0,2026-08-30T05:48:00
9495274785,murtyridhi@upi,475.0,2026-07-09T13:06:00
9495274785,thamansamarth@upi,700.0,2026-07-01T23:55:00
9495274785,dadachakradhar@upi,195.0,2026-08-23T15:21:00
9495274785,tanish61@upi,965.0,2026-07-29T15:14:00
9495274785,eesharege@upi,705.0,2026-08-09T18:24:00
9495274785,geraamara@upi,115.0,2026-08-14T21:14:00
9495274785,aptemohammed@upi,2720.0,2026-07-04T05:56:00
9495274785,mkota@upi,325.0,2026-08-08T09:59:00
9495274785,nihalsoman@upi,655.0,2026-08-19T06:47:00
9495274785,jalsa37@upi,120.0,2026-07-28T16:06:00
9833355085,yuvraj24@upi,680.0,2026-07-07T08:52:00
9833355085,forumdalia@upi,890.0,2026-08-09T07:37:00
9833355085,dhruv18@upi,770.0,2026-07-15T20:03:00
9833355085,bnaidu@upi,1430.0,2026-07-01T14:10:00
9833355085,neelimabalay@upi,215.0,2026-07-27T05:55:00
9833355085,anikagopal@upi,600.0,2026-08-08T12:09:00
9833355085,tripathifrederick@upi,730.0,2026-08-08T02:23:00
9833355085,gbansal@upi,315.0,2026-08-15T07:19:00
9833355085,palanekaraj@upi,200.0,2026-07-17T20:41:00
9833355085,dkanda@upi,940.0,2026-08-09T07:15:00
9833355085,guhaurishilla@upi,3175.0,2026-08-13T04:04:00
9833355085,gadejairaj@upi,1475.0,2026-08-20T05:06:00
9833355085,riasuresh@upi,340.0,2026-08-07T00:49:00
9833355085,bhaktakrisha@upi,3010.0,2026-07-18T17:31:00
9833355085,mekhala18@upi,135.0,2026-08-18T13:39:00
9833355085,yahvisawhney@upi,2930.0,2026-08-23T06:20:00
9833355085,henrymenon@upi,485.0,2026-07-18T02:21:00
9910619958,wablefaqid@upi,430.0,2026-08-01T05:50:00
9910619958,forumdalia@upi,235.0,2026-08-28T02:06:00
9910619958,warhi15@upi,3305.0,2026-08-10T22:56:00
9910619958,vigjairaj@upi,265.0,2026-08-09T10:07:00
9910619958,gganguly@upi,870.0,2026-08-13T01:29:00
9910619958,dkanda@upi,125.0,2026-08-17T16:39:00
9910619958,dtripathi@upi,950.0,2026-07-24T11:12:00
9910619958,munizehaan@upi,505.0,2026-08-01T05:18:00
9910619958,gabrieltak@upi,1525.0,2026-07-15T17:54:00
9910619958,khannabalveer@upi,555.0,2026-07-03T00:17:00
9910619958,eranganathan@upi,2875.0,2026-07-10T10:52:00
9910619958,mukhopadhyayjack@upi,1045.0,2026-07-05T17:13:00
9920240606,bnaidu@upi,865.0,2026-07-04T15:31:00
9920240606,dashekavir@upi,675.0,2026-08-04T02:40:00
9920240606,ykapur@upi,1565.0,2026-08-20T03:50:00
9920240606,riasuresh@upi,1090.0,2026-07-06T03:30:00
9920240606,ikbal30@upi,2215.0,2026-07-08T23:32:00
9920240606,sudiksha13@upi,120.0,2026-07-23T13:35:00
9920240606,ajani@upi,350.0,2026-08-26T17:42:00
9920240606,radhakrishnanrachit@upi,1100.0,2026-08-13T22:02:00
9920240606,krishmishra@upi,90.0,2026-08-18T00:35:00
9920240606,warinder89@upi,640.0,2026-07-30T00:02:00
9920240606,chasmum65@upi,280.0,2026-08-08T21:04:00
9293480844,kalavarenya@upi,255.0,2026-08-19T21:34:00
9293480844,nakul15@upi,1500.0,2026-08-24T05:50:00
9293480844,tparmar@upi,905.0,2026-07-22T15:40:00
9293480844,qsinghal@upi,765.0,2026-07-19T20:53:00
9293480844,anshborah@upi,730.0,2026-08-02T03:59:00
9293480844,dashekavir@upi,610.0,2026-07-27T12:55:00
9293480844,dugarfaqid@upi,425.0,2026-07-18T09:40:00
9293480844,harrison85@upi,125.0,2026-07-08T17:37:00
9293480844,dsridhar@upi,440.0,2026-08-05T17:35:00
9293480844,krishnadin@upi,85.0,2026-08-25T04:47:00
9954882339,raudalbir@upi,1745.0,2026-07-24T05:07:00
9954882339,gaurichaudhuri@upi,160.0,2026-08-10T05:38:00
9954882339,gaurichaudhuri@upi,625.0,2026-08-22T01:34:00
9954882339,munizehaan@upi,1205.0,2026-07-31T02:46:00
9954882339,sundernitara@upi,1100.0,2026-08-13T09:29:00
9954882339,smital@upi,660.0,2026-07-27T16:33:00
9954882339,singhaashi@upi,205.0,2026-07-03T14:02:00
9954882339,qasim83@upi,255.0,2026-08-29T18:55:00
9954882339,ekaraj32@upi,370.0,2026-07-12T22:08:00
9954882339,prasadpratyush@upi,1040.0,2026-08-12T21:43:00
9954882339,keerabha@upi,1210.0,2026-07-16T04:00:00
9954882339,parmeraahana@upi,405.0,2026-08-14T13:18:00
9954882339,unnatiwagle@upi,465.0,2026-07-18T00:08:00
9954882339,umang57@upi,845.0,2026-08-24T16:54:00
9954882339,daniel26@upi,155.0,2026-07-09T09:11:00
9873599794,yashasvi16@upi,225.0,2026-08-20T05:56:00
9873599794,gaurichaudhuri@upi,2055.0,2026-08-01T07:55:00
9873599794,gaurang20@upi,200.0,2026-07-22T22:24:00
9873599794,dashekavir@upi,305.0,2026-08-29T17:22:00
9873599794,singhudant@upi,260.0,2026-07-25T01:04:00
9873599794,atwalrajeshri@upi,2400.0,2026-07-18T10:45:00
9873599794,kabir98@upi,1895.0,2026-07-07T03:40:00
9873599794,aayush88@upi,130.0,2026-07-24T20:39:00
9873599794,venkateshkrishna@upi,645.0,2026-08-04T15:32:00
9873599794,imani@upi,265.0,2026-08-03T10:14:00
9873599794,bhanumatihayer@upi,1010.0,2026-07-29T13:32:00
9873599794,amaira65@upi,770.0,2026-07-17T19:28:00
9873599794,liamtrivedi@upi,875.0,2026-08-12T21:40:00
9873599794,ranganathanhenry@upi,1110.0,2026-08-13T05:13:00
9873599794,zashil00@upi,4265.0,2026-07-09T19:02:00
9026804519,patrickkuruvilla@upi,375.0,2026-07-31T07:57:00
9026804519,dnori@upi,700.0,2026-08-11T05:07:00
9026804519,banjeet07@upi,315.0,2026-07-31T03:19:00
9026804519,devika43@upi,320.0,2026-07-28T23:19:00
9026804519,yadavidugar@upi,165.0,2026-07-24T23:26:00
9026804519,rbadami@upi,2530.0,2026-07-21T11:26:00
9026804519,xsachar@upi,945.0,2026-07-05T20:35:00
9026804519,sudiksha13@upi,1435.0,2026-08-16T09:30:00
9026804519,ansh65@upi,1095.0,2026-07-26T04:45:00
9026804519,vdugar@upi,60.0,2026-08-19T23:13:00
9026804519,eesha58@upi,2205.0,2026-08-05T05:15:00
9026804519,kevinraja@upi,695.0,2026-07-19T19:39:00
9026804519,meghanakapur@upi,245.0,2026-07-26T07:51:00
9026804519,umang57@upi,215.0,2026-08-18T17:02:00
9873173192,jalsa37@upi,860.0,2026-08-26T23:15:00
9873173192,nihalsoman@upi,265.0,2026-08-01T22:16:00
9873173192,gollatejas@upi,515.0,2026-07-14T05:22:00
9873173192,ansh65@upi,235.0,2026-07-14T01:30:00
9873173192,vsane@upi,1105.0,2026-07-21T14:47:00
9873173192,saumya98@upi,230.0,2026-08-17T14:01:00
9873173192,mekhala18@upi,430.0,2026-07-21T19:29:00
9873173192,wmannan@upi,55.0,2026-07-22T04:24:00
9873173192,fbiswas@upi,485.0,2026-07-24T02:06:00
9873173192,yvarty@upi,155.0,2026-08-11T05:54:00
9384008626,modyfalguni@upi,15750.0,2026-07-05T16:31:00
9384008626,issacraksha@upi,125.0,2026-08-09T14:20:00
9384008626,issacraksha@upi,1375.0,2026-08-21T02:45:00
9384008626,issacraksha@upi,855.0,2026-07-06T13:21:00
9384008626,jalsa37@upi,280.0,2026-07-05T00:55:00
9384008626,madansamaksh@upi,115.0,2026-08-10T04:25:00
9384008626,patrickkuruvilla@upi,230.0,2026-07-09T10:42:00
9384008626,ishita92@upi,1140.0,2026-08-14T23:34:00
9384008626,eganesh@upi,325.0,2026-07-29T06:30:00
9384008626,raksha36@upi,330.0,2026-08-02T18:53:00
9384008626,ambleliam@upi,805.0,2026-07-18T00:07:00
9384008626,tbhardwaj@upi,855.0,2026-07-23T03:58:00
9384008626,brinda39@upi,235.0,2026-08-22T02:31:00
9384008626,lmital@upi,1305.0,2026-07-28T05:06:00
9232997749,indiraravi@upi,1290.0,2026-07-09T11:09:00
9232997749,riya01@upi,470.0,2026-07-24T21:12:00
9232997749,mangatdhruv@upi,225.0,2026-08-22T18:32:00
9232997749,agastya25@upi,375.0,2026-07-09T01:28:00
9232997749,neel66@upi,835.0,2026-08-23T03:44:00
9232997749,divya58@upi,365.0,2026-07-24T04:26:00
9232997749,bhaktakrisha@upi,435.0,2026-07-08T00:46:00
9232997749,pavanikhanna@upi,590.0,2026-07-07T07:29:00
9232997749,modyfalguni@upi,1110.0,2026-07-22T02:18:00
9232997749,urishilla62@upi,445.0,2026-07-27T02:07:00
9232997749,rsarma@upi,425.0,2026-07-18T02:09:00
9232997749,ranganathanhenry@upi,11590.0,2026-07-25T07:48:00
9232997749,niharikabhat@upi,210.0,2026-08-30T00:07:00
9232997749,gbansal@upi,585.0,2026-08-18T11:19:00
9232997749,jnarasimhan@upi,310.0,2026-07-27T03:26:00
9232997749,forum60@upi,570.0,2026-07-30T06:41:00
9858539967,aayush88@upi,280.0,2026-08-02T16:12:00
9858539967,dubeykaran@upi,440.0,2026-07-26T12:19:00
9858539967,nakul15@upi,2055.0,2026-08-19T15:57:00
9858539967,galayochana@upi,255.0,2026-07-25T19:13:00
9858539967,bamble@upi,235.0,2026-08-11T20:44:00
9858539967,zbajwa@upi,125.0,2026-08-07T00:34:00
9858539967,chakradhar97@upi,1465.0,2026-08-08T19:21:00
9858539967,balvan90@upi,1900.0,2026-07-31T07:23:00
9858539967,vasahenry@upi,595.0,2026-08-27T17:54:00
9858539967,lmital@upi,295.0,2026-08-22T11:09:00
9858539967,jhalakperi@upi,775.0,2026-08-21T05:36:00
9539773000,bamble@upi,875.0,2026-07-04T07:06:00
9539773000,bamble@upi,205.0,2026-08-07T17:03:00
9539773000,sraval@upi,385.0,2026-07-20T14:20:00
9539773000,nazarethdamini@upi,265.0,2026-07-12T23:00:00
9539773000,pbir@upi,465.0,2026-08-12T10:06:00
9539773000,charvi52@upi,370.0,2026-08-11T06:25:00
9539773000,choudharysaanvi@upi,1740.0,2026-07-29T17:30:00
9539773000,dnadkarni@upi,200.0,2026-08-05T10:24:00
9539773000,yashica84@upi,465.0,2026-08-02T19:23:00
9539773000,yatan39@upi,1585.0,2026-07-09T03:54:00
9539773000,maanavsubramaniam@upi,510.0,2026-08-23T21:28:00
9539773000,advik18@upi,295.0,2026-07-13T17:07:00
9539773000,dwali@upi,440.0,2026-08-09T12:56:00
9834444548,chakradharvarkey@upi,540.0,2026-07-29T08:07:00
9834444548,warhi15@upi,335.0,2026-07-27T02:22:00
9834444548,dharnathaniel@upi,240.0,2026-07-04T00:38:00
9834444548,venkateshkrishna@upi,465.0,2026-08-20T04:18:00
9834444548,yuvraj24@upi,3400.0,2026-07-01T14:09:00
9834444548,lborde@upi,2480.0,2026-08-22T12:00:00
9834444548,bhaktakrisha@upi,1915.0,2026-08-15T04:16:00
9834444548,indiraravi@upi,750.0,2026-07-22T07:18:00
9834444548,xmukhopadhyay@upi,395.0,2026-07-26T15:06:00
9834444548,munigarima@upi,1185.0,2026-07-03T05:37:00
9834444548,turvi76@upi,190.0,2026-07-19T21:12:00
9834444548,mannetejas@upi,155.0,2026-07-03T18:31:00
9834444548,kmangat@upi,390.0,2026-07-31T01:37:00
9834444548,adyajain@upi,890.0,2026-08-09T20:29:00
9834444548,neel66@upi,700.0,2026-08-24T16:45:00
9834444548,xkara@upi,1065.0,2026-07-16T04:24:00
9834444548,rsarma@upi,510.0,2026-07-07T18:22:00
9887832742,schander@upi,1370.0,2026-07-17T13:23:00
9887832742,zdixit@upi,970.0,2026-07-15T05:39:00
9887832742,rkant@upi,1730.0,2026-08-10T23:40:00
9887832742,qasim83@upi,380.0,2026-07-19T00:08:00
9887832742,nakul15@upi,615.0,2026-08-19T13:12:00
9887832742,sbhavsar@upi,930.0,2026-08-14T23:30:00
9887832742,hramanathan@upi,60.0,2026-08-08T01:02:00
9887832742,yaminibhatnagar@upi,1180.0,2026-08-21T17:56:00
9887832742,yoshitabatra@upi,720.0,2026-08-16T06:19:00
9887832742,schatterjee@upi,405.0,2026-07-03T00:59:00
9904918041,balasubramanianvasana@upi,200.0,2026-08-12T22:28:00
9904918041,lnarain@upi,485.0,2026-08-10T19:41:00
9904918041,cherianinaya@upi,640.0,2026-07-23T13:19:00
9904918041,comarridhi@upi,190.0,2026-07-07T17:58:00
9904918041,yashawini25@upi,810.0,2026-07-19T02:17:00
9904918041,paiamara@upi,435.0,2026-07-15T02:12:00
9904918041,paiamara@upi,210.0,2026-08-18T00:05:00
9904918041,krishnadin@upi,865.0,2026-08-01T00:51:00
9904918041,gangulybanjeet@upi,320.0,2026-07-03T21:49:00
9904918041,borajagdish@upi,2100.0,2026-08-09T17:04:00
9904918041,christopher87@upi,340.0,2026-08-12T11:06:00
9904918041,ssaxena@upi,95.0,2026-07-25T08:28:00
9904918041,jonathankhare@upi,1595.0,2026-08-03T05:41:00
9904918041,jnagar@upi,1310.0,2026-07-15T15:18:00
9904918041,chaitanya83@upi,895.0,2026-08-19T17:54:00
9904918041,zagrawal@upi,65.0,2026-07-30T22:56:00
9793735024,rdayal@upi,460.0,2026-08-15T19:18:00
9793735024,guneetlata@upi,225.0,2026-07-20T08:14:00
9793735024,nnarayan@upi,375.0,2026-08-21T18:54:00
9793735024,hpatel@upi,155.0,2026-08-03T08:30:00
9793735024,ksolanki@upi,1730.0,2026-08-09T07:30:00
9793735024,balvan95@upi,120.0,2026-08-20T04:54:00
9793735024,anjalikara@upi,180.0,2026-08-20T06:27:00
9793735024,kiaan93@upi,460.0,2026-08-21T04:26:00
9793735024,nandaaryan@upi,880.0,2026-07-25T20:57:00
9793735024,raghav60@upi,135.0,2026-07-22T10:54:00
9793735024,nitara56@upi,2615.0,2026-07-02T06:14:00
9793735024,aayush24@upi,425.0,2026-08-08T00:43:00
9793735024,munigarima@upi,365.0,2026-07-21T00:10:00
9793735024,gangulybanjeet@upi,770.0,2026-08-04T11:40:00
9793735024,thakkarkamya@upi,385.0,2026-08-02T17:28:00
9500923243,zmajumdar@upi,170.0,2026-08-24T02:49:00
9500923243,anay36@upi,295.0,2026-07-19T06:39:00
9500923243,dhruv18@upi,235.0,2026-07-09T19:29:00
9500923243,zdixit@upi,515.0,2026-07-29T23:27:00
9500923243,rgulati@upi,135.0,2026-08-18T04:07:00
9500923243,nazarethdamini@upi,1565.0,2026-07-12T20:50:00
9500923243,riasuresh@upi,570.0,2026-07-29T23:09:00
9500923243,yashicarastogi@upi,1395.0,2026-07-14T17:00:00
9500923243,ganga23@upi,90.0,2026-07-21T15:10:00
9500923243,sudiksha13@upi,815.0,2026-08-16T09:35:00
9500923243,paiamara@upi,620.0,2026-08-07T02:05:00
9500923243,chakradhar97@upi,310.0,2026-07-03T02:40:00
9500923243,vrinda42@upi,2455.0,2026-08-20T07:55:00
9500923243,shroffosha@upi,135.0,2026-08-06T12:35:00
9500923243,comarridhi@upi,70.0,2026-08-01T06:06:00
9500923243,aviparmer@upi,490.0,2026-08-12T20:30:00
9500923243,vyanjanabuch@upi,460.0,2026-07-05T12:57:00
9500923243,charvi52@upi,235.0,2026-07-11T20:56:00
9511976381,vigjairaj@upi,435.0,2026-07-12T03:57:00
9511976381,bhavna58@upi,560.0,2026-08-22T09:32:00
9511976381,bhanumatimunshi@upi,14765.0,2026-07-26T20:10:00
9511976381,devika50@upi,875.0,2026-07-17T14:10:00
9511976381,vyanjanabuch@upi,1140.0,2026-08-04T12:00:00
9511976381,borajagdish@upi,1055.0,2026-07-11T14:55:00
9511976381,saumya68@upi,680.0,2026-08-26T00:38:00
9511976381,ndasgupta@upi,140.0,2026-07-06T17:18:00
9511976381,drai@upi,175.0,2026-07-24T12:38:00
9884520326,surchakradhar@upi,715.0,2026-08-26T08:52:00
9884520326,kkata@upi,1470.0,2026-08-11T13:07:00
9884520326,rnath@upi,620.0,2026-08-05T12:41:00
9884520326,diya84@upi,1040.0,2026-08-06T23:42:00
9884520326,dugarshravya@upi,1815.0,2026-08-02T15:54:00
9884520326,shroffosha@upi,65.0,2026-08-29T06:13:00
9884520326,jacksonbalan@upi,310.0,2026-07-17T07:03:00
9884520326,tamanna27@upi,1720.0,2026-08-27T23:50:00
9884520326,hredhaan48@upi,160.0,2026-08-14T00:34:00
9884520326,shaharish@upi,215.0,2026-08-19T02:10:00
9884520326,ektachand@upi,265.0,2026-07-01T11:22:00
9884520326,brijesh10@upi,2525.0,2026-08-24T02:47:00
9884520326,nicholas33@upi,180.0,2026-08-20T13:33:00
9113920361,qedwin@upi,120.0,2026-08-19T10:47:00
9113920361,ocherian@upi,205.0,2026-08-05T11:44:00
9113920361,jnarasimhan@upi,380.0,2026-07-01T12:32:00
9113920361,manyathakur@upi,75.0,2026-07-25T12:34:00
9113920361,divya58@upi,635.0,2026-08-18T00:38:00
9113920361,tparmar@upi,1825.0,2026-08-03T08:15:00
9113920361,liamtrivedi@upi,420.0,2026-08-22T08:04:00
9113920361,vyanjanabuch@upi,2235.0,2026-07-27T20:32:00
9113920361,kkrishnamurthy@upi,190.0,2026-07-13T15:15:00
9113920361,ksolanki@upi,325.0,2026-07-19T17:10:00
9113920361,forumdalia@upi,405.0,2026-08-14T04:37:00
9113920361,charvi52@upi,205.0,2026-08-08T03:18:00
9113920361,yashica37@upi,160.0,2026-08-29T23:57:00
9113920361,qabil75@upi,1345.0,2026-08-18T23:15:00
9113920361,eesharege@upi,1110.0,2026-08-24T08:40:00
9113920361,shansuhani@upi,560.0,2026-08-12T18:25:00
9113920361,teerthhalder@upi,195.0,2026-08-15T05:57:00
9113920361,kevinraja@upi,2090.0,2026-07-15T16:57:00
9113920361,dhritiatwal@upi,1805.0,2026-07-29T00:11:00
9260117805,waidakamdar@upi,7145.0,2026-08-15T11:27:00
9260117805,dharnathaniel@upi,405.0,2026-07-03T22:24:00
9260117805,sraval@upi,210.0,2026-07-14T00:37:00
9260117805,ubika99@upi,3475.0,2026-08-10T12:17:00
9260117805,rajagopalnisha@upi,2700.0,2026-07-08T07:12:00
9260117805,anshpal@upi,755.0,2026-08-27T02:01:00
9260117805,vaishnavitara@upi,315.0,2026-07-19T20:53:00
9260117805,vamakshi87@upi,1895.0,2026-07-18T06:28:00
9260117805,gardedipta@upi,2790.0,2026-08-26T22:14:00
9260117805,advay80@upi,805.0,2026-07-28T16:27:00
9260117805,wrideshsengupta@upi,845.0,2026-08-06T10:05:00
9260117805,gangulyupma@upi,430.0,2026-08-20T20:25:00
9260117805,abhiram75@upi,545.0,2026-07-31T05:58:00
9260117805,rgulati@upi,960.0,2026-08-20T17:31:00
9260117805,upkaarpingle@upi,1190.0,2026-08-09T18:01:00
9260117805,yuvrajgupta@upi,10700.0,2026-08-07T20:02:00
9007836490,patelshivansh@upi,1320.0,2026-07-19T13:33:00
9007836490,gangulyupma@upi,485.0,2026-08-28T06:53:00
9007836490,krishnadin@upi,975.0,2026-08-12T05:06:00
9007836490,raveloliver@upi,670.0,2026-07-23T08:55:00
9007836490,gollatejas@upi,785.0,2026-08-21T09:36:00
9007836490,hmodi@upi,235.0,2026-08-04T14:16:00
9007836490,zinalswamy@upi,1280.0,2026-07-08T17:39:00
9007836490,zbaral@upi,385.0,2026-08-05T02:11:00
9007836490,ekalinga77@upi,220.0,2026-08-26T14:59:00
9007836490,keerpeter@upi,735.0,2026-08-23T18:18:00
9007836490,vdugar@upi,1080.0,2026-08-07T23:24:00
9007836490,tanish35@upi,500.0,2026-08-15T20:25:00
9007836490,nicholas33@upi,190.0,2026-07-16T22:14:00
9007836490,keyatripathi@upi,435.0,2026-08-04T20:43:00
9007836490,qganesan@upi,2150.0,2026-07-22T17:30:00
9007836490,aggarwalgabriel@upi,120.0,2026-07-13T03:19:00
9007836490,garimagolla@upi,210.0,2026-07-04T16:49:00
9007836490,modyfalguni@upi,895.0,2026-08-02T07:31:00
9007836490,ykapur@upi,135.0,2026-08-02T20:03:00
9007836490,hemallalla@upi,415.0,2026-08-21T00:29:00
9007836490,nirja02@upi,60.0,2026-08-17T14:30:00
9287968855,ldara@upi,230.0,2026-07-02T00:46:00
9287968855,deoldevansh@upi,1460.0,2026-08-11T18:33:00
9287968855,chadwarinder@upi,755.0,2026-07-14T01:48:00
9287968855,dharnathaniel@upi,360.0,2026-07-16T07:27:00
9287968855,dnadkarni@upi,3535.0,2026-07-06T08:14:00
9287968855,yatan39@upi,410.0,2026-07-27T19:47:00
9287968855,duachakrika@upi,140.0,2026-08-21T12:47:00
9287968855,garderiya@upi,505.0,2026-08-16T20:40:00
9287968855,devika50@upi,2230.0,2026-07-12T09:23:00
9287968855,hpatel@upi,665.0,2026-08-06T07:10:00
9174427652,jnarasimhan@upi,145.0,2026-07-06T15:00:00
9174427652,zdixit@upi,370.0,2026-08-11T22:10:00
9174427652,waida57@upi,2400.0,2026-07-25T05:55:00
9174427652,ikapoor@upi,660.0,2026-07-18T15:05:00
9174427652,chaitanya83@upi,1240.0,2026-08-10T22:31:00
9174427652,mitali95@upi,1355.0,2026-08-19T08:26:00
9174427652,vbhatnagar@upi,220.0,2026-08-13T14:58:00
9174427652,gangulyupma@upi,230.0,2026-07-23T19:35:00
9174427652,wyatt76@upi,765.0,2026-08-22T04:36:00
9174427652,qganesan@upi,395.0,2026-07-18T05:16:00
9428025968,samuel75@upi,7280.0,2026-07-14T10:40:00
9428025968,reyanshmenon@upi,180.0,2026-07-30T02:27:00
9428025968,semteerth@upi,95.0,2026-08-22T21:10:00
9428025968,jacksonbalan@upi,510.0,2026-08-25T18:57:00
9428025968,rbadami@upi,2080.0,2026-08-25T06:43:00
9428025968,forum60@upi,250.0,2026-07-15T03:34:00
9428025968,zilmilvala@upi,170.0,2026-07-25T04:57:00
9428025968,zmajumdar@upi,310.0,2026-07-25T04:28:00
9428025968,diya84@upi,345.0,2026-07-25T08:00:00
9428025968,dwali@upi,695.0,2026-07-23T16:27:00
9428025968,priyanatt@upi,80.0,2026-08-21T12:38:00
9084209783,gabrieltak@upi,150.0,2026-07-02T14:03:00
9084209783,girishwali@upi,365.0,2026-08-07T07:47:00
9084209783,garderiya@upi,50.0,2026-07-09T04:14:00
9084209783,abhiramvig@upi,1465.0,2026-07-26T01:23:00
9084209783,dhruvde@upi,185.0,2026-07-12T06:08:00
9084209783,eganesh@upi,275.0,2026-07-05T17:56:00
9084209783,nachiket67@upi,1305.0,2026-08-21T08:54:00
9084209783,shansuhani@upi,675.0,2026-07-28T18:41:00
9084209783,sjani@upi,450.0,2026-08-27T10:41:00
9084209783,anmolthaker@upi,1950.0,2026-08-27T07:44:00
9084209783,chaaya64@upi,1015.0,2026-07-20T06:11:00
9084209783,munizehaan@upi,135.0,2026-08-11T20:36:00
9084209783,samuel75@upi,325.0,2026-08-28T20:17:00
9084209783,dhawanbishakha@upi,1220.0,2026-07-12T15:59:00
9084209783,iyerojasvi@upi,565.0,2026-08-23T22:45:00
9084209783,gangulybanjeet@upi,520.0,2026-08-07T16:50:00
9084209783,zbaral@upi,1725.0,2026-08-06T21:01:00
9002468794,doshijeremiah@upi,510.0,2026-08-10T00:00:00
9002468794,qsinghal@upi,1470.0,2026-08-06T05:33:00
9002468794,rnath@upi,425.0,2026-07-16T15:27:00
9002468794,rnath@upi,1830.0,2026-07-14T11:28:00
9002468794,yashbath@upi,1190.0,2026-08-07T23:47:00
9002468794,advik18@upi,875.0,2026-08-23T16:39:00
9002468794,dugarfaqid@upi,1170.0,2026-07-31T19:48:00
9002468794,ekalinga77@upi,695.0,2026-08-15T00:55:00
9002468794,thakkarkamya@upi,1055.0,2026-08-14T00:20:00
9768160718,khoslahemal@upi,2210.0,2026-08-12T01:29:00
9768160718,shansuhani@upi,260.0,2026-08-06T06:30:00
9768160718,manyathakur@upi,225.0,2026-07-26T19:03:00
9768160718,abhiram24@upi,830.0,2026-07-05T04:12:00
9768160718,rishi55@upi,1195.0,2026-08-03T10:27:00
9768160718,chakrabartisamarth@upi,205.0,2026-07-09T10:19:00
9768160718,gaurang20@upi,155.0,2026-07-04T03:02:00
9768160718,nitara56@upi,335.0,2026-07-14T08:09:00
9768160718,ramanathannirja@upi,190.0,2026-07-25T12:06:00
9768160718,abhachatterjee@upi,245.0,2026-08-26T21:01:00
9768160718,facharya@upi,1350.0,2026-08-15T18:22:00
9998681300,dtaneja@upi,165.0,2026-08-08T01:21:00
9998681300,yaminibhatnagar@upi,505.0,2026-08-23T17:07:00
9998681300,schander@upi,460.0,2026-08-03T00:30:00
9998681300,anay36@upi,250.0,2026-07-07T21:44:00
9998681300,mgoyal@upi,880.0,2026-08-09T16:45:00
9998681300,ishwar88@upi,435.0,2026-08-04T03:08:00
9998681300,diya84@upi,765.0,2026-07-02T10:17:00
9998681300,garimagolla@upi,5965.0,2026-08-10T03:52:00
9998681300,yuvraj24@upi,325.0,2026-08-27T08:52:00
9998681300,gautam72@upi,715.0,2026-07-27T22:09:00
9998681300,anvi70@upi,1520.0,2026-08-19T18:08:00
9998681300,dhawannicholas@upi,2455.0,2026-08-09T14:13:00
9998681300,xkara@upi,1180.0,2026-07-26T09:41:00
9998681300,bhanumatihayer@upi,300.0,2026-07-07T14:25:00
9798709592,kadakiadayamai@upi,75.0,2026-08-27T03:55:00
9798709592,chanakyabala@upi,210.0,2026-07-31T23:24:00
9798709592,saumya68@upi,4195.0,2026-07-10T17:46:00
9798709592,mkota@upi,85.0,2026-08-20T13:14:00
9798709592,ganesanhitesh@upi,1130.0,2026-08-19T08:25:00
9798709592,regesaanvi@upi,560.0,2026-07-04T20:24:00
9798709592,yahvitailor@upi,1410.0,2026-08-21T20:26:00
9798709592,daveazaan@upi,610.0,2026-07-13T13:08:00
9798709592,forum60@upi,35.0,2026-07-14T16:49:00
9798709592,dhawanbishakha@upi,3445.0,2026-07-12T08:45:00
9798709592,sai41@upi,440.0,2026-08-21T03:30:00
9798709592,wablefaqid@upi,830.0,2026-08-09T08:20:00
9798709592,gaurang20@upi,705.0,2026-07-24T15:30:00
9798709592,tanish35@upi,220.0,2026-07-26T04:04:00
9798709592,vsehgal@upi,1975.0,2026-07-21T01:03:00
9798709592,dugarbishakha@upi,695.0,2026-08-01T04:14:00
9798709592,xsachar@upi,385.0,2026-07-13T17:50:00
9798709592,abhiram75@upi,770.0,2026-07-08T03:22:00
9127967516,dasguptabalendra@upi,245.0,2026-08-28T20:06:00
9127967516,palanekaraj@upi,70.0,2026-08-10T14:20:00
9127967516,rajagopalancharles@upi,570.0,2026-07-10T08:56:00
9127967516,choudhurysanaya@upi,885.0,2026-07-20T05:40:00
9127967516,raveloliver@upi,12410.0,2026-08-21T00:18:00
9127967516,lnarain@upi,4185.0,2026-07-14T23:51:00
9127967516,nandawakeeta@upi,680.0,2026-08-03T06:07:00
9127967516,dhruv18@upi,330.0,2026-07-17T20:41:00
9127967516,sethitriveni@upi,390.0,2026-08-06T16:12:00
9127967516,vdugar@upi,220.0,2026-08-15T19:41:00
9127967516,dseshadri@upi,1300.0,2026-07-17T13:43:00
9127967516,jacksonbalan@upi,5215.0,2026-07-24T13:19:00
9127967516,ramjonathan@upi,1105.0,2026-07-03T20:38:00
9127967516,charvi52@upi,750.0,2026-07-15T13:53:00
9127967516,champak17@upi,260.0,2026-07-01T18:17:00
9127967516,vasatikazachariah@upi,145.0,2026-07-09T22:38:00
9127967516,forum60@upi,560.0,2026-07-30T19:25:00
9127967516,braranamika@upi,1270.0,2026-08-04T13:24:00
9007309220,wgarde@upi,130.0,2026-08-07T11:23:00
9007309220,balvan90@upi,745.0,2026-08-14T20:53:00
9007309220,tamanna27@upi,1230.0,2026-07-16T12:11:00
9007309220,parikhucchal@upi,70.0,2026-07-13T12:03:00
9007309220,khannabalveer@upi,150.0,2026-08-30T08:38:00
9007309220,chanakyabala@upi,640.0,2026-07-02T21:00:00
9007309220,dadavrinda@upi,405.0,2026-07-14T19:13:00
9007309220,anthonybhasin@upi,830.0,2026-07-12T19:18:00
9007309220,yuvraj24@upi,185.0,2026-07-17T13:37:00
9007309220,grewalabeer@upi,635.0,2026-08-11T20:22:00
9007309220,kkata@upi,5070.0,2026-08-04T06:36:00
9007309220,balasubramanianvasana@upi,235.0,2026-07-07T13:34:00
9007309220,waidanarayanan@upi,275.0,2026-07-19T14:21:00
9482868447,rakshaborah@upi,690.0,2026-08-09T09:01:00
9482868447,murtyradhika@upi,770.0,2026-07-01T11:46:00
9482868447,dadavrinda@upi,2570.0,2026-08-20T01:20:00
9482868447,ikalita@upi,7260.0,2026-07-19T17:33:00
9482868447,kevinraja@upi,1265.0,2026-07-19T14:59:00
9482868447,ambleliam@upi,5075.0,2026-07-30T11:50:00
9482868447,chaitanyabuch@upi,4790.0,2026-08-14T16:35:00
9482868447,yashbath@upi,1180.0,2026-08-06T23:23:00
9482868447,shroffosha@upi,2400.0,2026-07-31T18:05:00
9482868447,mekhala18@upi,275.0,2026-08-17T05:15:00
9482868447,bnaidu@upi,805.0,2026-08-19T14:23:00
9482868447,bhavini64@upi,2160.0,2026-07-12T14:06:00
9482868447,waidakamdar@upi,160.0,2026-07-05T16:00:00
9482868447,aayush88@upi,320.0,2026-07-01T10:23:00
9482868447,tanish35@upi,515.0,2026-08-18T17:38:00
9482868447,fsibal@upi,150.0,2026-07-27T07:44:00
9784541701,osagar@upi,1840.0,2026-07-18T03:03:00
9784541701,dayamaidoctor@upi,275.0,2026-08-15T13:54:00
9784541701,hvenkataraman@upi,640.0,2026-07-05T05:12:00
9784541701,brijesh10@upi,1225.0,2026-07-08T21:31:00
9784541701,singhshaurya@upi,525.0,2026-08-27T22:24:00
9784541701,mangalikbal@upi,100.0,2026-08-15T20:57:00
9784541701,ikalita@upi,675.0,2026-08-06T11:03:00
9784541701,matthew58@upi,295.0,2026-07-25T02:07:00
9784541701,bishakha20@upi,165.0,2026-08-20T16:57:00
9784541701,lmital@upi,420.0,2026-08-20T05:19:00
9784541701,ahegde@upi,2415.0,2026-07-16T17:31:00
9784541701,ramjonathan@upi,2625.0,2026-08-13T10:19:00
9597122314,gagandey@upi,360.0,2026-07-14T08:48:00
9597122314,igarg@upi,730.0,2026-08-22T05:08:00
9597122314,keerabha@upi,460.0,2026-08-05T10:25:00
9597122314,rakshaborah@upi,1085.0,2026-08-01T08:53:00
9597122314,xmitra@upi,330.0,2026-08-28T19:59:00
9597122314,dtripathi@upi,110.0,2026-08-29T08:22:00
9597122314,chakradhar97@upi,970.0,2026-07-08T14:10:00
9597122314,muttizarna@upi,580.0,2026-07-13T20:53:00
9597122314,vasatika07@upi,595.0,2026-07-30T20:30:00
9597122314,logannaidu@upi,815.0,2026-07-13T16:30:00
9597122314,zashil00@upi,120.0,2026-07-31T04:21:00
9597122314,jagvigoel@upi,125.0,2026-08-24T09:10:00
9597122314,dhruvde@upi,1770.0,2026-07-28T08:57:00
9597122314,kevindutt@upi,305.0,2026-07-16T20:20:00
9597122314,neel66@upi,260.0,2026-08-05T12:26:00
9904220310,dadavrinda@upi,2360.0,2026-07-09T00:39:00
9904220310,murtyradhika@upi,1905.0,2026-08-21T11:12:00
9904220310,dugarbishakha@upi,535.0,2026-07-23T00:02:00
9904220310,eesha30@upi,1430.0,2026-08-24T23:47:00
9904220310,panchalzinal@upi,385.0,2026-08-20T13:41:00
9904220310,urishilla62@upi,1740.0,2026-08-03T08:41:00
9904220310,mangatdhruv@upi,440.0,2026-07-11T11:22:00
9904220310,nihalsoman@upi,400.0,2026-07-19T06:06:00
9904220310,bosexalak@upi,11230.0,2026-08-16T06:48:00
9904220310,ekaraj32@upi,410.0,2026-08-21T13:24:00
9904220310,venkateshkrishna@upi,1400.0,2026-07-24T02:48:00
9904220310,aarnajohal@upi,1075.0,2026-07-11T23:41:00
9904220310,nandini88@upi,90.0,2026-07-12T02:10:00
9904220310,mohammedsavant@upi,315.0,2026-08-10T04:29:00
9904220310,alexander71@upi,1155.0,2026-08-22T08:45:00
9904220310,raveloliver@upi,410.0,2026-07-31T09:36:00
9292869007,shansuhani@upi,280.0,2026-07-12T06:36:00
9292869007,indiraravi@upi,625.0,2026-07-03T16:35:00
9292869007,panchalzinal@upi,205.0,2026-08-05T00:15:00
9292869007,zbajwa@upi,2210.0,2026-07-07T01:21:00
9292869007,zpall@upi,455.0,2026-07-11T09:32:00
9292869007,pingleomaja@upi,180.0,2026-07-01T23:37:00
9292869007,hemallalla@upi,1015.0,2026-07-16T00:52:00
9292869007,murthyyadavi@upi,125.0,2026-07-08T09:58:00
9292869007,dhriti23@upi,350.0,2026-08-24T05:41:00
9292869007,srinivasabeer@upi,195.0,2026-07-08T04:43:00
9292869007,shaharish@upi,1750.0,2026-08-07T21:58:00
9292869007,meghanaamble@upi,915.0,2026-07-26T16:59:00
9292869007,mkota@upi,3335.0,2026-07-04T15:29:00
9292869007,jhalakperi@upi,665.0,2026-07-06T15:36:00
9527246581,tanish61@upi,2280.0,2026-07-20T07:17:00
9527246581,bhavini64@upi,1765.0,2026-08-19T16:25:00
9527246581,balasubramanianvasana@upi,640.0,2026-07-24T05:28:00
9527246581,ykapur@upi,6010.0,2026-07-24T16:23:00
9527246581,bhatttarak@upi,285.0,2026-07-15T12:06:00
9527246581,goledeepa@upi,380.0,2026-07-08T17:20:00
9527246581,yashicakapur@upi,830.0,2026-08-02T16:24:00
9527246581,nicholas33@upi,630.0,2026-08-03T20:14:00
9527246581,gardejagrati@upi,705.0,2026-07-18T11:00:00
9527246581,murtyradhika@upi,1025.0,2026-08-24T21:36:00
9527246581,ikibe@upi,100.0,2026-07-09T09:54:00
9527246581,logannaidu@upi,830.0,2026-07-16T01:26:00
9527246581,keerabha@upi,3570.0,2026-07-26T12:46:00
9527246581,wgarde@upi,1405.0,2026-08-14T21:50:00
9527246581,kala21@upi,345.0,2026-08-06T06:49:00
9527246581,tbhardwaj@upi,2005.0,2026-08-10T09:55:00
9527246581,schatterjee@upi,435.0,2026-07-16T00:58:00
9527246581,gangulyupma@upi,210.0,2026-07-29T07:17:00
9507598515,gagandey@upi,280.0,2026-08-17T09:21:00
9507598515,gagandey@upi,125.0,2026-07-16T19:18:00
9507598515,thakkarkamya@upi,285.0,2026-08-02T20:33:00
9507598515,advik18@upi,240.0,2026-07-17T22:32:00
9507598515,xgandhi@upi,1525.0,2026-07-28T07:50:00
9507598515,jalsa37@upi,900.0,2026-07-28T05:22:00
9507598515,lborde@upi,350.0,2026-07-25T02:38:00
9507598515,karan97@upi,605.0,2026-07-03T18:17:00
9507598515,facharya@upi,2070.0,2026-08-15T07:00:00
9507598515,jhalakperi@upi,1225.0,2026-08-24T20:52:00
9507598515,baljiwan69@upi,780.0,2026-08-14T13:19:00
9507598515,ikbal30@upi,265.0,2026-08-12T09:03:00
9507598515,zkhalsa@upi,420.0,2026-07-25T06:21:00
9507598515,hredhaan14@upi,1645.0,2026-08-27T11:49:00
9507598515,kadakiadayamai@upi,260.0,2026-08-11T22:34:00
9965191353,chaitanya83@upi,2255.0,2026-07-12T09:23:00
9965191353,jhalakshah@upi,145.0,2026-08-03T02:23:00
9965191353,chavvi07@upi,140.0,2026-08-30T04:11:00
9965191353,mgoyal@upi,2645.0,2026-07-08T14:32:00
9965191353,xbobal@upi,1210.0,2026-07-04T15:23:00
9965191353,aryanadig@upi,150.0,2026-08-18T05:38:00
9965191353,wsolanki@upi,580.0,2026-08-21T17:18:00
9965191353,christopher87@upi,865.0,2026-08-12T06:01:00
9965191353,nandawakeeta@upi,170.0,2026-07-04T10:12:00
9965191353,tchawla@upi,965.0,2026-08-26T01:24:00
9965191353,falankata@upi,335.0,2026-08-07T19:04:00
9965191353,kotaunni@upi,1325.0,2026-07-30T21:46:00
9965191353,guneetlata@upi,475.0,2026-08-11T03:48:00
9965191353,pahalbhavsar@upi,1125.0,2026-08-01T06:47:00
9965191353,qasim83@upi,740.0,2026-08-06T07:09:00
9508938741,surchakradhar@upi,225.0,2026-08-08T04:59:00
9508938741,ishaan67@upi,925.0,2026-08-22T14:51:00
9508938741,lnarain@upi,135.0,2026-07-14T13:06:00
9508938741,atwalrajeshri@upi,330.0,2026-08-13T18:33:00
9508938741,indiraravi@upi,1300.0,2026-07-05T06:50:00
9508938741,shroffsachi@upi,70.0,2026-07-06T20:57:00
9508938741,ranveer60@upi,760.0,2026-08-19T08:07:00
9508938741,agastya25@upi,460.0,2026-08-12T16:41:00
9508938741,hvenkataraman@upi,290.0,2026-07-06T11:00:00
9508938741,doshijeremiah@upi,240.0,2026-07-25T14:52:00
9508938741,tjha@upi,115.0,2026-08-16T16:30:00
9508938741,dnadkarni@upi,2790.0,2026-08-26T16:13:00
9508938741,osarma@upi,1690.0,2026-08-27T06:21:00
9508938741,gangulyupma@upi,530.0,2026-07-03T06:14:00
9508938741,deshpandeniharika@upi,1120.0,2026-08-26T02:01:00
9508938741,rajagopalancharles@upi,165.0,2026-07-15T01:05:00
9508938741,prakashbhanumati@upi,2935.0,2026-08-27T04:05:00
9108252674,venkateshkrishna@upi,250.0,2026-07-27T03:19:00
9108252674,ajani@upi,1280.0,2026-07-28T16:36:00
9108252674,sarkarturvi@upi,1015.0,2026-08-23T06:00:00
9108252674,qramanathan@upi,300.0,2026-07-29T00:16:00
9108252674,grewalabeer@upi,7350.0,2026-07-24T02:05:00
9108252674,doshijeremiah@upi,400.0,2026-08-16T18:07:00
9108252674,sraval@upi,1345.0,2026-08-10T18:08:00
9108252674,aarnajohal@upi,235.0,2026-08-02T23:05:00
9108252674,madansamaksh@upi,330.0,2026-07-28T21:23:00
9974289528,hsagar@upi,1785.0,2026-07-02T16:56:00
9974289528,gayathri42@upi,85.0,2026-07-05T12:02:00
9974289528,uprabhakar@upi,195.0,2026-08-19T19:46:00
9974289528,desaianusha@upi,775.0,2026-07-10T04:26:00
9974289528,yashica84@upi,205.0,2026-08-21T03:57:00
9974289528,bnaidu@upi,40.0,2026-07-01T11:31:00
9974289528,dharnathaniel@upi,1330.0,2026-08-09T04:23:00
9974289528,zvora@upi,4055.0,2026-07-19T08:53:00
9974289528,xmitra@upi,510.0,2026-07-07T14:16:00
9974289528,tanish97@upi,1970.0,2026-08-29T07:54:00
9974289528,diya84@upi,145.0,2026-08-14T10:31:00
9974289528,zbaral@upi,535.0,2026-08-15T23:25:00
9974289528,bkanda@upi,1540.0,2026-08-04T09:41:00
9974289528,wbasu@upi,355.0,2026-07-29T02:28:00
9974289528,yashasvi16@upi,325.0,2026-07-31T20:21:00
9974289528,lborde@upi,250.0,2026-07-22T02:07:00
9974289528,muttizarna@upi,485.0,2026-07-09T09:00:00
9933390585,bosexalak@upi,225.0,2026-07-14T07:05:00
9933390585,ldevi@upi,300.0,2026-08-10T13:20:00
9933390585,shankarkamala@upi,25.0,2026-08-26T03:45:00
9933390585,aggarwalgabriel@upi,510.0,2026-07-14T02:33:00
9933390585,shauryanagarajan@upi,285.0,2026-08-14T21:07:00
9933390585,bishakha20@upi,195.0,2026-07-17T06:42:00
9933390585,balvan90@upi,775.0,2026-07-09T00:04:00
9933390585,wyatt76@upi,2865.0,2026-08-12T20:15:00
9933390585,xsachar@upi,405.0,2026-07-19T12:48:00
9933390585,ganga23@upi,460.0,2026-08-11T21:18:00
9933390585,logannaidu@upi,1765.0,2026-08-09T21:59:00
9933390585,jnarasimhan@upi,425.0,2026-08-05T06:16:00
9933390585,jalsa37@upi,610.0,2026-08-26T08:01:00
9933390585,kiaan93@upi,565.0,2026-08-26T17:17:00
9933390585,bhavinimurthy@upi,1955.0,2026-08-17T08:06:00
9933390585,advay80@upi,350.0,2026-07-26T12:07:00
9476572146,khannabalveer@upi,190.0,2026-07-17T04:17:00
9476572146,janya19@upi,1280.0,2026-07-06T02:29:00
9476572146,xsachar@upi,415.0,2026-08-23T02:22:00
9476572146,zmajumdar@upi,415.0,2026-08-12T07:17:00
9476572146,eesharege@upi,355.0,2026-08-18T09:20:00
9476572146,ykapur@upi,130.0,2026-08-18T12:42:00
9476572146,warhi15@upi,275.0,2026-08-21T10:31:00
9476572146,rayaan02@upi,340.0,2026-07-07T00:49:00
9476572146,rpathak@upi,6715.0,2026-07-08T06:35:00
9476572146,tbaral@upi,330.0,2026-08-14T02:34:00
9476572146,ladanthony@upi,16370.0,2026-08-29T22:10:00
9476572146,bamble@upi,125.0,2026-08-16T22:15:00
9476572146,ansh85@upi,485.0,2026-07-19T03:30:00
9476572146,singhudant@upi,485.0,2026-08-24T18:34:00
9462451088,fsibal@upi,1825.0,2026-07-21T04:39:00
9462451088,sekhonrachita@upi,180.0,2026-07-29T17:41:00
9462451088,munizehaan@upi,195.0,2026-07-04T22:50:00
9462451088,brinda27@upi,1105.0,2026-07-04T13:49:00
9462451088,brarelijah@upi,635.0,2026-07-06T03:24:00
9462451088,vsehgal@upi,550.0,2026-08-15T01:09:00
9462451088,chokshiekaja@upi,695.0,2026-07-02T02:29:00
9462451088,dhritiatwal@upi,350.0,2026-07-09T05:28:00
9462451088,dtripathi@upi,960.0,2026-08-17T00:24:00
9462451088,tbaral@upi,715.0,2026-07-24T15:09:00
9462451088,guneetlata@upi,150.0,2026-08-02T13:36:00
9260628721,jai68@upi,90.0,2026-07-30T10:42:00
9260628721,patrickkuruvilla@upi,400.0,2026-07-21T08:44:00
9260628721,dhawanbishakha@upi,415.0,2026-08-18T05:39:00
9260628721,sulegunbir@upi,1185.0,2026-07-29T21:27:00
9260628721,khannabalveer@upi,170.0,2026-07-11T14:19:00
9260628721,lghose@upi,480.0,2026-08-13T07:24:00
9260628721,wseshadri@upi,690.0,2026-07-05T08:18:00
9260628721,modyadvika@upi,760.0,2026-08-15T03:15:00
9260628721,aayush88@upi,400.0,2026-08-20T19:58:00
9260628721,rbadami@upi,3325.0,2026-08-06T22:38:00
9260628721,tanish35@upi,50.0,2026-07-29T13:03:00
9260628721,patelshivansh@upi,530.0,2026-08-29T05:50:00
9063565541,abhiram75@upi,145.0,2026-08-07T21:06:00
9063565541,abhiram75@upi,655.0,2026-07-27T04:01:00
9063565541,parmeraahana@upi,2590.0,2026-07-17T11:49:00
9063565541,osarma@upi,265.0,2026-07-05T17:52:00
9063565541,yashicarastogi@upi,1460.0,2026-08-27T18:54:00
9063565541,ramachandranvasana@upi,1370.0,2026-08-11T19:19:00
9063565541,rsarma@upi,430.0,2026-08-26T13:46:00
9108870955,atwalrajeshri@upi,3900.0,2026-07-02T02:55:00
9108870955,mgoyal@upi,715.0,2026-08-30T00:42:00
9108870955,rnath@upi,4950.0,2026-08-19T03:43:00
9108870955,braranamika@upi,915.0,2026-07-29T17:40:00
9108870955,forum60@upi,750.0,2026-07-20T12:15:00
9108870955,sai41@upi,75.0,2026-08-02T00:21:00
9108870955,gagandey@upi,415.0,2026-08-27T22:26:00
9108870955,xmukhopadhyay@upi,1305.0,2026-08-10T06:03:00
9108870955,vigjairaj@upi,860.0,2026-08-20T15:48:00
9108870955,wbasu@upi,340.0,2026-08-18T22:46:00
9108870955,gardedipta@upi,625.0,2026-08-17T06:01:00
9108870955,nandaaryan@upi,460.0,2026-07-11T07:24:00
9108870955,iyerojasvi@upi,350.0,2026-08-22T13:06:00
9108870955,shroffsachi@upi,90.0,2026-08-28T14:12:00
9108870955,osagar@upi,495.0,2026-08-11T20:33:00
9108870955,ladanthony@upi,355.0,2026-07-28T23:32:00
9108870955,aptemohammed@upi,730.0,2026-07-13T10:07:00
9108870955,gbansal@upi,315.0,2026-08-24T19:39:00
9983142650,ganesanhitesh@upi,560.0,2026-07-13T01:16:00
9983142650,wablefaqid@upi,2545.0,2026-07-18T07:53:00
9983142650,chadwarinder@upi,275.0,2026-08-18T16:07:00
9983142650,kkrishnamurthy@upi,205.0,2026-08-26T12:48:00
9983142650,ahujaazaan@upi,1755.0,2026-07-29T18:18:00
9983142650,baghyawatikar@upi,1205.0,2026-07-26T15:02:00
9983142650,qganesan@upi,3745.0,2026-08-10T01:42:00
9983142650,yashica84@upi,2030.0,2026-08-22T23:04:00
9983142650,zbajwa@upi,300.0,2026-07-14T05:28:00
9983142650,comarridhi@upi,1210.0,2026-07-24T15:39:00
9983142650,jatin98@upi,2985.0,2026-08-15T18:28:00
9983142650,pavanikhanna@upi,2730.0,2026-07-26T21:16:00
9983142650,gardedipta@upi,235.0,2026-07-18T18:53:00
9983142650,vasatikazachariah@upi,570.0,2026-07-13T20:43:00
9983142650,rayaan02@upi,1040.0,2026-07-22T15:05:00
9432465738,pahalbhavsar@upi,140.0,2026-07-26T06:00:00
9432465738,vasatika07@upi,1275.0,2026-08-10T08:15:00
9432465738,nakul15@upi,1380.0,2026-08-19T05:23:00
9432465738,vigjairaj@upi,795.0,2026-07-21T19:35:00
9432465738,dhruv18@upi,750.0,2026-07-12T19:16:00
9432465738,vbhatnagar@upi,495.0,2026-07-05T13:39:00
9432465738,nandawakeeta@upi,550.0,2026-07-04T02:21:00
9432465738,choudharysaanvi@upi,6225.0,2026-08-26T18:55:00
9432465738,kala21@upi,180.0,2026-07-31T20:41:00
9432465738,henrymenon@upi,110.0,2026-07-23T06:58:00
9432465738,riya01@upi,1200.0,2026-07-18T06:58:00
9432465738,dhawannicholas@upi,165.0,2026-07-03T11:15:00
9432465738,eranganathan@upi,515.0,2026-08-12T05:48:00
9432465738,ikapoor@upi,960.0,2026-08-09T02:17:00
9432465738,krishmishra@upi,590.0,2026-08-14T11:46:00
9955420533,nachiket67@upi,890.0,2026-08-08T14:41:00
9955420533,saumya98@upi,680.0,2026-07-17T14:59:00
9955420533,deshpandeniharika@upi,1190.0,2026-08-05T06:16:00
9955420533,mangatdhruv@upi,385.0,2026-08-29T22:29:00
9955420533,charvi52@upi,1205.0,2026-07-30T00:15:00
9955420533,waida57@upi,7025.0,2026-08-13T04:02:00
9955420533,tparmar@upi,500.0,2026-08-28T16:48:00
9955420533,ramachandranvasana@upi,2640.0,2026-07-11T16:01:00
9955420533,dadavrinda@upi,410.0,2026-08-12T21:46:00
9213633365,samraarunima@upi,585.0,2026-08-08T11:27:00
9213633365,harshdube@upi,340.0,2026-08-07T05:03:00
9213633365,iyerojasvi@upi,2035.0,2026-07-18T21:00:00
9213633365,wsami@upi,1225.0,2026-07-14T21:05:00
9213633365,sai41@upi,1460.0,2026-08-13T02:41:00
9213633365,ishita92@upi,220.0,2026-07-25T20:13:00
9213633365,venkateshkrishna@upi,580.0,2026-08-12T16:50:00
9213633365,udarshsinghal@upi,1775.0,2026-07-17T06:07:00
9213633365,bhatttarak@upi,995.0,2026-08-12T03:07:00
9213633365,fbiswas@upi,835.0,2026-07-31T17:23:00
9213633365,chakrabartisamarth@upi,1170.0,2026-07-02T08:37:00
9213633365,ldara@upi,2085.0,2026-08-05T19:34:00
9213633365,agastya25@upi,450.0,2026-07-25T09:01:00
9213633365,adya21@upi,4760.0,2026-07-07T03:39:00
9257114068,esrinivasan@upi,395.0,2026-07-09T11:26:00
9257114068,guhaurishilla@upi,4610.0,2026-07-07T11:38:00
9257114068,wsundaram@upi,105.0,2026-07-13T22:26:00
9257114068,shivanibanik@upi,505.0,2026-07-27T10:10:00
9257114068,waida55@upi,2465.0,2026-07-03T15:53:00
9257114068,upkaar31@upi,870.0,2026-07-05T19:48:00
9257114068,parmeraahana@upi,1260.0,2026-08-27T19:58:00
9257114068,wsolanki@upi,1250.0,2026-08-02T17:54:00
9257114068,krishmishra@upi,80.0,2026-08-29T15:05:00
9257114068,rakshaborah@upi,230.0,2026-08-18T12:44:00
9257114068,zdixit@upi,340.0,2026-08-18T13:07:00
9257114068,xraman@upi,280.0,2026-07-02T05:04:00
9988913278,guhaurishilla@upi,985.0,2026-07-22T23:53:00
9988913278,balvan95@upi,430.0,2026-07-12T04:06:00
9988913278,hmuni@upi,615.0,2026-07-18T05:27:00
9988913278,avni81@upi,735.0,2026-08-08T14:51:00
9988913278,igupta@upi,440.0,2026-08-11T20:46:00
9988913278,kotaunni@upi,370.0,2026-08-11T19:57:00
9988913278,chaitanya83@upi,825.0,2026-08-19T02:41:00
9988913278,turvi76@upi,835.0,2026-08-05T04:49:00
9988913278,pbir@upi,580.0,2026-08-08T22:31:00
9988913278,shroffosha@upi,435.0,2026-07-15T18:22:00
9925397865,anaybassi@upi,2105.0,2026-08-26T17:58:00
9925397865,jatin98@upi,345.0,2026-07-12T03:50:00
9925397865,daveazaan@upi,290.0,2026-08-09T18:22:00
9925397865,vasahenry@upi,575.0,2026-07-03T03:44:00
9925397865,achahal@upi,560.0,2026-08-14T19:51:00
9925397865,igarg@upi,95.0,2026-08-17T08:34:00
9925397865,meghanakapur@upi,185.0,2026-07-13T00:13:00
9925397865,yaminirout@upi,385.0,2026-07-03T08:32:00
9925397865,dayamai85@upi,690.0,2026-07-14T17:24:00
9925397865,dayamai85@upi,130.0,2026-07-02T17:40:00
9925397865,urmigoswami@upi,240.0,2026-08-06T16:19:00
9925397865,logan71@upi,685.0,2026-08-29T16:47:00
9925397865,bishakha20@upi,1405.0,2026-08-18T23:20:00
9925397865,cheriannikita@upi,1295.0,2026-08-14T14:25:00
9925397865,qsinghal@upi,175.0,2026-07-15T22:07:00
9925397865,shaharish@upi,800.0,2026-07-14T04:20:00
9925397865,chandanigade@upi,405.0,2026-08-28T09:27:00
9925397865,grewalabeer@upi,235.0,2026-07-21T11:05:00
9925397865,jnagar@upi,700.0,2026-07-19T16:43:00
9704583586,dhruvde@upi,315.0,2026-07-26T08:58:00
9704583586,dnadkarni@upi,540.0,2026-07-29T09:55:00
9704583586,vyanjanabuch@upi,175.0,2026-08-20T22:03:00
9704583586,gabrieltak@upi,540.0,2026-08-23T05:08:00
9704583586,subramaniantheodore@upi,1520.0,2026-08-13T05:59:00
9704583586,chandanigade@upi,570.0,2026-07-13T22:11:00
9704583586,yaminibhatnagar@upi,175.0,2026-08-08T11:54:00
9704583586,bajwamitali@upi,370.0,2026-08-02T03:24:00
9704583586,tchawla@upi,400.0,2026-08-26T05:56:00
9704583586,qedwin@upi,755.0,2026-07-13T01:46:00
9704583586,rgulati@upi,130.0,2026-08-14T21:00:00
9704583586,bhatttarak@upi,480.0,2026-07-09T03:37:00
9353907400,dhruv18@upi,1030.0,2026-08-13T04:18:00
9353907400,tanish97@upi,2475.0,2026-07-04T10:41:00
9353907400,nyohannan@upi,1180.0,2026-07-03T22:08:00
9353907400,chakradharvarkey@upi,350.0,2026-08-15T02:01:00
9353907400,jatin98@upi,2035.0,2026-07-13T10:30:00
9353907400,anaybassi@upi,425.0,2026-07-10T01:35:00
9353907400,ganesanhitesh@upi,235.0,2026-07-03T14:36:00
9353907400,ranveer60@upi,760.0,2026-08-16T18:14:00
9353907400,qabil75@upi,1250.0,2026-08-15T02:15:00
9353907400,vasahenry@upi,300.0,2026-08-01T03:50:00
9353907400,balakrishnanyamini@upi,1220.0,2026-07-03T19:27:00
9353907400,meghanakapur@upi,850.0,2026-08-27T16:30:00
9353907400,zashil00@upi,505.0,2026-07-22T06:39:00
9353907400,mkota@upi,355.0,2026-08-21T05:39:00
9353907400,mayasuri@upi,580.0,2026-07-03T08:44:00
9353907400,karanlibni@upi,390.0,2026-07-30T20:30:00
9353907400,wvarty@upi,340.0,2026-07-19T10:17:00
9651614051,prege@upi,530.0,2026-07-11T23:04:00
9651614051,christopher87@upi,250.0,2026-08-05T05:59:00
9651614051,subramaniantheodore@upi,130.0,2026-08-12T10:05:00
9651614051,riasuresh@upi,435.0,2026-07-27T00:22:00
9651614051,vsehgal@upi,565.0,2026-07-24T04:40:00
9651614051,qramanathan@upi,170.0,2026-08-24T21:49:00
9651614051,waida55@upi,1435.0,2026-08-13T17:32:00
9651614051,rajagopalnisha@upi,2625.0,2026-07-01T16:54:00
9651614051,tjha@upi,585.0,2026-07-04T01:09:00
9651614051,kkrishnamurthy@upi,185.0,2026-07-31T02:44:00
9651614051,wyatt76@upi,840.0,2026-08-18T00:49:00
9651614051,yoshitabatra@upi,820.0,2026-08-29T09:18:00
9651614051,chaitanya83@upi,680.0,2026-08-07T18:01:00
9651614051,chakradharvarkey@upi,465.0,2026-08-12T23:25:00
9651614051,ambleliam@upi,720.0,2026-08-14T03:28:00
9651614051,comarridhi@upi,275.0,2026-08-25T20:50:00
9651614051,upkaarpingle@upi,425.0,2026-08-13T06:54:00
9651614051,zilmilvala@upi,1780.0,2026-07-20T02:11:00
9373613848,samraarunima@upi,310.0,2026-07-12T19:33:00
9373613848,ucchalganesh@upi,1430.0,2026-07-03T20:02:00
9373613848,nnarayan@upi,2395.0,2026-07-04T22:23:00
9373613848,anjalikara@upi,250.0,2026-08-18T18:13:00
9373613848,kkata@upi,1790.0,2026-07-01T21:35:00
9373613848,eesha58@upi,1760.0,2026-07-13T05:27:00
9373613848,rmadan@upi,325.0,2026-08-28T20:59:00
9373613848,raksha64@upi,245.0,2026-08-30T03:07:00
9373613848,matthewlata@upi,170.0,2026-08-17T01:21:00
9373613848,reyanshmenon@upi,130.0,2026-08-23T08:32:00
9373613848,widisharamaswamy@upi,695.0,2026-08-09T15:15:00
9373613848,umang57@upi,1165.0,2026-07-09T00:15:00
9373613848,lokeyochana@upi,200.0,2026-08-11T19:23:00
9373613848,kuruvillaisaiah@upi,245.0,2026-08-18T00:31:00
9373613848,krishnadin@upi,230.0,2026-08-17T06:54:00
9562254266,singhaashi@upi,580.0,2026-08-06T12:09:00
9562254266,gadejairaj@upi,1055.0,2026-08-24T22:34:00
9562254266,onkar82@upi,640.0,2026-07-28T02:38:00
9562254266,yashicarastogi@upi,1170.0,2026-08-21T13:37:00
9562254266,zkhalsa@upi,200.0,2026-07-03T03:21:00
9562254266,chakradharvarkey@upi,565.0,2026-07-29T06:09:00
9562254266,saumya98@upi,1150.0,2026-08-17T19:17:00
9562254266,banjeet07@upi,270.0,2026-07-05T12:03:00
9562254266,gganguly@upi,725.0,2026-07-03T17:19:00
9562254266,chaaya64@upi,1630.0,2026-08-12T23:40:00
9562254266,raghav60@upi,895.0,2026-07-07T16:18:00
9562254266,panchalzinal@upi,530.0,2026-08-19T17:47:00
9129555777,widisha49@upi,4415.0,2026-07-05T18:55:00
9129555777,jeremiahmemon@upi,880.0,2026-08-10T17:17:00
9129555777,tamanna27@upi,270.0,2026-08-18T22:51:00
9129555777,qabil75@upi,215.0,2026-08-15T18:40:00
9129555777,omkaarsundaram@upi,445.0,2026-07-14T13:21:00
9129555777,dattabhavna@upi,430.0,2026-07-29T16:02:00
9129555777,yatin82@upi,85.0,2026-07-04T09:41:00
9129555777,ndasgupta@upi,1685.0,2026-07-09T23:28:00
9129555777,abhiram75@upi,475.0,2026-08-26T00:15:00
9129555777,girishdeshpande@upi,1845.0,2026-08-26T00:54:00
9129555777,yvarty@upi,840.0,2026-08-27T10:43:00
9129555777,rsarma@upi,230.0,2026-07-02T15:31:00
9129555777,gganguly@upi,5645.0,2026-07-04T23:14:00
9343646379,jagvigoel@upi,2970.0,2026-08-15T01:04:00
9343646379,rpathak@upi,35.0,2026-07-04T06:15:00
9343646379,uloke@upi,160.0,2026-08-05T22:58:00
9343646379,abhiram24@upi,3125.0,2026-07-03T03:24:00
9343646379,niharikabhat@upi,75.0,2026-07-16T19:19:00
9343646379,achahal@upi,145.0,2026-07-16T22:19:00
9343646379,achahal@upi,3245.0,2026-07-11T22:47:00
9343646379,anmolthaker@upi,485.0,2026-08-29T16:56:00
9343646379,keerabha@upi,2770.0,2026-08-18T23:35:00
9343646379,zdixit@upi,400.0,2026-08-11T16:45:00
9343646379,jnarasimhan@upi,135.0,2026-07-14T06:56:00
9343646379,yatan39@upi,380.0,2026-08-07T01:36:00
9343646379,pingleforum@upi,1420.0,2026-07-23T03:16:00
9343646379,ansh85@upi,620.0,2026-08-19T11:18:00
9343646379,vaidyalogan@upi,410.0,2026-07-30T17:32:00
9736840619,saranzansi@upi,775.0,2026-08-22T14:33:00
9736840619,ykapur@upi,615.0,2026-08-01T12:40:00
9736840619,urishilla62@upi,305.0,2026-08-29T22:57:00
9736840619,ganga23@upi,225.0,2026-07-19T08:07:00
9736840619,vsane@upi,475.0,2026-07-28T06:06:00
9328742878,eesha58@upi,175.0,2026-08-28T03:54:00
9328742878,shauryanagarajan@upi,1070.0,2026-08-02T10:24:00
9328742878,nitara56@upi,795.0,2026-08-01T15:49:00
9328742878,tbhardwaj@upi,170.0,2026-07-13T11:44:00
9328742878,shroffsachi@upi,870.0,2026-07-09T17:00:00
9328742878,gardebalveer@upi,570.0,2026-07-23T02:08:00
9328742878,wbasu@upi,565.0,2026-07-11T07:38:00
9328742878,bimala77@upi,5950.0,2026-07-16T16:51:00
9328742878,hparmar@upi,545.0,2026-07-11T18:54:00
9328742878,gayathri23@upi,450.0,2026-07-16T05:06:00
9328742878,amolpal@upi,630.0,2026-08-13T11:32:00
9328742878,qramanathan@upi,325.0,2026-08-19T09:07:00
9688853201,chanakyabala@upi,1250.0,2026-08-16T05:18:00
9688853201,riasuresh@upi,565.0,2026-08-29T15:30:00
9688853201,dharnathaniel@upi,195.0,2026-07-16T16:06:00
9688853201,jyoti18@upi,265.0,2026-08-30T08:25:00
9688853201,pahalbhavsar@upi,1295.0,2026-07-30T19:01:00
9688853201,pavanikhanna@upi,675.0,2026-07-28T07:59:00
9688853201,bnaidu@upi,90.0,2026-08-17T14:46:00
9688853201,wmannan@upi,390.0,2026-08-04T05:27:00
9404914720,vamakshi87@upi,235.0,2026-08-17T17:58:00
9404914720,falan01@upi,680.0,2026-07-26T02:33:00
9404914720,qsinghal@upi,2145.0,2026-08-13T10:35:00
9404914720,kadejalsa@upi,715.0,2026-08-14T01:44:00
9404914720,chandanigade@upi,520.0,2026-07-13T19:33:00
9404914720,wsami@upi,945.0,2026-08-18T23:00:00
9404914720,smital@upi,265.0,2026-07-20T00:35:00
9404914720,niharikabhat@upi,570.0,2026-07-12T19:21:00
9404914720,saide@upi,130.0,2026-08-27T05:11:00
9404914720,zvora@upi,1040.0,2026-08-12T16:34:00
9404914720,xbobal@upi,480.0,2026-08-15T10:21:00
9404914720,madansamaksh@upi,210.0,2026-07-28T01:18:00
9404914720,dhawannicholas@upi,75.0,2026-07-11T20:25:00
9563850020,jeremiahmemon@upi,580.0,2026-08-19T02:13:00
9563850020,ijaya67@upi,1245.0,2026-07-20T16:00:00
9563850020,balansai@upi,960.0,2026-08-08T21:58:00
9563850020,ndasgupta@upi,485.0,2026-08-02T01:48:00
9563850020,maanavsubramaniam@upi,900.0,2026-08-01T21:24:00
9563850020,hredhaan48@upi,230.0,2026-07-31T02:18:00
9563850020,dipta37@upi,1280.0,2026-07-18T05:20:00
9438228471,krishnadin@upi,2240.0,2026-07-06T15:18:00
9438228471,chavvi07@upi,210.0,2026-07-21T23:16:00
9438228471,dharnathaniel@upi,1035.0,2026-08-05T14:16:00
9438228471,bajwamitali@upi,480.0,2026-08-22T07:24:00
9438228471,wsami@upi,560.0,2026-08-10T19:36:00
9438228471,forumdalia@upi,215.0,2026-08-04T12:27:00
9438228471,gaurichaudhuri@upi,210.0,2026-07-09T18:40:00
9438228471,gganguly@upi,885.0,2026-07-14T21:04:00
9438228471,ladanthony@upi,90.0,2026-07-25T02:01:00
9438228471,nihalsoman@upi,530.0,2026-07-20T19:37:00
9438228471,esrinivasan@upi,1490.0,2026-07-25T00:46:00
9438228471,atwalrajeshri@upi,245.0,2026-07-08T00:13:00
9438228471,ahujaazaan@upi,300.0,2026-08-02T19:03:00
9438228471,pingleforum@upi,340.0,2026-08-28T23:14:00
9438228471,kkata@upi,1255.0,2026-08-24T20:26:00
9809362966,keerabha@upi,1210.0,2026-08-26T10:34:00
9809362966,wseshadri@upi,160.0,2026-08-26T20:52:00
9809362966,grewalabeer@upi,1140.0,2026-07-06T01:49:00
9809362966,patelshivansh@upi,1385.0,2026-08-29T06:03:00
9809362966,henrymenon@upi,645.0,2026-08-28T23:11:00
9809362966,luke99@upi,1290.0,2026-08-27T22:29:00
9809362966,gautam72@upi,780.0,2026-08-23T22:58:00
9809362966,zbaral@upi,45.0,2026-07-18T10:23:00
9809362966,nihalsoman@upi,465.0,2026-07-23T03:12:00
9809362966,chaaya64@upi,695.0,2026-08-12T19:44:00
9809362966,harrison85@upi,270.0,2026-07-01T15:03:00
9809362966,wmannan@upi,605.0,2026-07-26T13:37:00
9809362966,prege@upi,5200.0,2026-08-29T09:57:00
9809362966,charvi52@upi,1490.0,2026-08-08T23:45:00
9809362966,vasatikazachariah@upi,760.0,2026-08-17T16:46:00
9809362966,dhawanbishakha@upi,175.0,2026-08-01T02:52:00
9809362966,hpatel@upi,225.0,2026-07-14T01:04:00
9853795114,jai68@upi,120.0,2026-07-20T16:40:00
9853795114,yahvitailor@upi,1085.0,2026-07-05T04:28:00
9853795114,parmeraahana@upi,120.0,2026-07-04T17:24:00
9853795114,shroffsachi@upi,150.0,2026-07-29T22:44:00
9853795114,mannanryan@upi,2150.0,2026-08-09T06:48:00
9853795114,umang57@upi,2300.0,2026-07-06T20:57:00
9853795114,abhiramvig@upi,1665.0,2026-08-26T17:09:00
9853795114,kadejalsa@upi,425.0,2026-07-11T17:29:00
9853795114,karanlibni@upi,200.0,2026-08-20T06:11:00
9853795114,chokshiekaja@upi,5230.0,2026-07-17T00:53:00
9853795114,asinghal@upi,840.0,2026-08-28T16:39:00
9853795114,chadwarinder@upi,155.0,2026-08-26T11:18:00
9853795114,nyohannan@upi,430.0,2026-07-18T02:01:00
9853795114,anshpal@upi,145.0,2026-08-02T14:29:00
9853795114,wseshadri@upi,1570.0,2026-08-19T04:01:00
9853795114,tchawla@upi,970.0,2026-07-16T12:06:00
9853795114,rajagopalanvi@upi,855.0,2026-07-07T12:10:00
9853795114,zdixit@upi,5130.0,2026-08-16T18:36:00
9853795114,pavanikhanna@upi,1210.0,2026-08-28T23:39:00
9853795114,kevinraja@upi,445.0,2026-08-18T12:06:00
9636952352,alexander71@upi,165.0,2026-08-23T05:39:00
9636952352,udarshdhillon@upi,6665.0,2026-07-01T17:03:00
9636952352,sratti@upi,370.0,2026-08-02T14:23:00
9636952352,sundernitara@upi,625.0,2026-07-07T02:14:00
9636952352,jhalakshah@upi,240.0,2026-08-16T20:07:00
9636952352,tanish61@upi,455.0,2026-08-12T23:08:00
9636952352,wmannan@upi,490.0,2026-08-28T10:38:00
9636952352,chandguneet@upi,550.0,2026-07-24T17:57:00
9636952352,raveloliver@upi,340.0,2026-08-06T20:03:00
9636952352,neel90@upi,140.0,2026-08-09T09:17:00
9636952352,deoldevansh@upi,585.0,2026-07-19T17:02:00
9636952352,nmandal@upi,1110.0,2026-08-08T08:55:00
9636952352,kiaan93@upi,685.0,2026-07-03T19:51:00
9323048675,tripathifrederick@upi,120.0,2026-08-05T10:03:00
9323048675,wvarty@upi,865.0,2026-08-12T17:11:00
9323048675,ansh85@upi,960.0,2026-07-19T12:22:00
9323048675,ikbal30@upi,755.0,2026-07-08T11:42:00
9323048675,zvora@upi,900.0,2026-07-19T15:34:00
9323048675,harshdube@upi,1015.0,2026-08-25T07:19:00
9323048675,raksha64@upi,850.0,2026-08-12T23:27:00
9323048675,kmangat@upi,1210.0,2026-08-20T02:50:00
9323048675,vasahenry@upi,810.0,2026-07-22T06:32:00
9323048675,sudiksha13@upi,695.0,2026-08-03T12:22:00
9323048675,devika50@upi,1955.0,2026-07-29T03:27:00
9323048675,wablefaqid@upi,2595.0,2026-07-17T01:47:00
9090925546,ikibe@upi,3130.0,2026-08-17T21:40:00
9090925546,pingleomaja@upi,1275.0,2026-07-23T00:57:00
9090925546,wsami@upi,945.0,2026-07-14T19:02:00
9090925546,umang57@upi,310.0,2026-08-18T22:52:00
9090925546,vaishnavitara@upi,630.0,2026-07-24T08:03:00
9090925546,daniel61@upi,740.0,2026-08-27T00:14:00
9090925546,kala21@upi,2045.0,2026-07-17T07:13:00
9090925546,jnarasimhan@upi,390.0,2026-08-02T20:45:00
9090925546,gaurichaudhuri@upi,1750.0,2026-07-01T10:50:00
9090925546,paiamara@upi,2600.0,2026-07-20T04:16:00
9090925546,rpathak@upi,435.0,2026-07-10T03:53:00
9090925546,karanlibni@upi,350.0,2026-08-09T08:14:00
9837704899,aamble@upi,2910.0,2026-07-04T01:26:00
9837704899,dadavrinda@upi,385.0,2026-08-07T03:03:00
9837704899,khannaekani@upi,745.0,2026-07-01T20:36:00
9837704899,bimala77@upi,1060.0,2026-08-03T04:44:00
9837704899,kevinhora@upi,135.0,2026-08-14T17:11:00
9837704899,uloke@upi,3205.0,2026-07-10T03:27:00
9837704899,baghyawatikar@upi,550.0,2026-07-24T15:38:00
9837704899,gollatejas@upi,120.0,2026-08-10T20:23:00
9837704899,zachariachasmum@upi,835.0,2026-07-25T12:45:00
9837704899,eganesh@upi,4000.0,2026-08-24T10:03:00
9837704899,warhi15@upi,445.0,2026-08-06T18:41:00
9837704899,girishwali@upi,7170.0,2026-07-08T02:20:00
9837704899,prasadpratyush@upi,1660.0,2026-07-08T20:45:00
9837704899,khoslahemal@upi,2355.0,2026-08-02T23:24:00
9837704899,khoslahemal@upi,4670.0,2026-07-04T20:12:00
9837704899,raghav60@upi,780.0,2026-07-09T07:58:00
9331760225,eranganathan@upi,650.0,2026-07-17T04:35:00
9331760225,gbansal@upi,4315.0,2026-08-02T14:35:00
9331760225,bajwamitali@upi,500.0,2026-08-20T16:23:00
9331760225,mukhopadhyayjack@upi,370.0,2026-08-08T21:00:00
9331760225,nazarethdamini@upi,2710.0,2026-07-22T06:55:00
9331760225,kala21@upi,825.0,2026-08-08T07:11:00
9331760225,sanayadara@upi,565.0,2026-07-05T13:59:00
9331760225,balvan95@upi,1960.0,2026-07-11T18:51:00
9789162925,umang57@upi,200.0,2026-07-08T22:06:00
9789162925,garderiya@upi,25.0,2026-08-04T20:12:00
9789162925,radhakrishnanrachit@upi,665.0,2026-08-12T02:59:00
9789162925,schatterjee@upi,555.0,2026-07-19T23:16:00
9789162925,banerjeerayaan@upi,655.0,2026-08-24T06:22:00
9789162925,lnarain@upi,385.0,2026-08-25T10:32:00
9789162925,krishnadin@upi,2320.0,2026-08-11T03:52:00
9789162925,tanish35@upi,255.0,2026-07-21T05:29:00
9789162925,karanlibni@upi,2420.0,2026-07-19T01:01:00
9789162925,smital@upi,245.0,2026-08-08T05:25:00
9789162925,yashicakapur@upi,825.0,2026-08-09T03:36:00
9789162925,guhaurishilla@upi,1075.0,2026-07-17T06:00:00
9789162925,ksolanki@upi,295.0,2026-08-02T01:55:00
9789162925,bishakha20@upi,180.0,2026-07-11T03:53:00
9789162925,ssaxena@upi,85.0,2026-07-28T19:59:00
9573060504,yauvani39@upi,260.0,2026-07-14T03:55:00
9573060504,brarelijah@upi,3115.0,2026-07-07T06:30:00
9573060504,qushikamdar@upi,585.0,2026-07-24T13:46:00
9573060504,bhavna58@upi,125.0,2026-08-16T01:01:00
9573060504,niharikabhat@upi,355.0,2026-08-11T00:14:00
9573060504,ijaya67@upi,135.0,2026-08-21T03:19:00
9573060504,gangulyupma@upi,635.0,2026-07-27T17:45:00
9573060504,mkari@upi,220.0,2026-07-30T15:43:00
9573060504,osidhu@upi,1160.0,2026-07-16T06:08:00
9573060504,modyfalguni@upi,695.0,2026-08-24T02:14:00
9573060504,choudharysaanvi@upi,1015.0,2026-07-17T18:39:00
9573060504,warinder89@upi,260.0,2026-08-20T00:05:00
9573060504,drai@upi,6785.0,2026-08-12T16:38:00
9573060504,esrinivasan@upi,1250.0,2026-08-24T07:19:00
9573060504,guhaurishilla@upi,1000.0,2026-07-03T19:39:00
9089204157,kapurayaan@upi,1090.0,2026-08-23T13:47:00
9089204157,gardejagrati@upi,595.0,2026-08-20T23:04:00
9089204157,kamdarosha@upi,4640.0,2026-07-12T12:03:00
9089204157,aryanadig@upi,285.0,2026-08-10T17:13:00
9089204157,vaishnavitara@upi,1970.0,2026-08-27T15:03:00
9089204157,forumdalia@upi,310.0,2026-08-17T18:42:00
9089204157,yashawini25@upi,195.0,2026-07-26T22:32:00
9089204157,ektachand@upi,2820.0,2026-07-20T15:28:00
9089204157,munizehaan@upi,9745.0,2026-08-08T13:40:00
9089204157,anshpal@upi,1445.0,2026-08-05T12:44:00
9089204157,priyanatt@upi,780.0,2026-08-21T04:13:00
9089204157,ssamra@upi,1030.0,2026-07-08T12:33:00
9971996767,vyanjanabuch@upi,600.0,2026-08-03T19:03:00
9971996767,venkateshkrishna@upi,130.0,2026-07-27T19:53:00
9971996767,kamdarosha@upi,165.0,2026-07-29T07:54:00
9971996767,brinda27@upi,2100.0,2026-07-21T01:53:00
9971996767,gbose@upi,795.0,2026-07-14T12:49:00
9971996767,yashicakapur@upi,385.0,2026-08-28T06:13:00
9971996767,janinisha@upi,1475.0,2026-07-27T15:37:00
9971996767,christopher87@upi,130.0,2026-07-25T08:06:00
9971996767,mekhala18@upi,205.0,2026-07-29T09:04:00
9971996767,parikhucchal@upi,240.0,2026-07-13T19:14:00
9971996767,hpatel@upi,210.0,2026-08-15T16:21:00
9971996767,kevinraja@upi,1595.0,2026-07-27T18:48:00
9971996767,vbhatnagar@upi,1590.0,2026-08-25T13:08:00
9971996767,baghyawatikar@upi,1075.0,2026-07-08T00:51:00
9971996767,jonathankhare@upi,80.0,2026-08-24T10:47:00
9971996767,daveazaan@upi,585.0,2026-07-31T22:58:00
9971996767,zashil00@upi,620.0,2026-08-03T03:57:00
9971996767,tanish61@upi,290.0,2026-08-24T19:05:00
9971996767,gardebalveer@upi,1280.0,2026-07-08T19:15:00
9048184584,unnatiwagle@upi,175.0,2026-07-14T22:49:00
9048184584,khoslaaditya@upi,215.0,2026-07-29T05:17:00
9048184584,doshijeremiah@upi,160.0,2026-07-05T11:28:00
9048184584,ikaul@upi,5880.0,2026-08-03T20:44:00
9048184584,dhawanbishakha@upi,2450.0,2026-07-07T19:26:00
9048184584,bhatttarak@upi,1375.0,2026-08-01T06:21:00
9048184584,schander@upi,295.0,2026-08-03T20:34:00
9048184584,ssamra@upi,200.0,2026-07-28T15:54:00
9048184584,garariya@upi,2525.0,2026-07-20T07:56:00
9048184584,memonisaiah@upi,380.0,2026-07-01T09:15:00
9048184584,karanlibni@upi,485.0,2026-08-19T14:36:00
9525089424,nattshaurya@upi,775.0,2026-07-24T16:44:00
9525089424,amaira65@upi,190.0,2026-07-31T07:48:00
9525089424,kevindutt@upi,240.0,2026-07-05T04:15:00
9525089424,mannanryan@upi,2035.0,2026-07-20T05:13:00
9525089424,ocherian@upi,265.0,2026-08-04T21:57:00
9525089424,udarshsinghal@upi,455.0,2026-08-06T04:50:00
9525089424,alexander82@upi,515.0,2026-07-03T22:45:00
9525089424,keyatripathi@upi,1905.0,2026-07-02T01:52:00
9525089424,aayush88@upi,1645.0,2026-08-22T16:28:00
9525089424,saumya98@upi,885.0,2026-07-18T18:57:00
9525089424,upkaar31@upi,825.0,2026-07-20T13:27:00
9525089424,igupta@upi,935.0,2026-08-19T18:55:00
9525089424,dhriti23@upi,280.0,2026-07-01T11:30:00
9525089424,sahaavni@upi,160.0,2026-08-21T03:40:00
9525089424,sudiksha13@upi,280.0,2026-07-05T05:24:00
9525089424,upkaarpingle@upi,905.0,2026-08-29T19:35:00
9525089424,yatin82@upi,675.0,2026-07-03T18:21:00
9971989169,kuruvillaisaiah@upi,310.0,2026-08-09T09:36:00
9971989169,sanayadara@upi,1080.0,2026-08-22T15:16:00
9971989169,dtaneja@upi,355.0,2026-08-07T00:35:00
9971989169,parmeraahana@upi,1590.0,2026-07-16T18:49:00
9971989169,oni66@upi,320.0,2026-07-31T13:44:00
9971989169,zpall@upi,1010.0,2026-07-22T14:09:00
9971989169,krishmishra@upi,490.0,2026-08-23T14:00:00
9971989169,qushi33@upi,2685.0,2026-08-24T23:26:00
9971989169,mgoyal@upi,880.0,2026-07-11T18:53:00
9971989169,lekha01@upi,385.0,2026-08-24T22:44:00
9971989169,aviparmer@upi,435.0,2026-07-01T18:53:00
9113894274,raksha64@upi,350.0,2026-07-23T02:06:00
9113894274,bhavna58@upi,135.0,2026-07-23T23:26:00
9113894274,bhavinimurthy@upi,630.0,2026-08-02T12:10:00
9113894274,bhasintanvi@upi,370.0,2026-08-08T12:52:00
9113894274,anshborah@upi,430.0,2026-07-01T10:25:00
9113894274,ganesanhitesh@upi,445.0,2026-08-16T05:12:00
9113894274,gbose@upi,385.0,2026-07-11T20:59:00
9113894274,kevindutt@upi,2845.0,2026-08-15T09:42:00
9113894274,eganesh@upi,755.0,2026-07-11T08:55:00
9113894274,jnarasimhan@upi,620.0,2026-08-03T02:44:00
9113894274,forumdalia@upi,1295.0,2026-07-21T18:13:00
9113894274,udarshsinghal@upi,1015.0,2026-07-24T05:01:00
9113894274,udarshdhillon@upi,45.0,2026-08-14T02:42:00
9113894274,pahalbhavsar@upi,260.0,2026-08-28T05:07:00
9113894274,wsami@upi,860.0,2026-07-03T22:18:00
9113894274,sjani@upi,355.0,2026-08-22T19:05:00
9726000597,adya21@upi,125.0,2026-08-21T07:53:00
9726000597,ramanathannirja@upi,1105.0,2026-07-05T15:45:00
9726000597,ganga23@upi,2945.0,2026-08-13T08:18:00
9726000597,ukhurana@upi,250.0,2026-08-23T08:52:00
9726000597,mukhopadhyayjack@upi,450.0,2026-07-02T04:57:00
9726000597,yahvitailor@upi,1575.0,2026-07-27T18:34:00
9726000597,palanekaraj@upi,885.0,2026-08-23T09:20:00
9726000597,sulegunbir@upi,1165.0,2026-07-30T03:18:00
9726000597,falan01@upi,390.0,2026-08-22T19:30:00
9726000597,ikalita@upi,185.0,2026-07-31T07:40:00
9726000597,dugarfaqid@upi,470.0,2026-07-16T15:41:00
9726000597,cheriannikita@upi,520.0,2026-08-08T13:21:00
9726000597,balasubramanianvasana@upi,580.0,2026-08-27T19:38:00
9726000597,sundernitara@upi,125.0,2026-08-27T11:34:00
9726000597,lokeyochana@upi,785.0,2026-08-17T07:06:00
9726000597,nandini88@upi,655.0,2026-07-11T21:24:00
9726000597,ikibe@upi,1220.0,2026-08-07T12:26:00
9699709622,brarelijah@upi,770.0,2026-08-23T23:33:00
9699709622,chaitanya83@upi,240.0,2026-07-12T01:09:00
9699709622,aarnajohal@upi,190.0,2026-07-13T19:09:00
9699709622,dayalviraj@upi,885.0,2026-07-19T22:36:00
9699709622,rpalla@upi,865.0,2026-08-25T00:07:00
9699709622,vaidyalogan@upi,465.0,2026-08-11T12:38:00
9699709622,nicholas33@upi,150.0,2026-07-01T17:48:00
9699709622,jalsa37@upi,915.0,2026-07-07T01:32:00
9699709622,kpillai@upi,1255.0,2026-08-07T05:18:00
9699709622,bhanumatihayer@upi,230.0,2026-07-19T04:35:00
9699709622,dhruv18@upi,950.0,2026-07-29T10:12:00
9699709622,kkata@upi,200.0,2026-07-13T05:17:00
9699709622,shaharish@upi,95.0,2026-07-20T13:18:00
9699709622,lsharma@upi,1505.0,2026-07-23T18:54:00
9699709622,hemang56@upi,1605.0,2026-07-18T04:32:00
9075020416,hmodi@upi,2560.0,2026-07-14T03:35:00
9075020416,chandguneet@upi,1025.0,2026-07-12T23:25:00
9075020416,ijaya67@upi,760.0,2026-07-15T03:34:00
9075020416,lekha01@upi,1370.0,2026-07-15T16:51:00
9075020416,samraakshay@upi,605.0,2026-08-28T12:03:00
9075020416,wsami@upi,185.0,2026-07-24T22:17:00
9075020416,ekaraj32@upi,285.0,2026-08-15T02:10:00
9075020416,zkhalsa@upi,430.0,2026-08-13T14:09:00
9075020416,jbandi@upi,95.0,2026-08-29T02:38:00
9075020416,chandaniseshadri@upi,2065.0,2026-07-13T20:35:00
9075020416,luke99@upi,65.0,2026-07-26T12:46:00
9075020416,baljiwan69@upi,380.0,2026-08-05T09:19:00
9744055026,ranaaahana@upi,940.0,2026-07-30T11:34:00
9744055026,udarshdhillon@upi,110.0,2026-08-18T13:43:00
9744055026,ansh85@upi,1115.0,2026-08-10T02:48:00
9744055026,gganguly@upi,190.0,2026-08-01T16:52:00
9744055026,atwalrajeshri@upi,385.0,2026-08-17T05:03:00
9744055026,iyerojasvi@upi,710.0,2026-07-18T18:24:00
9744055026,kadejalsa@upi,665.0,2026-07-24T06:18:00
9744055026,ekalinga77@upi,450.0,2026-08-28T08:45:00
9744055026,upkaarpingle@upi,245.0,2026-08-23T08:07:00
9744055026,nnarayan@upi,1450.0,2026-07-04T02:05:00
9744055026,schatterjee@upi,125.0,2026-07-19T17:30:00
9744055026,yashica84@upi,1725.0,2026-07-15T06:30:00
9744055026,jchakrabarti@upi,1040.0,2026-08-22T15:11:00
9584242489,anay36@upi,1860.0,2026-08-10T18:43:00
9584242489,bosexalak@upi,280.0,2026-07-19T23:27:00
9584242489,nchawla@upi,845.0,2026-07-14T17:49:00
9584242489,vasahenry@upi,1650.0,2026-07-17T22:53:00
9584242489,galayochana@upi,430.0,2026-08-20T14:09:00
9584242489,pahalbhavsar@upi,635.0,2026-08-17T19:34:00
9584242489,ranganathanhenry@upi,85.0,2026-07-17T16:43:00
9584242489,madhav62@upi,1000.0,2026-07-08T10:18:00
9876010337,subramaniantheodore@upi,560.0,2026-07-31T06:40:00
9876010337,kevinraja@upi,220.0,2026-08-17T23:27:00
9876010337,murtyridhi@upi,1170.0,2026-08-08T02:05:00
9876010337,manthan74@upi,495.0,2026-08-07T13:09:00
9876010337,modyadvika@upi,80.0,2026-08-18T21:47:00
9876010337,dtripathi@upi,810.0,2026-08-13T10:22:00
9876010337,chandaniseshadri@upi,2525.0,2026-07-10T06:08:00
9876010337,oni66@upi,2800.0,2026-07-26T00:04:00
9876010337,yashawini25@upi,1775.0,2026-07-21T17:40:00
9876010337,gopal44@upi,1350.0,2026-08-28T15:08:00
9876010337,ndasgupta@upi,7735.0,2026-07-23T11:43:00
9876010337,waidanarayanan@upi,275.0,2026-08-13T10:43:00
9876010337,dkanda@upi,1000.0,2026-08-15T15:31:00
9249363568,mkota@upi,55.0,2026-07-04T05:45:00
9249363568,shroffsachi@upi,1200.0,2026-08-07T14:24:00
9249363568,jnarasimhan@upi,410.0,2026-07-23T11:18:00
9249363568,palanekaraj@upi,230.0,2026-07-30T01:24:00
9249363568,palanekaraj@upi,480.0,2026-07-27T01:36:00
9249363568,zmajumdar@upi,325.0,2026-07-11T06:42:00
9249363568,ajani@upi,935.0,2026-08-20T13:27:00
9249363568,raghav60@upi,810.0,2026-08-19T03:09:00
9249363568,vsehgal@upi,190.0,2026-08-27T21:26:00
9249363568,gbose@upi,400.0,2026-07-23T10:51:00
9249363568,uloke@upi,3540.0,2026-08-27T08:24:00
9249363568,aryanadig@upi,660.0,2026-08-14T13:09:00
9249363568,ssaxena@upi,515.0,2026-08-09T09:49:00
9514716369,fbiswas@upi,170.0,2026-08-17T00:18:00
9514716369,gayathri42@upi,310.0,2026-08-17T09:51:00
9514716369,kotaunni@upi,80.0,2026-08-03T10:13:00
9514716369,dhruv18@upi,205.0,2026-08-03T06:59:00
9514716369,thakkarkamya@upi,5040.0,2026-07-25T23:53:00
9514716369,ldara@upi,1910.0,2026-07-15T08:35:00
9514716369,wvarty@upi,2130.0,2026-08-06T06:53:00
9514716369,yatin82@upi,995.0,2026-07-30T17:22:00
9514716369,advaysahota@upi,170.0,2026-08-06T12:42:00
9514716369,vrinda42@upi,560.0,2026-07-17T13:01:00
9514716369,raudalbir@upi,975.0,2026-08-17T08:20:00
9514716369,keyatripathi@upi,1290.0,2026-07-30T23:53:00
9253232817,enagar@upi,545.0,2026-08-09T05:39:00
9253232817,murtyridhi@upi,2030.0,2026-07-02T03:15:00
9253232817,dashekavir@upi,1135.0,2026-07-26T19:59:00
9253232817,dharnathaniel@upi,80.0,2026-08-12T11:20:00
9253232817,riya01@upi,1170.0,2026-08-01T01:59:00
9253232817,mukhopadhyayjack@upi,665.0,2026-08-07T18:36:00
9253232817,gardejagrati@upi,1335.0,2026-08-17T16:03:00
9253232817,bishakha20@upi,265.0,2026-07-09T16:25:00
9253232817,kmangat@upi,510.0,2026-07-08T04:07:00
9253232817,sbains@upi,1865.0,2026-08-29T02:11:00
9253232817,guneetlata@upi,860.0,2026-07-06T15:31:00
9253232817,warinder89@upi,165.0,2026-07-14T08:42:00
9591218852,rajagopalancharles@upi,1650.0,2026-07-23T04:09:00
9591218852,vaidyalogan@upi,1530.0,2026-08-05T04:56:00
9591218852,vasatikazachariah@upi,265.0,2026-07-24T17:38:00
9591218852,bajwamitali@upi,615.0,2026-07-24T03:52:00
9591218852,patelshivansh@upi,1715.0,2026-08-24T07:27:00
9591218852,ijaya67@upi,355.0,2026-07-19T01:07:00
9591218852,jnagar@upi,465.0,2026-07-27T00:18:00
9591218852,gangulyupma@upi,125.0,2026-07-04T17:44:00
9591218852,ssamra@upi,970.0,2026-07-28T02:01:00
9591218852,divya58@upi,1560.0,2026-08-07T10:14:00
9591218852,nnarayan@upi,300.0,2026-07-07T23:18:00
9591218852,rajagopalanvi@upi,1000.0,2026-08-24T09:29:00
9591218852,ganga23@upi,275.0,2026-08-26T21:47:00
9591218852,mohammedsrinivas@upi,670.0,2026-08-26T13:54:00
9820738580,hparmar@upi,455.0,2026-08-24T06:28:00
9820738580,nshankar@upi,10065.0,2026-08-13T01:29:00
9820738580,anvi70@upi,225.0,2026-08-10T20:13:00
9820738580,aggarwalgabriel@upi,650.0,2026-08-29T13:08:00
9820738580,forum60@upi,835.0,2026-08-05T22:25:00
9820738580,kevindutt@upi,1320.0,2026-07-31T12:52:00
9820738580,prege@upi,2590.0,2026-07-22T13:07:00
9820738580,janinisha@upi,110.0,2026-07-13T13:19:00
9820738580,damini19@upi,2280.0,2026-08-06T02:24:00
9820738580,aryanadig@upi,745.0,2026-08-22T11:01:00
9820738580,falankata@upi,725.0,2026-08-15T14:25:00
9820738580,dadachakradhar@upi,995.0,2026-08-02T23:59:00
9820738580,keyatripathi@upi,245.0,2026-07-12T11:32:00
9514856229,vsehgal@upi,720.0,2026-08-02T21:50:00
9514856229,vsehgal@upi,360.0,2026-07-28T04:16:00
9514856229,baghyawatikar@upi,6125.0,2026-08-24T06:30:00
9514856229,ukhurana@upi,545.0,2026-07-22T23:07:00
9514856229,hemang56@upi,155.0,2026-08-20T01:22:00
9514856229,chaaya64@upi,580.0,2026-07-16T23:12:00
9514856229,aryanadig@upi,410.0,2026-07-25T13:06:00
9514856229,qushimitra@upi,300.0,2026-07-16T10:40:00
9514856229,shankarkamala@upi,475.0,2026-08-25T08:52:00
9514856229,jnagar@upi,675.0,2026-07-04T13:51:00
9797758127,anusha49@upi,2950.0,2026-07-19T17:35:00
9797758127,gadejairaj@upi,465.0,2026-07-03T11:02:00
9797758127,munigarima@upi,555.0,2026-08-21T06:33:00
9797758127,munigarima@upi,400.0,2026-07-31T13:22:00
9797758127,chaaya64@upi,3350.0,2026-07-04T13:16:00
9797758127,zvora@upi,270.0,2026-08-03T07:10:00
9797758127,ikshitaissac@upi,505.0,2026-08-25T05:54:00
9797758127,nihalsoman@upi,250.0,2026-07-21T22:35:00
9797758127,anthonybhasin@upi,45.0,2026-07-27T14:03:00
9797758127,urmigoswami@upi,1940.0,2026-08-28T23:01:00
9797758127,samuel75@upi,305.0,2026-08-18T01:30:00
9797758127,ikapoor@upi,745.0,2026-07-15T18:24:00
9797758127,parikhucchal@upi,1105.0,2026-07-30T07:45:00
9797758127,krishna04@upi,230.0,2026-07-14T18:05:00
9161202577,teerthhalder@upi,780.0,2026-08-23T19:25:00
9161202577,garariya@upi,10710.0,2026-07-08T10:34:00
9161202577,hredhaan14@upi,70.0,2026-08-11T09:28:00
9161202577,osagar@upi,355.0,2026-08-29T10:16:00
9161202577,qushikamdar@upi,160.0,2026-07-28T14:39:00
9161202577,mangalikbal@upi,855.0,2026-07-20T06:49:00
9161202577,khoslahemal@upi,890.0,2026-08-01T13:17:00
9161202577,vaishnavitara@upi,1185.0,2026-08-23T20:49:00
9161202577,rakshaborah@upi,615.0,2026-08-16T08:32:00
9161202577,gganguly@upi,330.0,2026-07-04T16:28:00
9161202577,gangulyupma@upi,510.0,2026-07-01T17:20:00
9161202577,munizehaan@upi,1070.0,2026-07-31T01:14:00
9641643119,jacksonbalan@upi,2020.0,2026-07-22T22:01:00
9641643119,divya58@upi,1815.0,2026-07-20T08:09:00
9641643119,kadakiadayamai@upi,70.0,2026-07-13T03:47:00
9641643119,teerthhalder@upi,1155.0,2026-07-22T22:10:00
9641643119,aryanadig@upi,1020.0,2026-08-08T07:24:00
9641643119,brinda27@upi,110.0,2026-07-21T12:40:00
9641643119,christopher87@upi,865.0,2026-07-07T20:25:00
9641643119,osidhu@upi,3185.0,2026-07-28T02:58:00
9641643119,dnadkarni@upi,470.0,2026-08-01T09:36:00
9641643119,tanish61@upi,985.0,2026-08-26T05:03:00
9641643119,duachakrika@upi,2040.0,2026-08-20T08:35:00
9641643119,sahaavni@upi,190.0,2026-07-03T04:15:00
9641643119,chokshiekaja@upi,345.0,2026-08-23T03:36:00
9641643119,achahal@upi,2550.0,2026-07-14T16:56:00
9641643119,ahujaazaan@upi,550.0,2026-07-17T00:24:00
9641643119,balakrishnanyamini@upi,2165.0,2026-08-06T09:31:00
9641643119,aayush24@upi,1100.0,2026-08-05T06:58:00
9641643119,girindra52@upi,750.0,2026-08-16T04:12:00
9641643119,ganga23@upi,445.0,2026-07-18T18:16:00
9828083255,bamble@upi,25.0,2026-07-30T00:28:00
9828083255,anikagopal@upi,210.0,2026-07-19T15:24:00
9828083255,guhaurishilla@upi,520.0,2026-07-25T18:38:00
9828083255,kevinraja@upi,1195.0,2026-07-05T05:06:00
9828083255,onkar82@upi,1520.0,2026-08-28T14:45:00
9828083255,raudalbir@upi,370.0,2026-08-17T15:33:00
9828083255,edhithaacharya@upi,70.0,2026-07-19T05:20:00
9828083255,kiaan93@upi,95.0,2026-08-17T04:27:00
9828083255,falankata@upi,275.0,2026-07-31T11:50:00
9828083255,vsehgal@upi,755.0,2026-08-01T05:02:00
9828083255,lmital@upi,865.0,2026-08-12T21:56:00
9000812852,chaitanya83@upi,260.0,2026-08-17T06:58:00
9000812852,patrickkuruvilla@upi,2040.0,2026-07-01T12:54:00
9000812852,patrickkuruvilla@upi,2660.0,2026-08-11T06:30:00
9000812852,dayamaidoctor@upi,350.0,2026-08-17T02:34:00
9000812852,yashawini25@upi,1040.0,2026-08-30T01:46:00
9000812852,kalavarenya@upi,540.0,2026-08-30T07:23:00
9000812852,neel66@upi,11260.0,2026-08-30T07:23:00
9000812852,singhaashi@upi,4355.0,2026-07-30T01:36:00
9000812852,guneetlata@upi,6295.0,2026-08-27T02:58:00
9623871285,harshdube@upi,695.0,2026-07-29T19:37:00
9623871285,dadavrinda@upi,770.0,2026-07-26T01:09:00
9623871285,khannaekani@upi,30.0,2026-08-05T23:22:00
9623871285,damini19@upi,135.0,2026-07-15T14:16:00
9623871285,tripathifrederick@upi,85.0,2026-08-18T18:38:00
9623871285,chakradharvarkey@upi,390.0,2026-08-27T20:56:00
9623871285,chandguneet@upi,905.0,2026-07-08T00:21:00
9623871285,chandguneet@upi,110.0,2026-07-11T23:50:00
9623871285,jai68@upi,1235.0,2026-07-23T02:17:00
9623871285,umang57@upi,410.0,2026-07-26T18:36:00
9623871285,muniekani@upi,450.0,2026-08-27T08:59:00
9623871285,rsarma@upi,275.0,2026-08-08T04:46:00
9623871285,pahalbhavsar@upi,485.0,2026-08-02T19:54:00
9183357251,anjalikara@upi,390.0,2026-07-16T19:42:00
9183357251,sachi68@upi,1835.0,2026-08-23T15:49:00
9183357251,dugarfaqid@upi,1645.0,2026-07-23T12:23:00
9183357251,abhiramvig@upi,1585.0,2026-08-16T00:18:00
9183357251,raksha64@upi,535.0,2026-07-23T02:29:00
9183357251,chakradharvarkey@upi,1125.0,2026-08-15T16:58:00
9183357251,harshdube@upi,1815.0,2026-08-02T08:46:00
9183357251,ijaya67@upi,200.0,2026-08-27T02:06:00
9183357251,lakshitsanghvi@upi,3715.0,2026-08-17T09:10:00
9183357251,advik18@upi,35.0,2026-07-29T11:19:00
9183357251,dayalviraj@upi,85.0,2026-07-21T07:49:00
9183357251,aamble@upi,765.0,2026-07-23T08:17:00
9183357251,rakshaborah@upi,1805.0,2026-07-04T12:10:00
9968318989,ajani@upi,75.0,2026-07-31T13:06:00
9968318989,xmitra@upi,170.0,2026-08-14T09:36:00
9968318989,ldara@upi,435.0,2026-08-06T19:20:00
9968318989,ldara@upi,150.0,2026-07-29T07:08:00
9968318989,jchakrabarti@upi,370.0,2026-07-18T20:46:00
9968318989,mannetejas@upi,2530.0,2026-07-30T13:19:00
9968318989,karan97@upi,1410.0,2026-07-30T03:26:00
9968318989,mgoyal@upi,285.0,2026-08-10T20:25:00
9968318989,kuruvillaisaiah@upi,4005.0,2026-08-12T15:34:00
9968318989,nchawla@upi,1195.0,2026-07-03T21:32:00
9968318989,kala21@upi,1375.0,2026-07-10T18:13:00
9968318989,aayush24@upi,180.0,2026-07-18T16:03:00
9968318989,qushikamdar@upi,695.0,2026-07-21T01:37:00
9098713669,karanlibni@upi,230.0,2026-07-31T03:50:00
9098713669,balvan90@upi,45.0,2026-08-25T13:23:00
9098713669,gayathri42@upi,135.0,2026-07-03T17:58:00
9098713669,daniel61@upi,405.0,2026-07-04T05:07:00
9098713669,ikibe@upi,2640.0,2026-07-29T02:05:00
9098713669,indiraravi@upi,240.0,2026-08-20T02:54:00
9098713669,luke99@upi,1045.0,2026-08-09T00:42:00
9098713669,yatan39@upi,715.0,2026-07-22T13:24:00
9098713669,harshdube@upi,925.0,2026-07-19T10:46:00
9098713669,harshdube@upi,550.0,2026-08-23T04:21:00
9098713669,saranzansi@upi,1480.0,2026-08-20T00:28:00
9098713669,nandawakeeta@upi,2910.0,2026-07-11T06:36:00
9098713669,khoslaaditya@upi,520.0,2026-07-07T19:35:00
9364091457,vrinda42@upi,460.0,2026-07-12T07:37:00
9364091457,oeshipandit@upi,440.0,2026-08-30T01:40:00
9364091457,ubika99@upi,225.0,2026-07-10T11:12:00
9364091457,osarma@upi,1290.0,2026-07-05T07:10:00
9364091457,tripathifrederick@upi,790.0,2026-07-09T20:37:00
9364091457,ganesanhitesh@upi,1300.0,2026-07-25T20:29:00
9364091457,dadachakradhar@upi,645.0,2026-08-28T18:55:00
9364091457,yahvisawhney@upi,75.0,2026-08-08T19:54:00
9364091457,venkateshkrishna@upi,1730.0,2026-07-09T01:23:00
9364091457,balasubramanianvasana@upi,1015.0,2026-07-13T21:35:00
9364091457,liamtrivedi@upi,325.0,2026-08-18T13:59:00
9364091457,dashekavir@upi,115.0,2026-07-29T19:52:00
9364091457,ogupta@upi,715.0,2026-07-10T02:29:00
9024452049,krishna04@upi,1915.0,2026-08-03T08:09:00
9024452049,aayush24@upi,320.0,2026-08-03T18:15:00
9024452049,ldevi@upi,1525.0,2026-07-15T18:57:00
9024452049,omkaarsundaram@upi,1610.0,2026-07-17T12:48:00
9024452049,isharattan@upi,435.0,2026-08-20T17:14:00
9024452049,rchaudhary@upi,470.0,2026-07-10T10:19:00
9024452049,riya01@upi,135.0,2026-07-14T20:51:00
9024452049,dugarfaqid@upi,900.0,2026-07-18T04:00:00
9024452049,zbajwa@upi,115.0,2026-08-10T12:43:00
9024452049,osagar@upi,435.0,2026-08-06T13:37:00
9024452049,vaidyalogan@upi,575.0,2026-08-29T18:20:00
9024452049,patelaadhya@upi,1535.0,2026-07-08T20:53:00
9024452049,aptemohammed@upi,95.0,2026-08-09T09:45:00
9024452049,onkar82@upi,85.0,2026-07-27T23:51:00
9951468336,upkaar31@upi,125.0,2026-07-20T12:52:00
9951468336,doshijeremiah@upi,1025.0,2026-08-26T08:48:00
9951468336,upkaarpingle@upi,605.0,2026-08-22T19:01:00
9951468336,esrinivasan@upi,3060.0,2026-07-20T06:45:00
9951468336,karan97@upi,80.0,2026-07-09T08:52:00
9951468336,isharattan@upi,25.0,2026-07-13T22:28:00
9951468336,thamansamarth@upi,1965.0,2026-08-10T09:43:00
9451525376,chandaniseshadri@upi,535.0,2026-07-21T13:51:00
9451525376,murthyyadavi@upi,1270.0,2026-08-25T04:33:00
9451525376,abhiram24@upi,605.0,2026-07-21T17:52:00
9451525376,eesha58@upi,40.0,2026-07-24T07:01:00
9451525376,bakhshi28@upi,155.0,2026-07-24T09:30:00
9451525376,ijaya67@upi,4020.0,2026-08-11T18:28:00
9451525376,chokshiisaac@upi,310.0,2026-07-07T14:34:00
9451525376,gganguly@upi,280.0,2026-08-02T04:51:00
9451525376,bhaktakrisha@upi,195.0,2026-08-08T22:14:00
9451525376,jai68@upi,395.0,2026-08-08T12:39:00
9451525376,yaminibhatnagar@upi,295.0,2026-07-06T18:39:00
9451525376,sankaranvarsha@upi,975.0,2026-08-20T20:00:00
9451525376,uprabhakar@upi,1095.0,2026-07-30T07:29:00
9800529753,tanvi78@upi,985.0,2026-07-20T07:24:00
9800529753,riya01@upi,135.0,2026-07-20T19:41:00
9800529753,khannabalveer@upi,310.0,2026-07-08T23:04:00
9800529753,rpathak@upi,290.0,2026-07-14T07:59:00
9800529753,rdayal@upi,240.0,2026-07-17T02:01:00
9800529753,chaitanyabuch@upi,340.0,2026-08-09T00:32:00
9800529753,naikjoshua@upi,320.0,2026-07-17T02:56:00
9800529753,hpatel@upi,565.0,2026-08-22T13:49:00
9800529753,nandaaryan@upi,25.0,2026-08-13T05:43:00
9800529753,dugarfaqid@upi,3255.0,2026-07-15T06:49:00
9800529753,murtyridhi@upi,610.0,2026-07-13T16:32:00
9402438050,tchawla@upi,330.0,2026-07-21T02:38:00
9402438050,rnath@upi,355.0,2026-08-30T00:20:00
9402438050,krishna04@upi,530.0,2026-07-17T11:23:00
9402438050,karanlibni@upi,495.0,2026-07-22T12:49:00
9402438050,panchalzinal@upi,2715.0,2026-07-29T23:29:00
9402438050,garderiya@upi,135.0,2026-07-18T20:10:00
9402438050,khannaekani@upi,990.0,2026-08-15T09:23:00
9402438050,uvasa@upi,695.0,2026-07-13T22:14:00
9402438050,liamtrivedi@upi,200.0,2026-08-13T13:41:00
9402438050,sudiksha13@upi,5110.0,2026-07-01T09:27:00
9279542355,shankarkamala@upi,1025.0,2026-08-14T10:35:00
9279542355,falankata@upi,190.0,2026-07-28T18:17:00
9279542355,hemang56@upi,890.0,2026-07-07T06:00:00
9279542355,kamdarosha@upi,1265.0,2026-07-16T04:33:00
9279542355,patrickkuruvilla@upi,50.0,2026-07-05T10:27:00
9279542355,dugarshravya@upi,2870.0,2026-08-28T03:43:00
9279542355,mkota@upi,785.0,2026-07-04T23:34:00
9279542355,nattshaurya@upi,845.0,2026-08-18T03:10:00
9279542355,nitara56@upi,650.0,2026-08-07T15:07:00
9256575052,kuruvillaisaiah@upi,425.0,2026-07-18T08:42:00
9256575052,devika43@upi,580.0,2026-08-01T02:44:00
9256575052,ocherian@upi,2225.0,2026-08-05T14:02:00
9256575052,liamtrivedi@upi,180.0,2026-08-26T12:41:00
9256575052,sraval@upi,545.0,2026-08-20T06:31:00
9256575052,jnagar@upi,275.0,2026-07-08T10:18:00
9256575052,sudiksha13@upi,155.0,2026-08-10T20:41:00
9256575052,hvenkataraman@upi,675.0,2026-07-23T23:06:00
9256575052,sbhavsar@upi,675.0,2026-08-17T23:47:00
9256575052,saranzansi@upi,55.0,2026-08-15T03:15:00
9256575052,nandini88@upi,490.0,2026-07-15T07:25:00
9256575052,henrymenon@upi,105.0,2026-08-28T10:31:00
9256575052,vamakshi87@upi,205.0,2026-08-03T07:55:00
9256575052,ekalinga77@upi,710.0,2026-07-11T19:25:00
9256575052,drai@upi,795.0,2026-08-21T22:08:00
9256575052,ukhurana@upi,990.0,2026-07-14T16:30:00
9256575052,logan71@upi,1760.0,2026-08-21T03:10:00
9256575052,pahalbhavsar@upi,925.0,2026-08-08T02:36:00
9256575052,zpall@upi,970.0,2026-08-01T05:30:00
9256575052,sai41@upi,105.0,2026-07-30T18:19:00
9337047649,dayalviraj@upi,1080.0,2026-08-19T22:51:00
9337047649,damini19@upi,415.0,2026-08-08T23:36:00
9337047649,rmadan@upi,415.0,2026-08-20T07:17:00
9337047649,raudalbir@upi,365.0,2026-07-23T16:33:00
9337047649,manyathakur@upi,525.0,2026-07-26T09:04:00
9337047649,hramanathan@upi,810.0,2026-08-24T10:19:00
9337047649,garimagolla@upi,395.0,2026-07-11T04:17:00
9337047649,balakrishnanyamini@upi,390.0,2026-08-09T20:10:00
9337047649,kadejalsa@upi,1005.0,2026-07-11T05:57:00
9337047649,kiaan93@upi,2195.0,2026-07-21T12:11:00
9337047649,abhachatterjee@upi,1020.0,2026-08-06T16:30:00
9481010893,gopal44@upi,4160.0,2026-08-12T12:49:00
9481010893,khoslaaditya@upi,570.0,2026-07-27T16:40:00
9481010893,rpathak@upi,260.0,2026-07-21T17:41:00
9481010893,eesha58@upi,615.0,2026-07-16T13:42:00
9481010893,nandini88@upi,125.0,2026-08-01T20:02:00
9481010893,chavvi07@upi,240.0,2026-08-01T02:38:00
9481010893,samraakshay@upi,3940.0,2026-08-13T22:37:00
9481010893,dasguptabalendra@upi,940.0,2026-08-25T23:25:00
9540384926,ikaul@upi,95.0,2026-07-21T23:17:00
9540384926,ishwar88@upi,1360.0,2026-07-11T09:34:00
9540384926,chandaniseshadri@upi,525.0,2026-07-16T14:32:00
9540384926,anjalikara@upi,285.0,2026-08-24T12:46:00
9540384926,dashekavir@upi,1565.0,2026-07-31T02:02:00
9540384926,bachittar25@upi,1555.0,2026-08-27T06:40:00
9540384926,yashbath@upi,730.0,2026-08-08T12:25:00
9540384926,qabil75@upi,1775.0,2026-07-22T20:22:00
9540384926,daniel61@upi,190.0,2026-07-21T18:54:00
9540384926,alkachahal@upi,615.0,2026-08-29T03:15:00
9540384926,urmigoswami@upi,10915.0,2026-08-05T16:10:00
9540384926,janinisha@upi,555.0,2026-08-20T08:46:00
9540384926,mgoyal@upi,495.0,2026-07-04T20:18:00
9540384926,jbandi@upi,1615.0,2026-08-15T06:31:00
9540384926,manyathakur@upi,430.0,2026-07-27T20:56:00
9540384926,parikhucchal@upi,1005.0,2026-07-30T04:22:00
9540384926,khoslahemal@upi,2170.0,2026-08-29T14:43:00
9502624719,dhritiatwal@upi,480.0,2026-07-06T16:23:00
9502624719,wablefaqid@upi,3455.0,2026-08-05T18:00:00
9502624719,kashvimahajan@upi,705.0,2026-08-09T23:58:00
9502624719,gbose@upi,385.0,2026-07-26T21:31:00
9502624719,mohammedsrinivas@upi,1590.0,2026-07-16T07:35:00
9502624719,zagrawal@upi,440.0,2026-08-22T17:32:00
9502624719,zashil00@upi,135.0,2026-07-23T01:54:00
9502624719,smital@upi,120.0,2026-07-19T09:51:00
9502624719,samuel75@upi,650.0,2026-07-17T15:54:00
9502624719,yuvrajgupta@upi,730.0,2026-07-04T22:41:00
9502624719,rnath@upi,1240.0,2026-07-21T12:40:00
9891712996,pavanikhanna@upi,180.0,2026-07-07T04:31:00
9891712996,advay80@upi,260.0,2026-07-21T19:56:00
9891712996,nachiket67@upi,1105.0,2026-08-09T08:04:00
9891712996,naikjoshua@upi,40.0,2026-08-10T04:10:00
9891712996,samraakshay@upi,555.0,2026-08-27T13:41:00
9891712996,keyatripathi@upi,1270.0,2026-08-11T09:52:00
9891712996,turvi76@upi,7840.0,2026-08-20T08:59:00
9891712996,uvasa@upi,170.0,2026-07-23T16:19:00
9891712996,vasatikazachariah@upi,450.0,2026-07-14T01:07:00
9891712996,atwalrajeshri@upi,1510.0,2026-07-09T12:55:00
9891712996,christopher87@upi,3345.0,2026-08-28T21:36:00
9891712996,ladanthony@upi,275.0,2026-07-07T12:33:00
9891712996,jalsa37@upi,165.0,2026-08-25T06:53:00
9476913647,onkar82@upi,185.0,2026-08-14T15:53:00
9476913647,raksha64@upi,955.0,2026-08-24T21:17:00
9476913647,rishi55@upi,545.0,2026-08-11T18:24:00
9476913647,indiraravi@upi,190.0,2026-08-01T18:25:00
9476913647,naikjoshua@upi,690.0,2026-08-24T01:18:00
9476913647,vigjairaj@upi,875.0,2026-07-17T13:43:00
9476913647,teerthhalder@upi,455.0,2026-07-21T03:17:00
9476913647,hmuni@upi,790.0,2026-08-05T06:10:00
9476913647,vinaya59@upi,500.0,2026-08-25T00:33:00
9476913647,kadakiadayamai@upi,220.0,2026-07-19T11:32:00
9476913647,modysai@upi,140.0,2026-07-13T14:40:00
9476913647,parikhucchal@upi,670.0,2026-08-03T04:37:00
9476913647,zbaral@upi,2035.0,2026-07-14T04:33:00
9919108073,gaurang20@upi,180.0,2026-07-10T10:08:00
9919108073,champak17@upi,1080.0,2026-07-14T21:21:00
9919108073,darika92@upi,2705.0,2026-07-20T13:58:00
9919108073,chandaniseshadri@upi,140.0,2026-08-11T16:46:00
9919108073,dharnathaniel@upi,1375.0,2026-07-17T03:46:00
9919108073,anvi70@upi,270.0,2026-08-15T04:11:00
9919108073,abhiram75@upi,590.0,2026-07-07T14:38:00
9745052567,jsura@upi,200.0,2026-08-16T08:25:00
9745052567,yashbath@upi,1230.0,2026-08-20T04:24:00
9745052567,yashbath@upi,485.0,2026-07-26T04:38:00
9745052567,bimala77@upi,2365.0,2026-07-01T22:25:00
9745052567,riasuresh@upi,40.0,2026-07-04T21:14:00
9745052567,dayalviraj@upi,185.0,2026-07-03T06:47:00
9745052567,yatan39@upi,520.0,2026-07-05T11:24:00
9745052567,murthyyadavi@upi,1215.0,2026-07-23T17:57:00
9745052567,urmigoswami@upi,155.0,2026-07-10T10:03:00
9745052567,sratti@upi,295.0,2026-07-13T04:27:00
9745052567,vivaanhora@upi,245.0,2026-08-14T05:33:00
9745052567,choudharysaanvi@upi,1415.0,2026-07-23T10:41:00
9745052567,kalavarenya@upi,250.0,2026-08-02T01:32:00
9745052567,saumya68@upi,340.0,2026-08-06T23:47:00
9822745513,aptemohammed@upi,585.0,2026-08-03T16:31:00
9822745513,chokshiekaja@upi,540.0,2026-08-30T00:30:00
9822745513,neel66@upi,1405.0,2026-08-01T22:36:00
9822745513,goledeepa@upi,225.0,2026-07-08T14:35:00
9822745513,hmodi@upi,585.0,2026-07-05T03:32:00
9822745513,waidakamdar@upi,405.0,2026-08-08T04:22:00
9822745513,yashicakapur@upi,255.0,2026-07-19T19:55:00
9822745513,bajwamitali@upi,445.0,2026-08-26T12:44:00
9822745513,igupta@upi,105.0,2026-07-04T19:14:00
9822745513,vigjairaj@upi,630.0,2026-07-22T00:28:00
9274004854,khannabalveer@upi,435.0,2026-08-20T23:34:00
9274004854,riya01@upi,210.0,2026-08-25T23:58:00
9274004854,advay44@upi,110.0,2026-08-11T16:16:00
9274004854,enagar@upi,1200.0,2026-07-25T15:07:00
9274004854,jeremiahmemon@upi,360.0,2026-07-27T11:16:00
9274004854,gardejagrati@upi,4370.0,2026-08-24T02:51:00
9274004854,qedwin@upi,430.0,2026-07-19T01:46:00
9274004854,kapurayaan@upi,325.0,2026-07-11T12:07:00
9274004854,jnarasimhan@upi,335.0,2026-07-08T04:52:00
9274004854,panchalzinal@upi,870.0,2026-08-02T18:14:00
9274004854,sethitriveni@upi,2430.0,2026-07-30T09:22:00
9274004854,mgoyal@upi,80.0,2026-07-05T18:32:00
9274004854,diya84@upi,300.0,2026-08-20T10:34:00
9274004854,balakrishnanyamini@upi,220.0,2026-08-18T15:41:00
9274004854,waida57@upi,600.0,2026-07-02T10:28:00
9274004854,vasatika07@upi,875.0,2026-08-12T06:47:00
9274004854,upkaarpingle@upi,7185.0,2026-07-23T23:15:00
9334017043,jagvi39@upi,100.0,2026-07-10T13:18:00
9334017043,guneetlata@upi,2000.0,2026-08-02T04:33:00
9334017043,anay36@upi,1745.0,2026-07-02T06:53:00
9334017043,khoslaaditya@upi,2630.0,2026-07-13T08:47:00
9334017043,jonathankhare@upi,315.0,2026-07-06T04:15:00
9334017043,lborde@upi,115.0,2026-07-16T03:45:00
9334017043,gbansal@upi,1480.0,2026-08-13T09:20:00
9334017043,pahalbhavsar@upi,455.0,2026-07-12T01:54:00
9334017043,vaishnavishroff@upi,590.0,2026-07-17T15:45:00
9334017043,aayush24@upi,925.0,2026-07-29T00:47:00
9334017043,janya19@upi,450.0,2026-08-28T23:21:00
9290816302,modysai@upi,880.0,2026-07-03T11:53:00
9290816302,rkant@upi,90.0,2026-08-24T04:06:00
9290816302,shauryanagarajan@upi,1125.0,2026-08-01T19:54:00
9290816302,garderiya@upi,210.0,2026-07-19T13:17:00
9290816302,ikbal30@upi,2995.0,2026-07-19T03:02:00
9290816302,raghav60@upi,2470.0,2026-07-14T14:02:00
9290816302,vsehgal@upi,130.0,2026-07-13T06:51:00
9290816302,kiaan93@upi,1845.0,2026-08-12T09:39:00
9290816302,samarthchokshi@upi,3520.0,2026-07-30T20:04:00
9290816302,ucchalganesh@upi,925.0,2026-08-28T13:57:00
9290816302,henrymenon@upi,825.0,2026-07-15T00:45:00
9290816302,avni81@upi,1155.0,2026-08-12T19:16:00
9290816302,jai68@upi,1470.0,2026-08-23T18:16:00
9712239771,ikalita@upi,510.0,2026-08-15T10:52:00
9712239771,ansh85@upi,1240.0,2026-07-14T04:52:00
9712239771,shroffosha@upi,705.0,2026-08-20T03:39:00
9712239771,zdixit@upi,690.0,2026-08-09T19:07:00
9712239771,zayan77@upi,195.0,2026-07-16T07:01:00
9712239771,hramanathan@upi,2215.0,2026-08-10T11:59:00
9712239771,eesha58@upi,350.0,2026-07-10T12:51:00
9712239771,kashvimahajan@upi,240.0,2026-07-06T19:04:00
9712239771,kkrishnamurthy@upi,220.0,2026-07-11T15:10:00
9712239771,wardasoni@upi,280.0,2026-07-29T01:41:00
9712239771,pranit80@upi,1120.0,2026-08-09T08:18:00
9712239771,murtyridhi@upi,965.0,2026-07-13T13:28:00
9714201071,ucchalganesh@upi,250.0,2026-08-27T07:20:00
9714201071,urishilla62@upi,650.0,2026-07-03T06:34:00
9714201071,zinalswamy@upi,60.0,2026-08-02T13:46:00
9714201071,banerjeerayaan@upi,985.0,2026-07-09T16:16:00
9714201071,gganguly@upi,1480.0,2026-08-21T09:23:00
9714201071,abhachatterjee@upi,155.0,2026-08-04T18:38:00
9714201071,kuruvillaisaiah@upi,1040.0,2026-07-25T07:50:00
9714201071,lekha01@upi,990.0,2026-07-08T07:54:00
9714201071,bhanumatimunshi@upi,720.0,2026-07-12T23:09:00
9714201071,xbobal@upi,1890.0,2026-07-13T14:46:00
9714201071,jagat44@upi,2045.0,2026-08-02T22:50:00
9651699247,nihalsoman@upi,1945.0,2026-07-09T00:24:00
9651699247,priyanatt@upi,160.0,2026-08-05T10:56:00
9651699247,parsaayushman@upi,3575.0,2026-08-14T12:50:00
9651699247,dmerchant@upi,195.0,2026-08-06T19:27:00
9651699247,garariya@upi,255.0,2026-07-30T20:26:00
9651699247,zkhalsa@upi,390.0,2026-07-06T22:23:00
9651699247,parmeraahana@upi,90.0,2026-07-11T20:24:00
9651699247,iyerojasvi@upi,225.0,2026-08-28T03:11:00
9651699247,teerthhalder@upi,930.0,2026-07-21T21:06:00
9651699247,desaianusha@upi,570.0,2026-08-14T14:28:00
9651699247,riasuresh@upi,985.0,2026-08-27T12:48:00
9651699247,galaisaac@upi,400.0,2026-07-22T11:22:00
9067973962,sjani@upi,230.0,2026-07-06T05:25:00
9067973962,samarthchokshi@upi,3210.0,2026-08-20T16:00:00
9067973962,widisha49@upi,2440.0,2026-07-18T16:18:00
9067973962,kmangat@upi,635.0,2026-08-05T02:41:00
9067973962,rchaudhary@upi,300.0,2026-08-09T07:53:00
9067973962,chanakyabala@upi,660.0,2026-07-16T04:08:00
9067973962,advik18@upi,100.0,2026-07-20T21:30:00
9067973962,bhavna58@upi,1020.0,2026-07-14T05:56:00
9067973962,zachariachasmum@upi,415.0,2026-07-14T14:13:00
9067973962,raksha36@upi,845.0,2026-07-04T01:56:00
9067973962,tanish35@upi,960.0,2026-07-29T15:58:00
9067973962,parmeraahana@upi,755.0,2026-07-29T06:42:00
9067973962,qganesan@upi,1365.0,2026-07-22T10:03:00
9067973962,harshdube@upi,1385.0,2026-07-13T08:50:00
9067973962,shankarkamala@upi,335.0,2026-07-21T04:57:00
9067973962,champak17@upi,630.0,2026-08-06T19:44:00
9067973962,ijayawason@upi,150.0,2026-08-19T19:51:00
9067973962,garimagolla@upi,125.0,2026-08-10T21:39:00
9457706949,deoldevansh@upi,820.0,2026-07-08T06:29:00
9457706949,choudhurysanaya@upi,125.0,2026-07-31T05:51:00
9457706949,gayathri42@upi,615.0,2026-07-18T05:38:00
9457706949,devansh61@upi,180.0,2026-08-07T18:21:00
9457706949,munizehaan@upi,500.0,2026-07-14T22:09:00
9457706949,janakibarman@upi,530.0,2026-07-21T06:03:00
9457706949,schatterjee@upi,460.0,2026-08-21T07:28:00
9457706949,srinivasabeer@upi,690.0,2026-08-12T06:30:00
9457706949,sulegunbir@upi,80.0,2026-07-09T05:34:00
9457706949,shivanibanik@upi,2940.0,2026-08-04T21:28:00
9457706949,luke99@upi,90.0,2026-07-11T09:07:00
9457706949,riya85@upi,385.0,2026-07-31T02:00:00
9457706949,krishna04@upi,135.0,2026-08-03T09:15:00
9251924510,sratti@upi,1130.0,2026-07-15T15:06:00
9251924510,mekhala18@upi,140.0,2026-08-07T20:38:00
9251924510,braranamika@upi,215.0,2026-07-11T19:59:00
9251924510,yauvani39@upi,2385.0,2026-08-30T06:49:00
9251924510,ijayawason@upi,1295.0,2026-07-21T10:45:00
9251924510,nshankar@upi,280.0,2026-07-25T07:18:00
9251924510,waidakamdar@upi,130.0,2026-08-27T22:07:00
9251924510,waidakamdar@upi,280.0,2026-08-08T12:40:00
9251924510,bachittar25@upi,1130.0,2026-08-05T02:23:00
9251924510,riya01@upi,910.0,2026-07-17T13:00:00
9251924510,teerthhalder@upi,270.0,2026-08-04T21:25:00
9251924510,gaurichaudhuri@upi,695.0,2026-07-08T05:21:00
9814488986,dmerchant@upi,990.0,2026-08-13T05:41:00
9814488986,rishi55@upi,1565.0,2026-08-20T19:06:00
9814488986,murthyyadavi@upi,1465.0,2026-07-12T11:56:00
9814488986,samakshshukla@upi,270.0,2026-08-02T13:37:00
9814488986,subramaniantheodore@upi,945.0,2026-08-16T14:53:00
9814488986,liamtrivedi@upi,345.0,2026-07-08T16:46:00
9814488986,harshdube@upi,1430.0,2026-08-15T08:53:00
9814488986,qabil75@upi,265.0,2026-08-27T06:53:00
9814488986,khoslahemal@upi,130.0,2026-07-14T21:57:00
9814488986,aryanadig@upi,1315.0,2026-07-13T05:58:00
9814488986,qganesan@upi,470.0,2026-07-28T15:07:00
9814488986,muttizarna@upi,1510.0,2026-08-05T20:04:00
9814488986,cherianinaya@upi,1065.0,2026-08-09T02:08:00
9814488986,bgrover@upi,445.0,2026-07-22T15:43:00
9790275345,ksolanki@upi,2205.0,2026-08-27T16:46:00
9790275345,nayakwahab@upi,710.0,2026-07-06T09:45:00
9790275345,ucchalganesh@upi,1460.0,2026-07-16T16:22:00
9790275345,anshborah@upi,900.0,2026-08-22T04:28:00
9790275345,chandaniseshadri@upi,4605.0,2026-07-03T08:37:00
9790275345,bamble@upi,520.0,2026-08-27T02:44:00
9790275345,aptemohammed@upi,440.0,2026-07-30T13:16:00
9790275345,paiamara@upi,1210.0,2026-08-04T16:26:00
9790275345,kpillai@upi,790.0,2026-08-25T03:48:00
9790275345,hramanathan@upi,890.0,2026-08-12T08:28:00
9790275345,comarridhi@upi,445.0,2026-07-27T13:19:00
9790275345,raudalbir@upi,330.0,2026-08-05T10:57:00
9790275345,rmadan@upi,995.0,2026-08-09T08:24:00
9614873003,jnarasimhan@upi,250.0,2026-08-07T02:15:00
9614873003,madansamaksh@upi,420.0,2026-07-08T08:31:00
9614873003,hemang56@upi,220.0,2026-08-20T16:29:00
9614873003,amolpal@upi,2930.0,2026-07-21T02:57:00
9614873003,qganesan@upi,950.0,2026-08-29T01:00:00
9614873003,yashawini25@upi,415.0,2026-08-16T06:12:00
9614873003,kotaunni@upi,1385.0,2026-08-01T02:12:00
9614873003,khoslahemal@upi,55.0,2026-07-07T09:07:00
9614873003,subramaniantheodore@upi,1230.0,2026-07-23T01:27:00
9614873003,ocherian@upi,265.0,2026-07-13T21:19:00
9614873003,bimala77@upi,1230.0,2026-07-21T05:20:00
9614873003,ldevi@upi,620.0,2026-08-09T13:44:00
9614873003,wardasoni@upi,355.0,2026-08-19T15:14:00
9614873003,zkhalsa@upi,645.0,2026-07-04T16:24:00
9614873003,sagarnathan@upi,545.0,2026-08-19T07:03:00
9614873003,sahaavni@upi,1165.0,2026-07-31T10:23:00
9614873003,pavanikhanna@upi,1195.0,2026-07-11T02:52:00
9819214001,osarma@upi,1060.0,2026-07-24T23:08:00
9819214001,amaira65@upi,27055.0,2026-08-27T20:48:00
9819214001,mayasuri@upi,235.0,2026-08-11T14:21:00
9819214001,yatankota@upi,350.0,2026-08-02T02:04:00
9819214001,yashawini25@upi,35.0,2026-08-03T23:35:00
9819214001,chanakyabala@upi,610.0,2026-07-13T13:01:00
9819214001,rajagopalanvi@upi,290.0,2026-07-24T10:45:00
9819214001,gautam72@upi,1100.0,2026-08-16T08:11:00
9819214001,lsharma@upi,110.0,2026-07-02T06:20:00
9819214001,rdayal@upi,600.0,2026-07-17T08:02:00
9819214001,rayaan02@upi,3725.0,2026-08-29T17:49:00
9819214001,aamble@upi,970.0,2026-08-03T16:26:00
9826643843,chanakyabala@upi,735.0,2026-07-19T01:59:00
9826643843,brarelijah@upi,450.0,2026-08-11T03:35:00
9826643843,harshdube@upi,130.0,2026-08-16T11:57:00
9826643843,teerthhalder@upi,205.0,2026-08-13T20:32:00
9826643843,tjha@upi,955.0,2026-07-25T19:41:00
9826643843,sathebaljiwan@upi,1375.0,2026-08-23T02:01:00
9826643843,wriddhish67@upi,430.0,2026-07-23T05:15:00
9826643843,schander@upi,2340.0,2026-07-27T09:08:00
9826643843,dhruvde@upi,1085.0,2026-08-23T06:07:00
9826643843,wsami@upi,260.0,2026-08-14T18:55:00
9309176245,aarnajohal@upi,355.0,2026-07-19T03:19:00
9309176245,balomkaar@upi,1310.0,2026-08-20T19:27:00
9309176245,naikjoshua@upi,335.0,2026-08-13T06:15:00
9309176245,nmandal@upi,2295.0,2026-08-09T06:25:00
9309176245,thakkarkamya@upi,3630.0,2026-07-19T18:09:00
9309176245,logan71@upi,2335.0,2026-08-01T06:53:00
9309176245,gadejairaj@upi,1130.0,2026-08-07T09:59:00
9309176245,ocherian@upi,500.0,2026-07-06T22:47:00
9309176245,dugarshravya@upi,100.0,2026-08-14T00:46:00
9309176245,raksha03@upi,560.0,2026-08-20T08:17:00
9309176245,balasubramanianvasana@upi,510.0,2026-08-18T05:37:00
9002978753,eesharege@upi,905.0,2026-07-31T20:14:00
9002978753,yahvisawhney@upi,915.0,2026-08-09T19:47:00
9002978753,avni81@upi,155.0,2026-07-10T23:00:00
9002978753,dhawanbishakha@upi,2170.0,2026-08-06T19:31:00
9002978753,samuel75@upi,255.0,2026-08-18T19:01:00
9002978753,cherianinaya@upi,250.0,2026-08-02T04:05:00
9002978753,nazarethdamini@upi,790.0,2026-07-05T08:57:00
9002978753,mkota@upi,90.0,2026-07-19T03:11:00
9002978753,matthewlata@upi,460.0,2026-08-23T21:38:00
9002978753,yoshitabatra@upi,4700.0,2026-07-05T06:59:00
9002978753,dipta37@upi,340.0,2026-07-16T01:11:00
9413409595,yashbath@upi,2665.0,2026-08-17T06:05:00
9413409595,ipandit@upi,840.0,2026-07-18T10:33:00
9413409595,ahegde@upi,1115.0,2026-07-17T11:37:00
9413409595,sathebaljiwan@upi,355.0,2026-07-25T12:36:00
9413409595,unnatiwagle@upi,1155.0,2026-07-22T18:30:00
9413409595,kevindutt@upi,220.0,2026-08-03T01:12:00
9413409595,chaitanya83@upi,1040.0,2026-07-31T05:56:00
9413409595,mannetejas@upi,400.0,2026-07-26T20:10:00
9413409595,brarelijah@upi,155.0,2026-08-19T21:31:00
9413409595,issacraksha@upi,480.0,2026-07-28T17:50:00
9413409595,jbandi@upi,1200.0,2026-07-06T03:44:00
9413409595,krishna04@upi,1745.0,2026-08-30T04:39:00
9413409595,nihalsoman@upi,1605.0,2026-08-28T19:06:00
9413409595,pingleforum@upi,530.0,2026-08-16T05:47:00
9413409595,riya01@upi,515.0,2026-08-12T19:46:00
9413409595,forumdalia@upi,250.0,2026-08-10T14:15:00
9413409595,ocherian@upi,155.0,2026-08-21T13:50:00
9315946182,tjha@upi,3155.0,2026-08-12T00:40:00
9315946182,brijesh10@upi,1850.0,2026-07-06T09:28:00
9315946182,urmigoswami@upi,950.0,2026-08-21T12:15:00
9315946182,banjeet07@upi,125.0,2026-07-23T12:48:00
9315946182,ssaxena@upi,1800.0,2026-08-07T20:17:00
9315946182,jbandi@upi,1205.0,2026-07-14T10:02:00
9315946182,wablefaqid@upi,535.0,2026-08-29T22:29:00
9315946182,dayamaidoctor@upi,1735.0,2026-08-17T11:59:00
9315946182,bhanumatimunshi@upi,1650.0,2026-07-20T09:03:00
9872545071,devika50@upi,810.0,2026-07-21T17:37:00
9872545071,chasmum65@upi,440.0,2026-08-30T04:35:00
9872545071,rchaudhary@upi,135.0,2026-07-26T11:43:00
9872545071,kpillai@upi,895.0,2026-07-24T22:11:00
9872545071,mayasuri@upi,850.0,2026-08-26T04:12:00
9872545071,eesharege@upi,2285.0,2026-07-08T15:01:00
9872545071,zmajumdar@upi,23335.0,2026-07-07T00:04:00
9872545071,ucchalganesh@upi,1150.0,2026-08-06T14:12:00
9872545071,nmandal@upi,645.0,2026-07-24T20:26:00
9872545071,madansamaksh@upi,2030.0,2026-08-13T03:27:00
9872545071,sai41@upi,315.0,2026-07-25T18:29:00
9872545071,ladanthony@upi,535.0,2026-07-06T19:42:00
9098471173,bishakha20@upi,955.0,2026-07-11T18:22:00
9098471173,sethitriveni@upi,530.0,2026-07-12T16:09:00
9098471173,aviparmer@upi,4060.0,2026-07-08T03:47:00
9098471173,wvarty@upi,525.0,2026-08-01T18:33:00
9098471173,indiraravi@upi,190.0,2026-07-18T08:51:00
9098471173,saumya98@upi,100.0,2026-07-28T06:37:00
9098471173,wsami@upi,1080.0,2026-08-20T19:35:00
9098471173,manyathakur@upi,620.0,2026-07-18T18:07:00
9098471173,chandanigade@upi,585.0,2026-08-26T09:26:00
9098471173,lborde@upi,195.0,2026-08-22T00:46:00
9098471173,osarma@upi,125.0,2026-07-07T05:46:00
9098471173,parsaayushman@upi,535.0,2026-07-26T16:07:00
9098471173,luke99@upi,55.0,2026-08-12T07:44:00
9098471173,zvora@upi,800.0,2026-07-19T00:21:00
9025067408,gganguly@upi,245.0,2026-07-04T04:57:00
9025067408,dhruv18@upi,550.0,2026-08-17T12:11:00
9025067408,galayochana@upi,485.0,2026-07-06T06:47:00
9025067408,champak17@upi,160.0,2026-07-24T22:47:00
9025067408,lmital@upi,105.0,2026-08-19T18:39:00
9025067408,eesharege@upi,275.0,2026-08-05T22:19:00
9025067408,singhshaurya@upi,3420.0,2026-08-20T18:57:00
9025067408,turvi76@upi,590.0,2026-08-07T13:20:00
9025067408,vigjairaj@upi,1315.0,2026-07-21T16:09:00
9025067408,dayamai85@upi,770.0,2026-08-14T02:52:00
9025067408,ramanathannirja@upi,245.0,2026-08-13T22:52:00
9025067408,qganesan@upi,1440.0,2026-08-16T21:47:00
9025067408,ksolanki@upi,280.0,2026-08-11T12:54:00
9025067408,dseshadri@upi,1060.0,2026-08-10T04:16:00
9025067408,yvarty@upi,790.0,2026-07-09T03:48:00
9025067408,chaitanyabuch@upi,300.0,2026-08-28T18:44:00
9603548538,aachal27@upi,290.0,2026-07-13T06:40:00
9603548538,falan01@upi,555.0,2026-07-18T14:56:00
9603548538,mannetejas@upi,285.0,2026-08-14T00:01:00
9603548538,ocherian@upi,560.0,2026-07-19T02:38:00
9603548538,lghose@upi,245.0,2026-07-10T22:57:00
9603548538,yvarty@upi,990.0,2026-08-21T18:29:00
9603548538,lsharma@upi,430.0,2026-08-20T11:45:00
9603548538,gangulybanjeet@upi,990.0,2026-07-27T01:20:00
9603548538,mangatdhruv@upi,340.0,2026-08-16T23:33:00
9927402184,jhabhavya@upi,1200.0,2026-07-01T23:51:00
9927402184,osidhu@upi,110.0,2026-08-12T21:01:00
9927402184,balvan95@upi,620.0,2026-08-02T15:06:00
9927402184,lnarain@upi,1275.0,2026-08-25T00:58:00
9927402184,hredhaan14@upi,3215.0,2026-08-25T19:45:00
9927402184,radhakrishnanrachit@upi,85.0,2026-08-09T20:22:00
9927402184,bnaidu@upi,180.0,2026-08-12T02:13:00
9927402184,yashicakapur@upi,1935.0,2026-08-14T02:04:00
9927402184,hramanathan@upi,75.0,2026-08-21T00:59:00
9927402184,abhachatterjee@upi,3365.0,2026-07-10T20:47:00
9927402184,dhruvde@upi,355.0,2026-08-01T22:40:00
9927402184,devika50@upi,1530.0,2026-07-13T07:56:00
9927402184,wmannan@upi,300.0,2026-07-03T18:18:00
9638941365,kashvimahajan@upi,795.0,2026-08-27T15:18:00
9638941365,raksha64@upi,495.0,2026-07-19T09:59:00
9638941365,kabir98@upi,920.0,2026-07-29T06:58:00
9638941365,chokshiisaac@upi,925.0,2026-08-16T02:51:00
9638941365,achahal@upi,395.0,2026-08-26T18:16:00
9638941365,wsami@upi,2005.0,2026-07-28T06:41:00
9638941365,nmandal@upi,985.0,2026-08-27T02:05:00
9638941365,fbiswas@upi,685.0,2026-07-27T10:01:00
9252995406,aamble@upi,1470.0,2026-07-06T02:58:00
9252995406,jnarasimhan@upi,1385.0,2026-07-10T22:10:00
9252995406,girishwali@upi,260.0,2026-08-23T18:11:00
9252995406,xmukhopadhyay@upi,200.0,2026-08-04T05:16:00
9252995406,igupta@upi,75.0,2026-07-03T21:41:00
9252995406,samraarunima@upi,455.0,2026-08-18T14:34:00
9252995406,darika92@upi,270.0,2026-07-09T21:08:00
9252995406,wardasoni@upi,1230.0,2026-07-18T23:18:00
9252995406,pingleforum@upi,995.0,2026-08-02T03:29:00
9252995406,daniel61@upi,435.0,2026-08-02T19:57:00
9252995406,yatankota@upi,1475.0,2026-08-09T13:26:00
9252995406,abhiramvig@upi,815.0,2026-07-16T15:22:00
9252995406,eganesh@upi,165.0,2026-08-14T02:17:00
9252995406,jhalakshah@upi,7835.0,2026-08-16T17:26:00
9252995406,bhavinimurthy@upi,290.0,2026-07-05T04:26:00
9446485809,turvi76@upi,130.0,2026-07-20T10:44:00
9446485809,wrideshsengupta@upi,190.0,2026-08-23T23:13:00
9446485809,sagarnathan@upi,4855.0,2026-08-03T02:08:00
9446485809,tanish35@upi,595.0,2026-08-09T17:19:00
9446485809,ansh85@upi,1160.0,2026-08-10T04:33:00
9446485809,mitali95@upi,565.0,2026-07-02T11:42:00
9446485809,anshborah@upi,720.0,2026-07-19T15:25:00
9446485809,chokshiekaja@upi,975.0,2026-07-10T19:14:00
9446485809,anvi70@upi,895.0,2026-07-21T18:50:00
9446485809,hredhaan48@upi,490.0,2026-07-15T15:28:00
9446485809,jai68@upi,240.0,2026-07-26T12:21:00
9446485809,banjeet07@upi,425.0,2026-07-21T05:51:00
9521573651,tchawla@upi,1395.0,2026-08-13T10:26:00
9521573651,choudharysaanvi@upi,95.0,2026-07-02T05:13:00
9521573651,bhaktakrisha@upi,260.0,2026-07-28T04:56:00
9521573651,uprabhakar@upi,470.0,2026-08-27T01:03:00
9521573651,zinalswamy@upi,720.0,2026-07-09T01:45:00
9521573651,wriddhish67@upi,185.0,2026-07-02T05:40:00
9389276201,gagandey@upi,375.0,2026-07-23T09:20:00
9389276201,nayakwahab@upi,835.0,2026-08-14T21:05:00
9389276201,sahaavni@upi,330.0,2026-07-18T17:25:00
9389276201,jonathankhare@upi,2345.0,2026-07-09T20:26:00
9389276201,mangatdhruv@upi,425.0,2026-08-03T03:22:00
9389276201,parsaayushman@upi,700.0,2026-07-04T01:47:00
9389276201,brarelijah@upi,400.0,2026-07-31T22:05:00
9389276201,chakradharvarkey@upi,735.0,2026-08-13T03:02:00
9389276201,bgrover@upi,525.0,2026-07-21T12:34:00
9389276201,madansamaksh@upi,265.0,2026-07-03T16:19:00
9389276201,igupta@upi,120.0,2026-08-17T10:14:00
9389276201,sulegunbir@upi,140.0,2026-08-08T09:01:00
9389276201,dmerchant@upi,1335.0,2026-08-11T15:27:00
9389276201,riya01@upi,405.0,2026-08-08T07:04:00
9389276201,munizehaan@upi,745.0,2026-08-08T11:07:00
9485267539,anthonybhasin@upi,1875.0,2026-08-04T13:36:00
9485267539,dhriti23@upi,135.0,2026-07-31T09:38:00
9485267539,choudharysaanvi@upi,105.0,2026-08-28T12:27:00
9485267539,aggarwalgabriel@upi,435.0,2026-07-05T02:55:00
9485267539,wablefaqid@upi,755.0,2026-07-02T16:40:00
9485267539,gardejagrati@upi,480.0,2026-07-10T19:42:00
9485267539,upkaar31@upi,655.0,2026-07-25T09:09:00
9485267539,upkaar31@upi,110.0,2026-08-20T21:06:00
9485267539,raksha64@upi,70.0,2026-08-01T08:05:00
9485267539,hparmar@upi,155.0,2026-07-04T11:23:00
9485267539,keerabha@upi,280.0,2026-07-01T12:57:00
9485267539,dseshadri@upi,555.0,2026-07-03T12:23:00
9485267539,dhruvde@upi,270.0,2026-08-18T11:20:00
9485267539,kashvimahajan@upi,1040.0,2026-08-16T16:47:00
9485267539,ekalinga77@upi,2380.0,2026-08-10T14:00:00
9485267539,dhritiatwal@upi,185.0,2026-07-20T06:01:00
9485267539,mayasuri@upi,470.0,2026-07-23T23:56:00
9485267539,mkota@upi,515.0,2026-07-02T20:40:00
9485267539,pingleomaja@upi,320.0,2026-08-26T23:46:00
9485267539,harshdube@upi,1855.0,2026-08-17T20:28:00
9364540204,duachakrika@upi,945.0,2026-07-14T23:12:00
9364540204,wbasu@upi,1125.0,2026-07-05T07:33:00
9364540204,nandini88@upi,335.0,2026-08-23T14:22:00
9364540204,balansai@upi,185.0,2026-07-17T18:07:00
9364540204,khannaekani@upi,550.0,2026-08-16T21:56:00
9364540204,bhaktakrisha@upi,400.0,2026-08-09T11:10:00
9364540204,vasahenry@upi,605.0,2026-08-26T00:59:00
9123825217,ishaan67@upi,255.0,2026-07-25T02:25:00
9123825217,yahvisawhney@upi,370.0,2026-08-09T22:29:00
9123825217,vsane@upi,585.0,2026-07-06T05:23:00
9123825217,mannetejas@upi,660.0,2026-08-12T22:59:00
9123825217,thora@upi,615.0,2026-08-24T21:27:00
9123825217,falankata@upi,1150.0,2026-08-11T13:29:00
9123825217,qsinghal@upi,390.0,2026-07-14T10:17:00
9123825217,zmajumdar@upi,595.0,2026-07-22T00:34:00
9673417670,igarg@upi,775.0,2026-08-05T03:40:00
9673417670,shroffosha@upi,1130.0,2026-08-13T21:02:00
9673417670,raudalbir@upi,1930.0,2026-07-11T20:30:00
9673417670,vamakshi87@upi,1500.0,2026-07-21T03:01:00
9673417670,xgandhi@upi,635.0,2026-07-04T13:46:00
9673417670,girishdeshpande@upi,190.0,2026-07-04T00:07:00
9673417670,samraarunima@upi,145.0,2026-07-20T07:51:00
9673417670,warhi15@upi,110.0,2026-08-26T08:02:00
9673417670,darika92@upi,385.0,2026-07-27T08:48:00
9673417670,anay36@upi,675.0,2026-08-04T01:38:00
9246656522,bajwamitali@upi,125.0,2026-07-14T10:52:00
9246656522,chavvi07@upi,945.0,2026-08-11T19:05:00
9246656522,upkaar31@upi,455.0,2026-08-11T16:36:00
9246656522,ogupta@upi,1690.0,2026-07-26T21:29:00
9246656522,khannaekani@upi,1580.0,2026-08-30T02:15:00
9246656522,patelaadhya@upi,255.0,2026-08-23T00:47:00
9246656522,garderiya@upi,2270.0,2026-08-04T20:33:00
9246656522,deoltanvi@upi,7230.0,2026-08-11T20:46:00
9246656522,drai@upi,125.0,2026-07-01T15:58:00
9246656522,madansamaksh@upi,30.0,2026-08-27T08:03:00
9246656522,iyerojasvi@upi,195.0,2026-07-15T19:16:00
9246656522,bhasintanvi@upi,160.0,2026-08-10T19:19:00
9246656522,hredhaan14@upi,1485.0,2026-08-14T08:20:00
9246656522,balakrishnanyamini@upi,265.0,2026-07-20T14:56:00
9783601253,jhalakshah@upi,95.0,2026-08-21T22:52:00
9783601253,gayathri23@upi,105.0,2026-08-27T20:51:00
9783601253,widisha49@upi,695.0,2026-07-29T01:04:00
9783601253,regesaanvi@upi,435.0,2026-07-02T04:09:00
9783601253,kiaan93@upi,495.0,2026-07-08T21:56:00
9783601253,dayamai85@upi,605.0,2026-07-27T23:43:00
9783601253,cheriannikita@upi,175.0,2026-07-21T14:53:00
9783601253,khoslahemal@upi,695.0,2026-08-19T07:48:00
9783601253,imani@upi,190.0,2026-08-26T15:40:00
9783601253,samuel75@upi,2810.0,2026-08-08T16:52:00
9783601253,issacraksha@upi,50.0,2026-08-03T13:13:00
9783601253,gbansal@upi,550.0,2026-08-11T22:10:00
9783601253,chaaya64@upi,170.0,2026-08-09T15:33:00
9650960181,facharya@upi,2710.0,2026-08-22T04:19:00
9650960181,unnatiwagle@upi,1070.0,2026-07-03T18:08:00
9650960181,aachal27@upi,605.0,2026-07-17T05:17:00
9650960181,geraamara@upi,555.0,2026-08-29T04:28:00
9650960181,uloke@upi,1280.0,2026-07-12T14:25:00
9650960181,nihalsoman@upi,760.0,2026-07-24T01:30:00
9650960181,brinda27@upi,1735.0,2026-07-20T22:25:00
9650960181,dmerchant@upi,8310.0,2026-08-25T14:33:00
9650960181,forum60@upi,280.0,2026-07-28T12:59:00
9650960181,karan97@upi,205.0,2026-07-02T03:18:00
9650960181,adyajain@upi,425.0,2026-08-15T06:09:00
9023392439,tanish61@upi,510.0,2026-08-17T03:12:00
9023392439,chasmum65@upi,130.0,2026-07-21T19:08:00
9023392439,zinalswamy@upi,2240.0,2026-07-11T23:34:00
9023392439,zdixit@upi,585.0,2026-07-18T11:02:00
9023392439,ubika99@upi,1200.0,2026-07-30T04:41:00
9023392439,regesaanvi@upi,4375.0,2026-08-09T02:44:00
9023392439,anvi70@upi,960.0,2026-08-27T01:44:00
9023392439,muniekani@upi,400.0,2026-08-07T05:22:00
9023392439,liamtrivedi@upi,945.0,2026-08-25T00:21:00
9023392439,yuvrajgupta@upi,240.0,2026-07-17T15:30:00
9023392439,nchawla@upi,120.0,2026-07-02T04:38:00
9023392439,srinivasabeer@upi,2935.0,2026-08-14T20:04:00
9023392439,deshpandeniharika@upi,1895.0,2026-07-22T14:57:00
9023392439,achahal@upi,335.0,2026-08-10T12:11:00
9717964393,jyoti18@upi,365.0,2026-08-24T05:36:00
9717964393,nachiket67@upi,1085.0,2026-08-07T22:42:00
9717964393,dayamaidoctor@upi,620.0,2026-08-02T02:43:00
9717964393,samraarunima@upi,65.0,2026-08-28T17:37:00
9717964393,hvenkataraman@upi,865.0,2026-08-22T13:23:00
9717964393,brarelijah@upi,460.0,2026-07-14T10:00:00
9717964393,hsagar@upi,655.0,2026-07-19T01:27:00
9717964393,hemang56@upi,3325.0,2026-07-11T02:17:00
9717964393,osarma@upi,120.0,2026-07-12T00:24:00
9717964393,diya84@upi,1050.0,2026-08-24T10:43:00
9717964393,dadachakradhar@upi,3215.0,2026-07-21T13:36:00
9717964393,aachal27@upi,305.0,2026-07-27T22:26:00
9717964393,gardejagrati@upi,390.0,2026-07-29T09:28:00
9717964393,dugarbishakha@upi,230.0,2026-08-15T18:59:00
9717964393,lborde@upi,140.0,2026-07-03T22:17:00
9717964393,khannaekani@upi,560.0,2026-07-23T13:51:00
9717964393,tparmar@upi,390.0,2026-07-07T18:51:00
9676650588,brijesh10@upi,330.0,2026-07-21T13:28:00
9676650588,ramjonathan@upi,245.0,2026-08-23T16:37:00
9676650588,dhruv18@upi,310.0,2026-08-07T15:41:00
9676650588,jhalakshah@upi,3750.0,2026-08-03T18:30:00
9676650588,david08@upi,1320.0,2026-08-30T05:35:00
9676650588,yashicakapur@upi,1325.0,2026-08-27T05:41:00
9676650588,adya21@upi,145.0,2026-07-12T00:14:00
9676650588,khoslahemal@upi,250.0,2026-08-05T12:11:00
9676650588,mohammedsavant@upi,40.0,2026-08-14T12:45:00
9676650588,hsagar@upi,740.0,2026-07-22T22:17:00
9676650588,bkanda@upi,160.0,2026-07-12T00:04:00
9947875390,kamdarosha@upi,1175.0,2026-07-19T05:38:00
9947875390,achahal@upi,305.0,2026-07-03T10:35:00
9947875390,zmajumdar@upi,40.0,2026-07-24T01:47:00
9947875390,dnori@upi,390.0,2026-07-18T08:58:00
9947875390,pahalbhavsar@upi,100.0,2026-08-18T21:29:00
9947875390,qushimitra@upi,75.0,2026-07-16T01:32:00
9947875390,sanayadara@upi,400.0,2026-08-21T05:23:00
9947875390,chandaniseshadri@upi,785.0,2026-07-27T20:31:00
9947875390,ambleliam@upi,495.0,2026-08-15T07:52:00
9947875390,pingleomaja@upi,75.0,2026-08-13T00:23:00
9822092764,qushi33@upi,465.0,2026-08-22T03:32:00
9822092764,yatin82@upi,2540.0,2026-08-24T15:09:00
9822092764,neelimabalay@upi,130.0,2026-07-10T05:16:00
9822092764,anthonybhasin@upi,1600.0,2026-08-26T07:32:00
9822092764,muniekani@upi,230.0,2026-08-25T10:01:00
9822092764,muniekani@upi,1500.0,2026-08-19T13:41:00
9822092764,facharya@upi,85.0,2026-07-06T16:02:00
9822092764,jhalakperi@upi,120.0,2026-08-11T16:56:00
9822092764,dadachakradhar@upi,555.0,2026-07-04T16:38:00
9822092764,aamble@upi,135.0,2026-08-17T02:47:00
9822092764,sundernitara@upi,590.0,2026-07-25T15:47:00
9616289158,bamble@upi,1400.0,2026-07-17T22:52:00
9616289158,dugarshravya@upi,385.0,2026-08-06T03:37:00
9616289158,tanish61@upi,680.0,2026-07-12T22:31:00
9616289158,daveazaan@upi,750.0,2026-08-29T01:57:00
9616289158,prege@upi,265.0,2026-07-19T16:42:00
9616289158,patelaadhya@upi,455.0,2026-07-12T12:16:00
9182010086,iyerojasvi@upi,1020.0,2026-07-24T01:18:00
9182010086,anaybassi@upi,3330.0,2026-07-23T04:16:00
9182010086,widisharamaswamy@upi,315.0,2026-07-09T14:58:00
9182010086,balansai@upi,100.0,2026-08-29T23:49:00
9182010086,ektachand@upi,980.0,2026-08-08T16:17:00
9182010086,ipandit@upi,1290.0,2026-07-03T23:01:00
9182010086,reva72@upi,285.0,2026-08-01T08:56:00
9182010086,raudalbir@upi,250.0,2026-07-18T03:03:00
9182010086,tchawla@upi,190.0,2026-08-15T17:45:00
9182010086,palanekaraj@upi,185.0,2026-08-07T16:55:00
9182010086,nayakwahab@upi,1050.0,2026-07-05T12:52:00
9182010086,prakashbhanumati@upi,470.0,2026-08-05T22:28:00
9182010086,avni81@upi,575.0,2026-07-07T20:05:00
9342606616,thakkarkamya@upi,115.0,2026-07-16T02:33:00
9342606616,madansamaksh@upi,110.0,2026-08-07T13:14:00
9342606616,tanvi78@upi,395.0,2026-08-28T08:53:00
9342606616,drai@upi,705.0,2026-08-21T03:51:00
9342606616,murthyyadavi@upi,225.0,2026-07-10T08:16:00
9342606616,comarridhi@upi,215.0,2026-08-06T13:08:00
9342606616,kadejalsa@upi,105.0,2026-08-27T18:26:00
9342606616,saumya98@upi,165.0,2026-07-17T12:24:00
9342606616,ishita92@upi,645.0,2026-07-16T02:41:00
9342606616,chaitanyabuch@upi,680.0,2026-08-10T07:31:00
9342606616,pingleforum@upi,1925.0,2026-07-11T22:02:00
9342606616,gbansal@upi,270.0,2026-07-06T06:23:00
9723948025,jatin98@upi,830.0,2026-07-07T11:39:00
9723948025,yashica84@upi,620.0,2026-07-11T18:27:00
9723948025,deoldevansh@upi,1430.0,2026-08-06T11:11:00
9723948025,zmajumdar@upi,1990.0,2026-08-21T07:34:00
9723948025,dmerchant@upi,700.0,2026-08-10T03:23:00
9723948025,ldevi@upi,1770.0,2026-08-06T10:05:00
9723948025,xgandhi@upi,240.0,2026-08-14T07:30:00
9723948025,dattabhavna@upi,1320.0,2026-08-15T19:44:00
9723948025,choudharysaanvi@upi,655.0,2026-08-29T01:35:00
9592735921,karanlibni@upi,17765.0,2026-08-21T00:24:00
9592735921,gardedipta@upi,185.0,2026-08-27T04:01:00
9592735921,vivaanhora@upi,880.0,2026-08-21T14:39:00
9592735921,mohammedsrinivas@upi,120.0,2026-07-15T04:43:00
9592735921,ranganathanhenry@upi,130.0,2026-07-05T02:59:00
9592735921,wgarde@upi,3220.0,2026-08-02T05:20:00
9592735921,krishmishra@upi,1695.0,2026-08-23T08:33:00
9592735921,dmerchant@upi,830.0,2026-07-28T16:15:00
9592735921,alexander82@upi,2045.0,2026-07-12T01:55:00
9592735921,sachi68@upi,1875.0,2026-08-16T20:16:00
9592735921,shankarkamala@upi,445.0,2026-08-08T13:37:00
9592735921,wrideshsengupta@upi,140.0,2026-07-18T03:37:00
9592735921,eesha30@upi,495.0,2026-07-24T19:39:00
9592735921,aryanadig@upi,895.0,2026-07-18T22:22:00
9626296040,girishdeshpande@upi,5780.0,2026-07-08T19:00:00
9626296040,uprabhakar@upi,140.0,2026-08-24T15:31:00
9626296040,reyanshmenon@upi,2005.0,2026-08-24T18:27:00
9626296040,mohammedsavant@upi,190.0,2026-08-20T03:36:00
9626296040,patrickkuruvilla@upi,220.0,2026-07-18T05:26:00
9626296040,galayochana@upi,1130.0,2026-07-21T20:09:00
9626296040,ansh85@upi,350.0,2026-08-10T23:05:00
9626296040,mallickmitali@upi,165.0,2026-08-01T14:48:00
9626296040,wmannan@upi,615.0,2026-07-29T02:17:00
9626296040,meghanaamble@upi,120.0,2026-07-11T05:22:00
9626296040,bhaktakrisha@upi,180.0,2026-07-03T11:25:00
9626296040,lokeyochana@upi,155.0,2026-08-14T00:45:00
9626296040,nirja02@upi,1175.0,2026-07-03T15:58:00
9626296040,rakshaborah@upi,55.0,2026-08-12T19:21:00
9626296040,ikaul@upi,255.0,2026-08-28T11:59:00
9626296040,munijasmit@upi,150.0,2026-08-02T14:36:00
9339899280,zayan77@upi,185.0,2026-08-29T18:43:00
9339899280,nihalsoman@upi,420.0,2026-08-10T10:49:00
9339899280,bhaktakrisha@upi,515.0,2026-08-22T10:58:00
9339899280,meghanaamble@upi,95.0,2026-07-12T05:15:00
9339899280,dayamai85@upi,2015.0,2026-08-16T15:07:00
9339899280,nirja02@upi,1955.0,2026-07-21T09:25:00
9339899280,comarridhi@upi,175.0,2026-07-30T14:35:00
9339899280,modyfalguni@upi,240.0,2026-07-02T02:34:00
9339899280,vrinda42@upi,1965.0,2026-07-24T16:36:00
9339899280,alexander71@upi,2710.0,2026-08-28T13:14:00
9339899280,abhiram24@upi,420.0,2026-07-21T07:25:00
9339899280,yuvrajgupta@upi,235.0,2026-07-22T08:00:00
9339899280,anjalikara@upi,810.0,2026-08-28T20:44:00
9339899280,zachariachasmum@upi,290.0,2026-07-16T21:42:00
9339899280,ubika99@upi,425.0,2026-08-01T00:20:00
9339899280,modyadvika@upi,195.0,2026-08-10T02:05:00
9339899280,geraamara@upi,745.0,2026-07-03T22:28:00
9581891703,ajani@upi,655.0,2026-08-16T10:51:00
9581891703,tbaral@upi,880.0,2026-08-09T22:10:00
9581891703,samakshshukla@upi,1215.0,2026-08-04T02:53:00
9581891703,nattshaurya@upi,170.0,2026-08-15T22:11:00
9581891703,garderiya@upi,1370.0,2026-08-22T20:41:00
9581891703,tamanna27@upi,1815.0,2026-08-05T18:27:00
9581891703,mohammedsavant@upi,845.0,2026-07-26T20:36:00
9917643972,choudhurysanaya@upi,835.0,2026-08-07T23:17:00
9917643972,kamdarosha@upi,345.0,2026-08-10T02:30:00
9917643972,baghyawatikar@upi,50.0,2026-08-01T14:39:00
9917643972,semteerth@upi,1945.0,2026-07-09T17:50:00
9917643972,turvi76@upi,1625.0,2026-07-26T03:59:00
9917643972,lokeyochana@upi,380.0,2026-07-06T18:32:00
9917643972,aggarwalgabriel@upi,1635.0,2026-08-27T06:22:00
9917643972,vsehgal@upi,45.0,2026-07-19T22:57:00
9917643972,neelimabalay@upi,420.0,2026-08-15T02:37:00
9917643972,lnarain@upi,355.0,2026-07-28T23:07:00
9917643972,radhakrishnanrachit@upi,745.0,2026-07-14T05:01:00
9917643972,mitraabdul@upi,2205.0,2026-08-20T09:12:00
9917643972,anjalikara@upi,605.0,2026-07-30T15:22:00
9917643972,tjha@upi,815.0,2026-08-26T05:58:00
9559321940,christopher87@upi,385.0,2026-07-20T16:33:00
9559321940,patelaadhya@upi,200.0,2026-07-24T16:50:00
9559321940,waidanarayanan@upi,1995.0,2026-08-12T00:46:00
9559321940,desaianusha@upi,1145.0,2026-07-14T11:06:00
9559321940,abhiramvig@upi,705.0,2026-07-30T07:32:00
9559321940,gayathri42@upi,685.0,2026-07-27T13:36:00
9559321940,bakhshi28@upi,940.0,2026-07-27T21:06:00
9559321940,shankarkamala@upi,2010.0,2026-07-16T11:14:00
9559321940,zinalswamy@upi,785.0,2026-08-28T18:53:00
9559321940,raudalbir@upi,1205.0,2026-07-22T21:03:00
9559321940,atwalrajeshri@upi,530.0,2026-07-17T09:40:00
9559321940,thakkarkamya@upi,1180.0,2026-07-10T13:03:00
9213278016,pingleforum@upi,1575.0,2026-08-10T03:48:00
9213278016,dhruv18@upi,185.0,2026-08-18T17:09:00
9213278016,kamdarosha@upi,205.0,2026-08-07T23:14:00
9213278016,vaishnavitara@upi,80.0,2026-07-12T05:54:00
9213278016,gangulybanjeet@upi,345.0,2026-07-28T12:44:00
9213278016,gangulybanjeet@upi,2935.0,2026-08-20T03:22:00
9213278016,aamble@upi,2400.0,2026-08-16T04:27:00
9213278016,sanayadara@upi,130.0,2026-08-09T22:24:00
9213278016,ubika99@upi,400.0,2026-07-14T17:24:00
9213278016,mallickmitali@upi,240.0,2026-07-03T14:23:00
9213278016,widisha49@upi,3045.0,2026-08-29T11:33:00
9213278016,dashekavir@upi,255.0,2026-08-02T08:25:00
9035922148,riya85@upi,350.0,2026-08-24T03:55:00
9035922148,agastya25@upi,505.0,2026-08-01T18:50:00
9035922148,bimala77@upi,2520.0,2026-08-06T05:01:00
9035922148,vigjairaj@upi,510.0,2026-07-08T22:56:00
9035922148,mohammedsrinivas@upi,485.0,2026-08-15T10:08:00
9035922148,dtripathi@upi,1045.0,2026-07-15T01:37:00
9035922148,isharattan@upi,605.0,2026-07-07T19:50:00
9035922148,bhanumatihayer@upi,805.0,2026-08-21T00:28:00
9035922148,advaysahota@upi,225.0,2026-08-04T17:58:00
9035922148,pranit80@upi,265.0,2026-07-31T19:28:00
9035922148,girishwali@upi,130.0,2026-07-03T03:28:00
9035922148,prakashbhanumati@upi,395.0,2026-08-11T18:33:00
9035922148,jagvigoel@upi,2165.0,2026-07-08T10:08:00
9035922148,lborde@upi,3335.0,2026-08-12T08:38:00
9035922148,wardasoni@upi,1015.0,2026-08-01T19:35:00
9035922148,chakradhar97@upi,1285.0,2026-07-31T19:23:00
9052116857,balakrishnanyamini@upi,6780.0,2026-07-22T16:19:00
9052116857,facharya@upi,1530.0,2026-07-21T03:59:00
9052116857,advik18@upi,550.0,2026-07-04T13:25:00
9052116857,mekhala18@upi,525.0,2026-07-24T20:22:00
9052116857,chakradhar97@upi,805.0,2026-07-23T17:52:00
9052116857,anmolthaker@upi,1145.0,2026-08-14T19:27:00
9052116857,shauryanagarajan@upi,875.0,2026-08-22T12:49:00
9052116857,darika92@upi,415.0,2026-08-18T07:54:00
9052116857,meghanaamble@upi,890.0,2026-07-24T16:57:00
9052116857,anshpal@upi,1445.0,2026-08-27T17:37:00
9052116857,yauvani39@upi,270.0,2026-07-29T16:27:00
9052116857,samuel75@upi,785.0,2026-07-17T11:50:00
9052116857,sethitriveni@upi,345.0,2026-08-20T06:04:00
9052116857,jchakrabarti@upi,370.0,2026-07-26T11:57:00
9052116857,abhiram75@upi,395.0,2026-07-22T15:48:00
9052116857,zdixit@upi,710.0,2026-07-16T00:36:00
9234395369,zagrawal@upi,435.0,2026-07-22T04:16:00
9234395369,guneetlata@upi,725.0,2026-08-05T02:03:00
9234395369,qedwin@upi,510.0,2026-08-19T09:16:00
9234395369,chakradhar97@upi,345.0,2026-08-02T10:32:00
9234395369,raudalbir@upi,455.0,2026-08-04T10:57:00
9234395369,vdugar@upi,45.0,2026-07-25T04:33:00
9234395369,ektachand@upi,105.0,2026-08-23T12:28:00
9234395369,iyerojasvi@upi,490.0,2026-08-02T20:51:00
9234395369,jagat44@upi,640.0,2026-08-07T00:35:00
9234395369,jatin98@upi,340.0,2026-07-19T14:09:00
9234395369,sratti@upi,300.0,2026-08-09T15:47:00
9541651533,teerthhalder@upi,1380.0,2026-08-12T01:36:00
9541651533,imani@upi,145.0,2026-07-24T09:27:00
9541651533,zbajwa@upi,585.0,2026-07-18T22:40:00
9541651533,karan97@upi,420.0,2026-08-23T14:09:00
9541651533,udarshsinghal@upi,1360.0,2026-08-06T17:28:00
9541651533,qushi33@upi,465.0,2026-07-02T12:50:00
9541651533,gaurang20@upi,190.0,2026-07-08T03:09:00
9541651533,onkar82@upi,370.0,2026-07-04T02:58:00
9541651533,gardejagrati@upi,220.0,2026-07-23T13:41:00
9541651533,yahvisawhney@upi,1150.0,2026-07-07T16:04:00
9541651533,advik18@upi,205.0,2026-07-09T17:36:00
9541651533,wrideshsengupta@upi,140.0,2026-07-27T04:40:00
9582184249,dhriti23@upi,7680.0,2026-07-25T09:14:00
9582184249,tparmar@upi,355.0,2026-08-27T05:24:00
9582184249,bajwamitali@upi,1265.0,2026-08-28T10:05:00
9582184249,achahal@upi,5850.0,2026-07-31T03:07:00
9582184249,yashawini25@upi,5905.0,2026-08-09T10:47:00
9582184249,nitesh70@upi,180.0,2026-07-18T19:37:00
9582184249,mallickmitali@upi,625.0,2026-08-30T06:45:00
9582184249,upkaar31@upi,130.0,2026-07-24T21:10:00
9582184249,jatin98@upi,1885.0,2026-07-02T03:51:00
9683509307,rgulati@upi,365.0,2026-08-17T22:23:00
9683509307,harshdube@upi,1710.0,2026-07-18T18:43:00
9683509307,aviparmer@upi,1650.0,2026-08-13T17:35:00
9683509307,dadavrinda@upi,590.0,2026-07-27T19:07:00
9683509307,galayochana@upi,360.0,2026-08-10T21:58:00
9683509307,murtyridhi@upi,185.0,2026-07-22T12:07:00
9683509307,tjha@upi,330.0,2026-08-20T07:34:00
9683509307,logan71@upi,950.0,2026-08-01T09:27:00
9891403278,gollatejas@upi,350.0,2026-08-18T17:17:00
9891403278,tjha@upi,1960.0,2026-07-11T11:51:00
9891403278,sjani@upi,320.0,2026-07-03T21:26:00
9891403278,keerpeter@upi,135.0,2026-07-11T20:46:00
9891403278,balakrishnanyamini@upi,295.0,2026-08-10T20:52:00
9891403278,gautam72@upi,375.0,2026-07-02T20:52:00
9891403278,ladanthony@upi,2255.0,2026-08-08T01:55:00
9891403278,nirja02@upi,335.0,2026-08-03T21:45:00
9891403278,muttizarna@upi,435.0,2026-07-23T10:52:00
9453985457,daniel26@upi,650.0,2026-08-10T15:21:00
9453985457,uvasa@upi,295.0,2026-08-18T05:52:00
9453985457,bimala77@upi,1565.0,2026-07-29T09:25:00
9453985457,sachi68@upi,7205.0,2026-07-18T05:24:00
9453985457,hparmar@upi,1260.0,2026-07-30T08:59:00
9453985457,ansh85@upi,2245.0,2026-07-18T01:26:00
9453985457,adyajain@upi,1270.0,2026-07-23T03:09:00
9453985457,parsaayushman@upi,270.0,2026-07-23T06:34:00
9453985457,goledeepa@upi,950.0,2026-07-25T17:27:00
9453985457,kkata@upi,80.0,2026-08-20T14:59:00
9453985457,dkanda@upi,640.0,2026-07-23T20:08:00
9453985457,gardedipta@upi,1195.0,2026-07-23T20:12:00
9453985457,ahegde@upi,945.0,2026-07-01T10:15:00
9453985457,kiaan93@upi,1515.0,2026-08-13T14:39:00
9453985457,yuvrajgupta@upi,325.0,2026-07-28T10:19:00
9453985457,udarshsinghal@upi,275.0,2026-07-07T14:17:00
9453985457,ukhurana@upi,225.0,2026-08-14T11:49:00
9453985457,rbakshi@upi,610.0,2026-08-25T08:10:00
9386371955,amaira65@upi,210.0,2026-08-14T06:19:00
9386371955,krishmishra@upi,430.0,2026-07-30T23:52:00
9386371955,gayathri42@upi,360.0,2026-08-03T02:38:00
9386371955,mitraabdul@upi,630.0,2026-07-08T16:20:00
9386371955,shroffosha@upi,1480.0,2026-07-10T10:31:00
9386371955,saumya98@upi,1430.0,2026-07-09T18:02:00
9386371955,raveloliver@upi,330.0,2026-07-12T13:02:00
9386371955,muttizarna@upi,3070.0,2026-07-31T08:34:00
9395008160,facharya@upi,2220.0,2026-08-07T06:01:00
9395008160,urishilla62@upi,1885.0,2026-07-03T07:51:00
9395008160,hemang56@upi,430.0,2026-07-19T07:43:00
9395008160,eesha58@upi,165.0,2026-07-29T23:07:00
9395008160,yatin82@upi,110.0,2026-08-13T07:33:00
9395008160,ambleliam@upi,3780.0,2026-08-11T14:06:00
9395008160,nakul15@upi,545.0,2026-07-30T16:38:00
9395008160,qushimitra@upi,1535.0,2026-07-26T00:23:00
9343853185,harrison85@upi,335.0,2026-08-07T11:41:00
9343853185,ramanathannirja@upi,905.0,2026-07-31T03:00:00
9343853185,nakul15@upi,2560.0,2026-07-26T17:15:00
9343853185,hemang56@upi,40.0,2026-07-29T05:18:00
9343853185,bimala77@upi,580.0,2026-07-25T15:48:00
9343853185,mannanryan@upi,3570.0,2026-07-02T04:48:00
9343853185,singhudant@upi,14345.0,2026-08-04T06:35:00
9343853185,osarma@upi,490.0,2026-08-17T20:23:00
9343853185,comarridhi@upi,6040.0,2026-08-01T02:48:00
9343853185,riya85@upi,1100.0,2026-08-07T23:17:00
9343853185,balvan90@upi,190.0,2026-07-31T17:49:00
9343853185,jalsa37@upi,225.0,2026-07-22T01:10:00
9558401725,venkateshkrishna@upi,790.0,2026-07-20T04:18:00
9558401725,vdugar@upi,1860.0,2026-08-12T12:45:00
9558401725,vsehgal@upi,2775.0,2026-07-22T13:47:00
9558401725,rpathak@upi,75.0,2026-07-14T18:51:00
9558401725,esrinivasan@upi,335.0,2026-07-03T06:08:00
9558401725,reyanshmenon@upi,2565.0,2026-07-13T11:55:00
9558401725,jnagar@upi,395.0,2026-08-19T15:30:00
9558401725,vamakshi87@upi,2820.0,2026-08-14T13:47:00
9558401725,agastya25@upi,715.0,2026-08-10T10:22:00
9558401725,singhshaurya@upi,2035.0,2026-08-07T16:43:00
9558401725,saranzansi@upi,2435.0,2026-08-23T05:02:00
9558401725,nazarethdamini@upi,270.0,2026-07-24T01:57:00
9558401725,waida57@upi,905.0,2026-07-18T11:22:00
9558401725,nitara56@upi,120.0,2026-08-20T04:15:00
9558401725,neel66@upi,4105.0,2026-07-08T02:00:00
9891184672,garderiya@upi,5650.0,2026-08-13T21:45:00
9891184672,murthyyadavi@upi,395.0,2026-08-17T04:40:00
9891184672,shivanibanik@upi,2150.0,2026-07-25T16:47:00
9891184672,yahvitailor@upi,960.0,2026-08-25T07:29:00
9891184672,dashekavir@upi,470.0,2026-08-24T13:11:00
9891184672,vyanjanabuch@upi,1185.0,2026-08-15T16:06:00
9891184672,garariya@upi,260.0,2026-08-28T14:59:00
9891184672,gayathri42@upi,235.0,2026-08-12T15:45:00
9891184672,rpathak@upi,140.0,2026-07-29T17:08:00
9891184672,anusha49@upi,185.0,2026-07-23T18:53:00
9706517113,vigjairaj@upi,535.0,2026-08-26T06:03:00
9706517113,pavanikhanna@upi,890.0,2026-07-07T11:48:00
9706517113,muttizarna@upi,630.0,2026-08-19T09:52:00
9706517113,alexander82@upi,470.0,2026-08-19T21:57:00
9706517113,radhakrishnanrachit@upi,235.0,2026-07-24T23:19:00
9706517113,qushikamdar@upi,2215.0,2026-08-23T08:03:00
9706517113,aryanadig@upi,1740.0,2026-07-23T17:56:00
9388850469,keyatripathi@upi,185.0,2026-07-17T05:49:00
9388850469,ikshitaissac@upi,155.0,2026-08-29T20:11:00
9388850469,tjha@upi,1045.0,2026-07-07T20:33:00
9388850469,kadejalsa@upi,260.0,2026-07-17T06:42:00
9388850469,upkaarpingle@upi,1070.0,2026-07-13T09:58:00
9388850469,urishilla62@upi,1965.0,2026-08-21T21:37:00
9388850469,singhaashi@upi,260.0,2026-07-25T23:27:00
9388850469,doshijeremiah@upi,2390.0,2026-08-20T10:23:00
9388850469,esrinivasan@upi,2280.0,2026-07-25T05:06:00
9388850469,dharnathaniel@upi,305.0,2026-08-29T02:16:00
9388850469,schander@upi,1710.0,2026-07-25T12:17:00
9983171750,sulegunbir@upi,1380.0,2026-07-28T20:00:00
9983171750,gautam72@upi,135.0,2026-08-11T22:09:00
9983171750,mitraabdul@upi,1180.0,2026-07-11T23:53:00
9983171750,onkar82@upi,3530.0,2026-08-28T12:00:00
9983171750,ramanathannirja@upi,390.0,2026-08-09T18:59:00
9983171750,balomkaar@upi,255.0,2026-08-23T06:08:00
9983171750,pahalbhavsar@upi,2550.0,2026-08-21T02:39:00
9983171750,ramachandranvasana@upi,95.0,2026-08-17T12:12:00
9983171750,shansuhani@upi,1290.0,2026-08-29T04:08:00
9983171750,jagvi39@upi,880.0,2026-08-22T03:39:00
9983171750,yoshitabatra@upi,620.0,2026-07-31T05:38:00
9148804543,eganesh@upi,395.0,2026-08-05T17:39:00
9148804543,hredhaan14@upi,225.0,2026-08-10T11:27:00
9148804543,ambleliam@upi,590.0,2026-08-27T12:47:00
9148804543,zmajumdar@upi,1220.0,2026-08-17T23:18:00
9148804543,nitara56@upi,270.0,2026-08-22T09:25:00
9148804543,schander@upi,120.0,2026-08-25T05:14:00
9148804543,hiralbahri@upi,600.0,2026-07-22T15:21:00
9148804543,deshpandeniharika@upi,330.0,2026-07-04T12:04:00
9148804543,sudiksha13@upi,1420.0,2026-08-14T07:27:00
9148804543,onkar82@upi,210.0,2026-08-28T06:24:00
9148804543,dashekavir@upi,1085.0,2026-07-17T09:09:00
9148804543,modyadvika@upi,635.0,2026-07-30T07:29:00
9148804543,yashasvi16@upi,1240.0,2026-07-29T20:00:00
9148804543,kalahredhaan@upi,125.0,2026-07-28T08:14:00
9148804543,wriddhish67@upi,265.0,2026-08-05T14:16:00
9148804543,osarma@upi,585.0,2026-07-23T00:12:00
9148804543,advay80@upi,1950.0,2026-08-11T18:01:00
9235973021,keerabha@upi,265.0,2026-08-03T23:09:00
9235973021,gadejairaj@upi,225.0,2026-08-28T11:41:00
9235973021,samraarunima@upi,365.0,2026-08-03T04:29:00
9235973021,iyerojasvi@upi,215.0,2026-08-29T18:38:00
9235973021,aptemohammed@upi,910.0,2026-07-03T08:16:00
9235973021,oni66@upi,445.0,2026-07-15T21:36:00
9235973021,yatin82@upi,535.0,2026-07-17T12:28:00
9235973021,wvarty@upi,4825.0,2026-08-13T08:55:00
9235973021,yuvrajgupta@upi,8475.0,2026-08-10T10:24:00
9235973021,saide@upi,210.0,2026-08-05T06:08:00
9235973021,chakradharvarkey@upi,855.0,2026-08-12T04:23:00
9235973021,qramanathan@upi,575.0,2026-08-20T15:35:00
9235973021,chandaniseshadri@upi,805.0,2026-08-09T16:42:00
9235973021,saumya68@upi,1030.0,2026-08-28T14:43:00
9235973021,khannabalveer@upi,135.0,2026-07-03T13:22:00
9235973021,duachakrika@upi,390.0,2026-08-26T22:54:00
9235973021,logan71@upi,260.0,2026-07-20T19:59:00
9517600235,rishi55@upi,605.0,2026-08-16T13:41:00
9517600235,saumya98@upi,245.0,2026-07-23T08:25:00
9517600235,balansai@upi,915.0,2026-07-10T18:08:00
9517600235,kotaunni@upi,275.0,2026-08-13T19:04:00
9517600235,ikibe@upi,675.0,2026-08-17T00:13:00
9517600235,shivanibanik@upi,300.0,2026-08-01T04:33:00
9517600235,mannetejas@upi,390.0,2026-07-19T16:50:00
9517600235,bkanda@upi,250.0,2026-08-29T11:06:00
9517600235,mukhopadhyayjack@upi,485.0,2026-07-05T19:24:00
9517600235,abhiram75@upi,2145.0,2026-07-18T14:04:00
9517600235,nirja02@upi,490.0,2026-08-05T07:20:00
9517600235,vamakshi87@upi,785.0,2026-07-26T09:34:00
9517600235,sathebaljiwan@upi,110.0,2026-08-16T02:28:00
9517600235,brarelijah@upi,240.0,2026-07-05T19:56:00
9517600235,balvan95@upi,345.0,2026-08-14T00:13:00
9517600235,manthan74@upi,705.0,2026-08-16T12:15:00
9517600235,dnori@upi,945.0,2026-08-05T19:36:00
9517600235,dayamai85@upi,2110.0,2026-07-27T20:28:00
9569898253,rajagopalnisha@upi,1770.0,2026-07-17T07:06:00
9569898253,falan01@upi,655.0,2026-08-13T07:57:00
9569898253,gganguly@upi,2470.0,2026-07-15T16:31:00
9569898253,mkari@upi,425.0,2026-08-20T02:17:00
9569898253,kala21@upi,450.0,2026-07-15T03:07:00
9569898253,meghanakapur@upi,1185.0,2026-08-13T09:34:00
9569898253,yatin82@upi,370.0,2026-08-02T18:28:00
9569898253,kapurayaan@upi,2005.0,2026-08-21T07:01:00
9569898253,lborde@upi,3010.0,2026-07-01T20:55:00
9569898253,indiraravi@upi,165.0,2026-07-28T12:02:00
9569898253,dnori@upi,255.0,2026-08-17T00:04:00
9569898253,dayalviraj@upi,655.0,2026-08-04T02:44:00
9569898253,nitesh70@upi,315.0,2026-07-24T06:17:00
9569898253,kkata@upi,185.0,2026-07-22T19:32:00
9569898253,yahvisawhney@upi,535.0,2026-07-25T18:05:00
9569898253,prasadpratyush@upi,475.0,2026-07-28T19:48:00
9569898253,balomkaar@upi,360.0,2026-08-09T21:17:00
9569898253,gayathri23@upi,610.0,2026-08-11T09:58:00
9569898253,diya84@upi,1280.0,2026-07-24T12:23:00
9032926051,jagvigoel@upi,95.0,2026-07-24T07:57:00
9032926051,samarthchokshi@upi,2260.0,2026-08-02T01:46:00
9032926051,deshpandeniharika@upi,910.0,2026-08-13T11:34:00
9032926051,sratti@upi,2650.0,2026-08-05T08:28:00
9032926051,abhiramvig@upi,685.0,2026-08-13T01:33:00
9032926051,shankarkamala@upi,365.0,2026-08-06T07:41:00
9032926051,subramaniantheodore@upi,1985.0,2026-08-23T12:51:00
9032926051,zbajwa@upi,305.0,2026-07-10T17:15:00
9032926051,surchakradhar@upi,885.0,2026-07-28T09:43:00
9032926051,daveazaan@upi,120.0,2026-07-05T14:03:00
9032926051,balansai@upi,625.0,2026-07-16T17:44:00
9032926051,neel66@upi,160.0,2026-07-08T04:24:00
9032926051,dhruvde@upi,335.0,2026-07-07T15:08:00
9032926051,abhiram75@upi,625.0,2026-08-07T05:40:00
9032926051,dayalviraj@upi,4275.0,2026-07-17T12:38:00
9032926051,alexander71@upi,250.0,2026-08-06T04:03:00
9048671311,anusha49@upi,135.0,2026-07-31T14:36:00
9048671311,aviparmer@upi,4770.0,2026-08-18T18:39:00
9048671311,palanekaraj@upi,1890.0,2026-08-26T14:07:00
9048671311,kashvimahajan@upi,420.0,2026-08-15T11:19:00
9048671311,vinaya59@upi,545.0,2026-07-08T12:02:00
9048671311,harrison85@upi,930.0,2026-08-12T04:49:00
9048671311,waida57@upi,450.0,2026-07-09T05:13:00
9048671311,hsagar@upi,1250.0,2026-07-25T10:59:00
9620805495,ishwar88@upi,1050.0,2026-08-01T04:03:00
9620805495,sahaavni@upi,1085.0,2026-07-04T18:44:00
9620805495,gaurichaudhuri@upi,2035.0,2026-07-15T07:53:00
9620805495,chakrabartisamarth@upi,540.0,2026-07-10T21:55:00
9620805495,raghav60@upi,525.0,2026-08-10T09:20:00
9620805495,sundernitara@upi,590.0,2026-07-11T19:34:00
9620805495,xbobal@upi,85.0,2026-07-03T17:18:00
9620805495,nandawakeeta@upi,535.0,2026-08-11T09:48:00
9620805495,qramanathan@upi,2255.0,2026-08-20T11:14:00
9620805495,kuruvillaisaiah@upi,375.0,2026-08-22T00:35:00
9620805495,jchakrabarti@upi,780.0,2026-08-09T04:37:00
9274610699,garariya@upi,710.0,2026-08-05T07:13:00
9274610699,edhithaacharya@upi,1085.0,2026-08-02T08:35:00
9274610699,brarelijah@upi,280.0,2026-08-29T20:37:00
9274610699,saumya68@upi,515.0,2026-07-15T03:16:00
9274610699,bhatttarak@upi,515.0,2026-07-10T04:15:00
9274610699,zdixit@upi,715.0,2026-08-21T20:08:00
9274610699,advik18@upi,970.0,2026-07-22T21:36:00
9274610699,anshborah@upi,120.0,2026-07-19T04:59:00
9274610699,bakhshi28@upi,1775.0,2026-08-14T21:47:00
9274610699,singhshaurya@upi,120.0,2026-08-20T06:17:00
9274610699,yatankota@upi,270.0,2026-08-12T04:22:00
9274610699,baghyawatikar@upi,1540.0,2026-07-27T22:21:00
9274610699,vaishnavishroff@upi,920.0,2026-08-20T01:53:00
9274610699,brinda39@upi,485.0,2026-07-13T12:25:00
9274610699,sarkarturvi@upi,480.0,2026-07-31T09:54:00
9274610699,divya58@upi,440.0,2026-08-19T09:50:00
9274610699,yashica37@upi,900.0,2026-07-26T23:20:00
9274610699,eesha58@upi,1460.0,2026-08-21T05:10:00
9495481440,thora@upi,5810.0,2026-08-29T04:07:00
9495481440,aayush88@upi,1895.0,2026-07-22T08:12:00
9495481440,qganesan@upi,460.0,2026-07-14T17:57:00
9495481440,karan97@upi,1320.0,2026-08-18T22:34:00
9495481440,aryanadig@upi,130.0,2026-07-05T00:04:00
9495481440,brinda39@upi,360.0,2026-08-18T20:51:00
9495481440,rchaudhary@upi,240.0,2026-08-18T12:54:00
9495481440,dattabhavna@upi,1320.0,2026-08-08T16:03:00
9495481440,abhachatterjee@upi,165.0,2026-08-07T02:05:00
9495481440,asinghal@upi,275.0,2026-07-23T13:40:00
9495481440,osagar@upi,2070.0,2026-08-11T14:29:00
9495481440,doshijeremiah@upi,105.0,2026-07-28T00:47:00
9495481440,yaminibhatnagar@upi,170.0,2026-08-29T13:30:00
9106672436,jalsa37@upi,330.0,2026-08-02T09:29:00
9106672436,nakul15@upi,1305.0,2026-07-07T07:01:00
9106672436,jai68@upi,550.0,2026-07-13T19:24:00
9106672436,adyajain@upi,3115.0,2026-08-10T20:33:00
9106672436,xkara@upi,435.0,2026-08-03T03:57:00
9106672436,shroffosha@upi,4930.0,2026-08-24T05:01:00
9106672436,mohammedsavant@upi,525.0,2026-08-07T13:13:00
9106672436,anmol24@upi,2985.0,2026-07-10T07:31:00
9106672436,achahal@upi,90.0,2026-07-07T22:44:00
9106672436,ishita92@upi,745.0,2026-07-31T23:19:00
9106672436,deshpandeniharika@upi,1405.0,2026-08-16T00:39:00
9695427713,tchawla@upi,340.0,2026-08-08T19:18:00
9695427713,kabir98@upi,365.0,2026-07-12T03:32:00
9695427713,saide@upi,1460.0,2026-08-24T06:08:00
9695427713,pahalbhavsar@upi,1530.0,2026-08-03T02:34:00
9695427713,rchaudhary@upi,390.0,2026-08-14T08:16:00
9695427713,rakshaborah@upi,405.0,2026-07-06T07:36:00
9695427713,neel66@upi,990.0,2026-08-23T11:02:00
9695427713,choudhurysanaya@upi,625.0,2026-08-12T19:42:00
9695427713,santzaid@upi,140.0,2026-08-27T03:01:00
9695427713,xkara@upi,710.0,2026-07-27T12:39:00
9695427713,mkari@upi,135.0,2026-07-02T12:02:00
9156490709,darika92@upi,1655.0,2026-07-13T23:14:00
9156490709,vasatikazachariah@upi,1370.0,2026-07-07T13:47:00
9156490709,zilmilvala@upi,890.0,2026-07-01T21:07:00
9156490709,janakibarman@upi,685.0,2026-08-28T17:46:00
9156490709,janakibarman@upi,1050.0,2026-07-17T11:09:00
9156490709,dseshadri@upi,145.0,2026-08-11T08:03:00
9156490709,mangalikbal@upi,455.0,2026-08-02T18:59:00
9156490709,lsharma@upi,415.0,2026-08-16T11:26:00
9156490709,singhshaurya@upi,2520.0,2026-07-22T14:53:00
9156490709,daniel26@upi,695.0,2026-08-20T13:55:00
9156490709,ijayawason@upi,105.0,2026-08-28T09:27:00
9156490709,hredhaan14@upi,2300.0,2026-07-02T04:12:00
9432789553,madhav62@upi,565.0,2026-08-15T09:08:00
9432789553,tchawla@upi,16500.0,2026-08-02T04:55:00
9432789553,zagrawal@upi,2725.0,2026-07-21T23:02:00
9432789553,abhachatterjee@upi,70.0,2026-07-11T05:00:00
9432789553,uloke@upi,2585.0,2026-08-25T09:09:00
9432789553,gardedipta@upi,520.0,2026-08-17T01:12:00
9432789553,damini19@upi,150.0,2026-08-24T03:12:00
9432789553,nandini88@upi,1690.0,2026-07-29T15:31:00
9432789553,rbadami@upi,1510.0,2026-07-29T05:43:00
9432789553,avni81@upi,245.0,2026-08-10T04:49:00
9432789553,kkata@upi,920.0,2026-07-18T13:45:00
9432789553,yadavidugar@upi,2480.0,2026-08-25T00:54:00
9227813809,ldevi@upi,590.0,2026-08-27T10:09:00
9227813809,dhritiatwal@upi,1535.0,2026-08-03T20:48:00
9227813809,comarridhi@upi,5605.0,2026-07-17T10:03:00
9227813809,maanavsubramaniam@upi,120.0,2026-08-24T15:31:00
9227813809,bhanumatimunshi@upi,1675.0,2026-08-10T14:25:00
9227813809,rajagopalanvi@upi,665.0,2026-07-25T01:35:00
9227813809,aryanadig@upi,1640.0,2026-08-28T07:15:00
9227813809,liamtrivedi@upi,405.0,2026-07-18T13:45:00
9227813809,prakashbhanumati@upi,240.0,2026-07-14T19:46:00
9227813809,yahvisawhney@upi,2510.0,2026-08-08T13:02:00
9227813809,patelaadhya@upi,330.0,2026-08-23T21:24:00
9227813809,upkaar31@upi,245.0,2026-07-06T20:51:00
9210244612,baljiwan69@upi,280.0,2026-07-06T10:13:00
9210244612,yatin82@upi,250.0,2026-07-08T06:46:00
9210244612,amolpal@upi,160.0,2026-07-27T08:36:00
9210244612,yuvrajgupta@upi,875.0,2026-07-29T00:33:00
9210244612,gardejagrati@upi,975.0,2026-08-10T20:58:00
9210244612,aamble@upi,2700.0,2026-08-13T15:02:00
9210244612,rpalla@upi,3410.0,2026-07-13T04:29:00
9210244612,eesha58@upi,130.0,2026-07-01T18:47:00
9210244612,eesha58@upi,585.0,2026-08-03T14:26:00
9210244612,matthew58@upi,700.0,2026-08-28T14:11:00
9210244612,ekaraj32@upi,2675.0,2026-08-13T04:56:00
9210244612,mohammedsrinivas@upi,1330.0,2026-08-07T20:18:00
9925714244,anmolthaker@upi,1065.0,2026-08-26T15:47:00
9925714244,gaurichaudhuri@upi,35.0,2026-07-06T17:04:00
9925714244,tbhardwaj@upi,60.0,2026-08-16T16:21:00
9925714244,dmerchant@upi,950.0,2026-07-22T05:45:00
9925714244,vaishnavitara@upi,785.0,2026-07-03T22:03:00
9925714244,abhiramvig@upi,630.0,2026-08-09T07:46:00
9925714244,igarg@upi,195.0,2026-07-13T04:17:00
9925714244,yaminirout@upi,580.0,2026-08-03T00:11:00
9925714244,brinda39@upi,495.0,2026-08-06T02:12:00
9925714244,raksha03@upi,260.0,2026-07-29T19:10:00
9075311300,ikibe@upi,2080.0,2026-08-19T05:32:00
9075311300,charvi52@upi,105.0,2026-07-18T06:47:00
9075311300,khannabalveer@upi,810.0,2026-08-02T19:19:00
9075311300,modyadvika@upi,1580.0,2026-07-11T19:42:00
9075311300,pingleforum@upi,490.0,2026-08-05T13:15:00
9075311300,brijesh10@upi,1630.0,2026-08-26T21:51:00
9075311300,tripathifrederick@upi,45.0,2026-07-07T03:43:00
9075311300,ikapoor@upi,830.0,2026-08-07T17:03:00
9075311300,khannaekani@upi,8930.0,2026-07-20T16:44:00
9075311300,riya01@upi,4470.0,2026-08-05T01:22:00
9075311300,gganguly@upi,220.0,2026-08-20T02:33:00
9075311300,baljiwan69@upi,325.0,2026-07-20T23:10:00
9075311300,anthonybhasin@upi,4250.0,2026-08-07T04:57:00
9795042893,wyatt76@upi,175.0,2026-07-07T17:35:00
9795042893,prasadpratyush@upi,925.0,2026-07-28T10:47:00
9795042893,wsami@upi,860.0,2026-07-02T22:20:00
9795042893,henrymenon@upi,765.0,2026-07-06T16:42:00
9795042893,urmigoswami@upi,195.0,2026-07-30T11:37:00
9795042893,nayakwahab@upi,1695.0,2026-08-21T03:05:00
9795042893,pingleomaja@upi,190.0,2026-07-24T14:15:00
9795042893,falankata@upi,750.0,2026-07-19T20:49:00
9795042893,gayathri42@upi,255.0,2026-08-03T02:19:00
9795042893,parsaayushman@upi,210.0,2026-07-16T22:42:00
9795042893,khoslaaditya@upi,1370.0,2026-07-02T12:23:00
9795042893,kkrishnamurthy@upi,555.0,2026-08-14T06:40:00
9795042893,wrideshsengupta@upi,2025.0,2026-07-15T22:15:00
9795042893,nihalsoman@upi,1155.0,2026-07-20T20:15:00
9795042893,comarridhi@upi,605.0,2026-07-22T19:22:00
9795042893,dharnathaniel@upi,985.0,2026-07-06T22:20:00
9780874168,keyatripathi@upi,1045.0,2026-08-23T09:09:00
9780874168,ektachand@upi,335.0,2026-07-16T19:38:00
9780874168,dhruv18@upi,140.0,2026-08-02T10:13:00
9780874168,murtyradhika@upi,405.0,2026-08-18T01:29:00
9780874168,hemang56@upi,195.0,2026-08-22T10:57:00
9780874168,girindra52@upi,365.0,2026-07-13T04:51:00
9780874168,kabir98@upi,205.0,2026-07-30T17:59:00
9780874168,raveloliver@upi,285.0,2026-07-17T11:57:00
9780874168,dadachakradhar@upi,380.0,2026-07-27T07:22:00
9780874168,grewalabeer@upi,1035.0,2026-07-14T16:33:00
9780874168,chanakyabala@upi,2495.0,2026-07-24T10:48:00
9204267814,ekalinga77@upi,1620.0,2026-07-06T13:00:00
9204267814,gardebalveer@upi,125.0,2026-07-28T13:31:00
9204267814,shroffsachi@upi,960.0,2026-07-02T12:57:00
9204267814,jagvigoel@upi,795.0,2026-07-14T01:34:00
9204267814,dhriti23@upi,360.0,2026-08-01T21:11:00
9204267814,keyatripathi@upi,255.0,2026-07-02T10:41:00
9204267814,dattabhavna@upi,1495.0,2026-07-13T22:41:00
9204267814,qedwin@upi,85.0,2026-07-03T21:56:00
9204267814,gangulybanjeet@upi,975.0,2026-07-18T23:15:00
9204267814,lmital@upi,1360.0,2026-08-09T15:26:00
9204267814,patrickkuruvilla@upi,890.0,2026-07-13T07:46:00
9814631059,zbajwa@upi,255.0,2026-07-17T05:24:00
9814631059,aachal27@upi,155.0,2026-08-11T22:42:00
9814631059,qushi33@upi,1165.0,2026-08-03T23:36:00
9814631059,chanakyabala@upi,2280.0,2026-08-08T03:39:00
9814631059,hemallalla@upi,1560.0,2026-07-03T08:05:00
9814631059,gardedipta@upi,1260.0,2026-08-24T04:01:00
9814631059,choudhurysanaya@upi,1160.0,2026-08-01T00:03:00
9814631059,semteerth@upi,550.0,2026-07-26T08:55:00
9814631059,yvarty@upi,605.0,2026-07-12T11:32:00
9814631059,brarelijah@upi,905.0,2026-07-09T00:31:00
9814631059,aamble@upi,2990.0,2026-08-29T16:29:00
9814631059,niharikabhat@upi,365.0,2026-07-09T23:58:00
9814631059,mkari@upi,555.0,2026-07-26T08:25:00
9199512086,banjeet07@upi,395.0,2026-07-12T21:21:00
9199512086,abhiramvig@upi,955.0,2026-07-16T07:14:00
9199512086,cherianinaya@upi,1790.0,2026-08-15T13:22:00
9199512086,mannetejas@upi,705.0,2026-08-23T15:11:00
9199512086,bamble@upi,915.0,2026-08-15T08:54:00
9199512086,jhabhavya@upi,155.0,2026-07-21T00:46:00
9199512086,ajani@upi,7170.0,2026-07-12T10:35:00
9199512086,xkara@upi,2325.0,2026-07-20T10:30:00
9199512086,sethitriveni@upi,245.0,2026-07-28T07:54:00
9199512086,samraakshay@upi,345.0,2026-08-19T05:12:00
9199512086,gagandey@upi,100.0,2026-07-01T22:08:00
9199512086,sbhavsar@upi,895.0,2026-07-17T09:51:00
9199512086,ektachand@upi,410.0,2026-07-25T01:53:00
9199512086,david08@upi,715.0,2026-07-23T22:01:00
9199512086,jnarasimhan@upi,415.0,2026-08-26T04:45:00
9200234695,akshay45@upi,310.0,2026-07-12T11:22:00
9200234695,osagar@upi,405.0,2026-07-30T04:28:00
9200234695,khannaekani@upi,210.0,2026-07-15T16:30:00
9200234695,qasim83@upi,75.0,2026-08-24T11:37:00
9200234695,brinda39@upi,3820.0,2026-08-10T23:01:00
9200234695,ukhurana@upi,765.0,2026-07-30T03:37:00
9200234695,bgrover@upi,1185.0,2026-07-18T20:36:00
9200234695,hredhaan48@upi,235.0,2026-08-01T09:39:00
9200234695,kotaunni@upi,575.0,2026-08-13T00:30:00
9200234695,alkachahal@upi,3875.0,2026-08-07T17:26:00
9200234695,tripathifrederick@upi,4835.0,2026-07-07T13:25:00
9200234695,ishwar88@upi,1080.0,2026-08-15T17:24:00
9200234695,kuruvillaisaiah@upi,2400.0,2026-07-29T01:08:00
9200234695,palanekaraj@upi,660.0,2026-07-02T22:48:00
9200234695,vrinda42@upi,2955.0,2026-08-22T04:04:00
9200234695,panchalzinal@upi,2220.0,2026-08-07T16:42:00
9259995536,anmolthaker@upi,340.0,2026-07-19T09:03:00
9259995536,deshpandeniharika@upi,6395.0,2026-07-09T06:36:00
9259995536,jyoti18@upi,2760.0,2026-07-22T17:20:00
9259995536,sethitriveni@upi,265.0,2026-08-17T12:18:00
9259995536,murtyridhi@upi,2695.0,2026-08-12T23:26:00
9259995536,lmital@upi,2275.0,2026-07-12T11:10:00
9259995536,hmodi@upi,990.0,2026-07-29T01:57:00
9259995536,gardejagrati@upi,365.0,2026-08-03T16:04:00
9468748835,mitali95@upi,3800.0,2026-08-13T14:19:00
9468748835,wseshadri@upi,4175.0,2026-08-25T08:55:00
9468748835,sudiksha13@upi,1915.0,2026-07-02T04:26:00
9468748835,anjalikara@upi,880.0,2026-07-16T15:30:00
9468748835,doshijeremiah@upi,135.0,2026-08-22T13:49:00
9468748835,sathebaljiwan@upi,1425.0,2026-08-29T05:13:00
9468748835,dseshadri@upi,1845.0,2026-07-07T20:49:00
9468748835,igupta@upi,455.0,2026-08-07T01:56:00
9468748835,lakshitsanghvi@upi,1905.0,2026-07-28T08:27:00
9468748835,uloke@upi,1170.0,2026-08-01T08:47:00
9468748835,bkanda@upi,2105.0,2026-08-12T09:06:00
9468748835,gaurang20@upi,325.0,2026-08-10T17:24:00
9468748835,surchakradhar@upi,535.0,2026-08-02T19:41:00
9468748835,qushimitra@upi,455.0,2026-07-29T17:49:00
9798271778,vyanjanabuch@upi,1640.0,2026-07-24T17:10:00
9798271778,dtripathi@upi,605.0,2026-07-13T17:15:00
9798271778,ijayawason@upi,480.0,2026-07-24T23:11:00
9798271778,wseshadri@upi,150.0,2026-07-13T22:52:00
9798271778,vdugar@upi,1745.0,2026-08-25T18:18:00
9798271778,amaira65@upi,1360.0,2026-08-15T11:23:00
9798271778,yatan39@upi,1130.0,2026-08-29T14:19:00
9798271778,eganesh@upi,490.0,2026-08-13T01:34:00
9798271778,jyoti18@upi,220.0,2026-08-07T12:10:00
9798271778,mallickmitali@upi,1185.0,2026-08-12T06:47:00
9798271778,schander@upi,2125.0,2026-07-08T18:09:00
9798271778,balakrishnanyamini@upi,360.0,2026-07-28T04:26:00
9798271778,jsura@upi,2315.0,2026-07-13T12:10:00
9273451778,waidanarayanan@upi,75.0,2026-08-24T15:33:00
9273451778,dsridhar@upi,350.0,2026-08-27T09:47:00
9273451778,lnarain@upi,220.0,2026-07-07T00:13:00
9273451778,zashil00@upi,315.0,2026-07-29T20:41:00
9273451778,wseshadri@upi,110.0,2026-08-24T00:26:00
9273451778,aarnajohal@upi,2780.0,2026-07-04T19:58:00
9273451778,qedwin@upi,1340.0,2026-07-14T16:58:00
9273451778,bgrover@upi,190.0,2026-08-23T04:14:00
9273451778,nandaaryan@upi,320.0,2026-07-03T18:58:00
9273451778,gollatejas@upi,500.0,2026-07-13T23:18:00
9273451778,hramanathan@upi,2115.0,2026-07-10T01:12:00
9273451778,waida57@upi,645.0,2026-07-17T14:35:00
9273451778,qushimitra@upi,560.0,2026-07-31T15:20:00
9273451778,gopal44@upi,320.0,2026-08-17T07:31:00
9273451778,pahalbhavsar@upi,1345.0,2026-08-10T20:01:00
9527600495,mannetejas@upi,35.0,2026-07-31T09:11:00
9527600495,rbadami@upi,3530.0,2026-08-12T16:43:00
9527600495,widisharamaswamy@upi,1350.0,2026-07-15T23:05:00
9527600495,chadwarinder@upi,345.0,2026-08-27T20:49:00
9527600495,dhruvde@upi,260.0,2026-07-06T07:41:00
9527600495,hmuni@upi,1820.0,2026-07-11T13:09:00
9527600495,sachi68@upi,360.0,2026-08-27T15:35:00
9527600495,sachi68@upi,2395.0,2026-08-01T06:11:00
9527600495,ssamra@upi,680.0,2026-08-20T11:36:00
9527600495,palanekaraj@upi,205.0,2026-07-14T07:38:00
9527600495,yatin82@upi,815.0,2026-07-05T23:13:00
9527600495,rakshaborah@upi,260.0,2026-07-13T23:29:00
9527600495,parsaayushman@upi,380.0,2026-07-16T06:55:00
9215138019,brijesh10@upi,230.0,2026-08-24T01:02:00
9215138019,qushimitra@upi,2580.0,2026-07-12T13:03:00
9215138019,neelimabalay@upi,140.0,2026-08-27T12:49:00
9215138019,deshpandeniharika@upi,340.0,2026-08-27T15:40:00
9215138019,ladanthony@upi,95.0,2026-07-22T23:20:00
9215138019,anaybassi@upi,675.0,2026-07-31T19:41:00
9215138019,isharattan@upi,3510.0,2026-07-21T21:21:00
9215138019,agastya25@upi,850.0,2026-07-11T16:10:00
9215138019,reva72@upi,90.0,2026-07-03T15:46:00
9215138019,dharnathaniel@upi,1035.0,2026-08-06T22:24:00
9215138019,dugarbishakha@upi,210.0,2026-08-14T05:27:00
9215138019,rbakshi@upi,100.0,2026-07-07T20:53:00
9215138019,kadejalsa@upi,95.0,2026-08-09T12:05:00
9215138019,lakshitsanghvi@upi,2555.0,2026-07-18T19:17:00
9215138019,singhshaurya@upi,215.0,2026-08-08T05:54:00
9215138019,manyathakur@upi,685.0,2026-08-27T10:22:00
9215138019,nihalsoman@upi,2530.0,2026-07-23T22:02:00
9215138019,advik18@upi,300.0,2026-08-16T11:32:00
9215138019,alkachahal@upi,3745.0,2026-08-21T04:31:00
9215138019,chandaniseshadri@upi,205.0,2026-07-28T00:24:00
9215138019,jhalakshah@upi,580.0,2026-08-19T11:32:00
9215138019,bhanumatihayer@upi,1520.0,2026-07-09T04:40:00
9879291207,parikhucchal@upi,890.0,2026-08-13T15:44:00
9879291207,grewalabeer@upi,585.0,2026-07-24T02:27:00
9879291207,vsehgal@upi,85.0,2026-07-16T18:21:00
9879291207,hsagar@upi,6055.0,2026-08-20T10:35:00
9879291207,mangatdhruv@upi,665.0,2026-07-12T02:18:00
9879291207,jnarasimhan@upi,1750.0,2026-07-23T03:48:00
9879291207,samraarunima@upi,5540.0,2026-08-18T09:00:00
9879291207,sanayadara@upi,1225.0,2026-07-10T18:14:00
9879291207,zmajumdar@upi,625.0,2026-07-04T17:43:00
9879291207,raghav60@upi,35.0,2026-07-16T19:06:00
9879291207,ikibe@upi,155.0,2026-07-21T21:06:00
9183540946,kevinhora@upi,215.0,2026-07-15T02:19:00
9183540946,wvarty@upi,1070.0,2026-08-15T01:34:00
9183540946,singhaashi@upi,1265.0,2026-08-21T08:49:00
9183540946,cherianinaya@upi,365.0,2026-07-24T10:55:00
9183540946,zinalswamy@upi,120.0,2026-08-18T03:25:00
9183540946,ramachandranvasana@upi,595.0,2026-07-27T12:53:00
9183540946,raidhruv@upi,405.0,2026-07-19T04:56:00
9183540946,champak17@upi,545.0,2026-07-05T22:47:00
9183540946,memonisaiah@upi,1085.0,2026-07-11T14:46:00
9183540946,gautam72@upi,2485.0,2026-07-14T03:48:00
9233839146,aayush88@upi,360.0,2026-07-22T23:27:00
9233839146,asinghal@upi,475.0,2026-08-21T00:31:00
9233839146,parmeraahana@upi,180.0,2026-08-14T11:25:00
9233839146,harrison85@upi,1120.0,2026-08-01T19:44:00
9233839146,yvarty@upi,160.0,2026-08-20T22:28:00
9233839146,qedwin@upi,385.0,2026-08-30T06:53:00
9233839146,bhasintanvi@upi,3770.0,2026-07-02T21:54:00
9233839146,facharya@upi,1500.0,2026-07-18T16:15:00
9233839146,brinda39@upi,480.0,2026-08-28T14:35:00
9233839146,wmannan@upi,205.0,2026-08-07T17:50:00
9233839146,chaitanya83@upi,360.0,2026-07-27T02:48:00
9233839146,qganesan@upi,3445.0,2026-08-17T01:58:00
9535106651,shroffsachi@upi,1860.0,2026-07-22T20:47:00
9535106651,tanvi78@upi,800.0,2026-07-05T21:49:00
9535106651,rayekantika@upi,205.0,2026-08-29T12:20:00
9535106651,regesaanvi@upi,1085.0,2026-08-26T00:45:00
9535106651,amaira65@upi,30.0,2026-08-17T07:17:00
9535106651,ambleliam@upi,500.0,2026-07-16T21:18:00
9535106651,gardedipta@upi,2185.0,2026-07-14T14:27:00
9535106651,prasadpratyush@upi,500.0,2026-07-14T13:37:00
9535106651,zkhalsa@upi,290.0,2026-08-12T15:36:00
9495458890,bhasintanvi@upi,460.0,2026-08-29T23:57:00
9495458890,qabil75@upi,160.0,2026-08-12T12:18:00
9495458890,jhabhavya@upi,215.0,2026-07-18T12:09:00
9495458890,qedwin@upi,665.0,2026-08-01T14:19:00
9495458890,choudharysaanvi@upi,620.0,2026-07-08T19:50:00
9495458890,manthan74@upi,1045.0,2026-08-16T13:57:00
9495458890,anshpal@upi,1755.0,2026-08-15T16:36:00
9495458890,falankata@upi,145.0,2026-07-15T01:57:00
9495458890,isharattan@upi,85.0,2026-07-12T20:43:00
9495458890,anshborah@upi,685.0,2026-08-26T14:28:00
9495458890,shansuhani@upi,700.0,2026-07-15T01:22:00
9495458890,jacksonbalan@upi,1885.0,2026-08-27T11:53:00
9495458890,ldevi@upi,255.0,2026-08-20T14:24:00
9495458890,widisha49@upi,320.0,2026-08-07T11:27:00
9495458890,ikaul@upi,285.0,2026-07-09T17:02:00
9490684265,keerpeter@upi,1835.0,2026-08-05T18:24:00
9490684265,hparmar@upi,475.0,2026-07-03T06:43:00
9490684265,drai@upi,110.0,2026-08-05T03:49:00
9490684265,ikapoor@upi,400.0,2026-07-24T13:55:00
9490684265,dhritiatwal@upi,875.0,2026-08-08T22:00:00
9490684265,issacraksha@upi,375.0,2026-07-08T07:24:00
9490684265,balansai@upi,155.0,2026-07-08T22:23:00
9490684265,murtyridhi@upi,165.0,2026-08-16T19:23:00
9490684265,aptemohammed@upi,495.0,2026-08-25T15:55:00
9490684265,rbakshi@upi,810.0,2026-08-11T17:59:00
9490684265,bhasintanvi@upi,890.0,2026-08-05T09:42:00
9490684265,girishdeshpande@upi,300.0,2026-08-30T06:24:00
9490684265,jhalakperi@upi,560.0,2026-07-16T02:56:00
9490684265,yatan39@upi,225.0,2026-08-09T00:01:00
9490684265,yashicarastogi@upi,300.0,2026-07-18T14:29:00
9490684265,chandanigade@upi,575.0,2026-07-25T16:23:00
9374975071,chandaniseshadri@upi,445.0,2026-08-19T16:46:00
9374975071,uloke@upi,275.0,2026-08-10T16:57:00
9374975071,sarkarturvi@upi,345.0,2026-07-15T22:37:00
9374975071,bosexalak@upi,560.0,2026-08-14T15:38:00
9374975071,duachakrika@upi,415.0,2026-07-01T19:27:00
9374975071,advik18@upi,200.0,2026-07-28T08:59:00
9374975071,nandini88@upi,890.0,2026-07-06T18:58:00
9374975071,tanish61@upi,545.0,2026-08-07T23:47:00
9374975071,wbasu@upi,505.0,2026-07-29T02:01:00
9374975071,rishi55@upi,2220.0,2026-07-08T21:22:00
9374975071,mkota@upi,2745.0,2026-08-25T16:01:00
9374975071,sratti@upi,2715.0,2026-08-09T16:10:00
9374975071,wsundaram@upi,820.0,2026-07-30T22:06:00
9374975071,aptemohammed@upi,520.0,2026-08-09T13:40:00
9278250200,saide@upi,1065.0,2026-07-15T16:55:00
9278250200,chasmum65@upi,1030.0,2026-07-04T13:03:00
9278250200,gayathri23@upi,440.0,2026-07-13T12:15:00
9278250200,igupta@upi,915.0,2026-07-05T14:47:00
9278250200,patelaadhya@upi,2675.0,2026-08-25T14:40:00
9278250200,hramanathan@upi,345.0,2026-07-17T00:50:00
9278250200,anmolthaker@upi,410.0,2026-08-14T08:59:00
9278250200,anshpal@upi,2300.0,2026-07-22T19:11:00
9278250200,balvan90@upi,385.0,2026-07-14T00:55:00
9278250200,zmajumdar@upi,875.0,2026-08-02T19:00:00
9015589230,forumdalia@upi,835.0,2026-08-01T05:30:00
9015589230,chakradharvarkey@upi,1550.0,2026-08-27T13:58:00
9015589230,sudiksha13@upi,740.0,2026-08-04T08:32:00
9015589230,zilmilvala@upi,335.0,2026-08-08T05:37:00
9015589230,braranamika@upi,815.0,2026-07-08T18:03:00
9015589230,rakshaborah@upi,650.0,2026-07-13T04:12:00
9015589230,vaidyalogan@upi,2900.0,2026-08-25T20:46:00
9015589230,bhaktakrisha@upi,9160.0,2026-07-18T01:31:00
9015589230,dayamaidoctor@upi,245.0,2026-08-04T22:36:00
9015589230,rpalla@upi,2660.0,2026-08-14T07:27:00
9015589230,muniekani@upi,440.0,2026-07-06T14:19:00
9950780803,waidanarayanan@upi,165.0,2026-07-28T07:50:00
9950780803,mkari@upi,60.0,2026-07-03T14:19:00
9950780803,qushi33@upi,915.0,2026-07-23T07:48:00
9950780803,ranaaahana@upi,890.0,2026-08-28T21:54:00
9950780803,logan71@upi,765.0,2026-07-20T11:44:00
9950780803,lakshitsanghvi@upi,455.0,2026-08-03T18:44:00
9950780803,munigarima@upi,185.0,2026-07-02T17:32:00
9950780803,khoslaaditya@upi,325.0,2026-07-05T06:49:00
9950780803,ramanathannirja@upi,1240.0,2026-08-11T21:14:00
9950780803,sraval@upi,1550.0,2026-07-23T22:57:00
9950780803,devika43@upi,245.0,2026-07-21T23:16:00
9950780803,dhritiatwal@upi,470.0,2026-08-04T06:50:00
9950780803,zpall@upi,710.0,2026-07-31T22:00:00
9950780803,keerabha@upi,305.0,2026-07-13T02:27:00
9678920670,chandaniseshadri@upi,200.0,2026-08-09T16:03:00
9678920670,xsachar@upi,340.0,2026-08-03T18:13:00
9678920670,pahalbhavsar@upi,175.0,2026-07-11T12:55:00
9678920670,galaisaac@upi,1040.0,2026-08-30T05:34:00
9678920670,anay36@upi,4815.0,2026-07-28T09:40:00
9678920670,falankata@upi,2305.0,2026-07-19T11:36:00
9678920670,wsami@upi,465.0,2026-07-17T15:19:00
9678920670,gangulybanjeet@upi,1855.0,2026-08-04T16:07:00
9678920670,raksha36@upi,275.0,2026-08-11T13:45:00
9678920670,rdayal@upi,470.0,2026-07-05T00:10:00
9678920670,adya21@upi,900.0,2026-08-10T03:59:00
9678920670,tamanna27@upi,1095.0,2026-07-26T22:21:00
9678920670,ishwar88@upi,595.0,2026-08-10T18:08:00
9678920670,thakkarkamya@upi,730.0,2026-08-14T14:48:00
9318467976,alkachahal@upi,1405.0,2026-07-22T05:09:00
9318467976,sathebaljiwan@upi,350.0,2026-07-25T03:02:00
9318467976,amaira65@upi,2135.0,2026-08-03T18:03:00
9318467976,ganga23@upi,825.0,2026-08-25T18:27:00
9318467976,henrymenon@upi,190.0,2026-08-14T02:17:00
9318467976,warhi15@upi,110.0,2026-08-02T08:13:00
9318467976,galaisaac@upi,345.0,2026-07-15T14:54:00
9318467976,dharnathaniel@upi,625.0,2026-07-28T05:24:00
9318467976,kpillai@upi,3125.0,2026-08-22T00:19:00
9318467976,sratti@upi,315.0,2026-07-14T21:36:00
9423639948,cheriannikita@upi,1020.0,2026-07-27T17:09:00
9423639948,thamansamarth@upi,90.0,2026-08-08T07:53:00
9423639948,diya84@upi,365.0,2026-07-29T21:59:00
9423639948,ambleliam@upi,120.0,2026-07-28T11:56:00
9423639948,dhruvde@upi,355.0,2026-08-17T08:18:00
9423639948,qushi33@upi,410.0,2026-08-14T09:24:00
9423639948,adya21@upi,900.0,2026-07-20T12:11:00
9423639948,dtaneja@upi,270.0,2026-08-11T18:15:00
9423639948,ahujaazaan@upi,45.0,2026-08-14T21:54:00
9423639948,riya01@upi,12660.0,2026-07-09T16:29:00
9423639948,udarshsinghal@upi,550.0,2026-07-25T22:39:00
9423639948,falankata@upi,680.0,2026-08-29T13:43:00
9423639948,priyanatt@upi,575.0,2026-07-23T09:08:00
9423639948,alexander82@upi,90.0,2026-08-02T03:12:00
9423639948,abhiram24@upi,165.0,2026-07-26T05:36:00
9543282721,damini19@upi,1135.0,2026-07-12T23:53:00
9543282721,qedwin@upi,1610.0,2026-08-20T04:26:00
9543282721,uloke@upi,225.0,2026-07-03T14:44:00
9543282721,keerabha@upi,85.0,2026-08-16T15:10:00
9543282721,keerabha@upi,705.0,2026-07-08T00:09:00
9543282721,dnori@upi,710.0,2026-08-12T14:49:00
9543282721,ekalinga77@upi,115.0,2026-08-06T09:47:00
9543282721,hredhaan48@upi,320.0,2026-07-16T00:51:00
9543282721,sraval@upi,435.0,2026-08-24T13:09:00
9543282721,rpalla@upi,1820.0,2026-07-20T13:59:00
9543282721,ahujaazaan@upi,245.0,2026-07-03T20:59:00
9543282721,singhaashi@upi,575.0,2026-08-29T17:15:00
9543282721,ranaaahana@upi,2960.0,2026-07-13T18:58:00
9543282721,prakashbhanumati@upi,380.0,2026-07-16T17:58:00
9248477233,mohammedsrinivas@upi,340.0,2026-08-20T14:46:00
9248477233,ogupta@upi,475.0,2026-07-31T09:01:00
9248477233,rpalla@upi,315.0,2026-07-04T09:18:00
9248477233,rishi55@upi,2055.0,2026-07-26T04:51:00
9248477233,grewalabeer@upi,330.0,2026-07-30T06:10:00
9248477233,garimagolla@upi,525.0,2026-08-18T07:00:00
9241105711,ambleliam@upi,640.0,2026-07-21T13:04:00
9241105711,nchawla@upi,535.0,2026-08-25T22:23:00
9241105711,nchawla@upi,3005.0,2026-08-18T11:10:00
9241105711,cherianinaya@upi,465.0,2026-08-10T22:20:00
9241105711,sudiksha13@upi,1525.0,2026-07-05T02:10:00
9241105711,meghanaamble@upi,1825.0,2026-08-25T03:40:00
9241105711,thamansamarth@upi,780.0,2026-08-03T05:26:00
9241105711,balomkaar@upi,575.0,2026-07-05T08:41:00
9241105711,bakhshi28@upi,260.0,2026-08-15T19:11:00
9241105711,vdugar@upi,510.0,2026-08-13T04:32:00
9241105711,wbasu@upi,14190.0,2026-07-04T22:22:00
9241105711,wablefaqid@upi,3765.0,2026-08-19T04:25:00
9241105711,daniel61@upi,195.0,2026-07-15T17:09:00
9431862585,vbhatnagar@upi,1085.0,2026-08-25T22:30:00
9431862585,sethitriveni@upi,275.0,2026-07-16T11:35:00
9431862585,gayathri42@upi,245.0,2026-07-17T05:38:00
9431862585,ansh85@upi,70.0,2026-07-23T05:16:00
9431862585,eesharege@upi,210.0,2026-08-05T20:20:00
9431862585,schatterjee@upi,1665.0,2026-08-13T18:01:00
9431862585,pavanikhanna@upi,780.0,2026-08-24T08:37:00
9431862585,sekhonrachita@upi,940.0,2026-07-29T19:37:00
9431862585,vanshaanand@upi,130.0,2026-07-29T04:39:00
9431862585,xbobal@upi,1470.0,2026-08-11T05:38:00
9070145149,neelimabalay@upi,85.0,2026-07-25T18:53:00
9070145149,ocherian@upi,535.0,2026-08-20T02:07:00
9070145149,luke99@upi,2035.0,2026-07-30T21:15:00
9070145149,ladanthony@upi,190.0,2026-08-16T08:07:00
9070145149,falan01@upi,1395.0,2026-08-29T17:08:00
9070145149,wrideshsengupta@upi,85.0,2026-07-06T21:34:00
9070145149,iyerojasvi@upi,130.0,2026-07-03T02:53:00
9070145149,upkaarpingle@upi,405.0,2026-08-01T03:54:00
9070145149,pranit80@upi,1595.0,2026-08-25T07:16:00
9070145149,lokeyochana@upi,575.0,2026-07-03T12:50:00
9070145149,udarshdhillon@upi,1475.0,2026-08-08T03:53:00
9070145149,logannaidu@upi,215.0,2026-08-04T18:00:00
9070145149,anjalikara@upi,1165.0,2026-08-25T20:11:00
9070145149,fbiswas@upi,935.0,2026-08-22T21:14:00
9070145149,fbiswas@upi,7630.0,2026-08-02T10:24:00
9070145149,balvan90@upi,2595.0,2026-08-09T06:19:00
9070145149,banjeet07@upi,1555.0,2026-08-17T23:46:00
9070145149,yatan39@upi,790.0,2026-07-15T17:08:00
9362272684,dhruvde@upi,50.0,2026-07-13T00:26:00
9362272684,ahujaazaan@upi,1165.0,2026-07-23T03:37:00
9362272684,dhawannicholas@upi,675.0,2026-07-20T20:51:00
9362272684,qasim83@upi,210.0,2026-08-25T23:24:00
9362272684,prasadpratyush@upi,170.0,2026-07-03T22:08:00
9362272684,jhalakperi@upi,25.0,2026-07-09T12:41:00
9362272684,jbandi@upi,900.0,2026-08-30T02:39:00
9362272684,gayathri23@upi,240.0,2026-07-05T01:55:00
9362272684,kalahredhaan@upi,160.0,2026-08-10T09:32:00
9362272684,wbasu@upi,3065.0,2026-07-14T04:45:00
9362272684,fsibal@upi,510.0,2026-08-13T00:30:00
9362272684,grewalabeer@upi,1305.0,2026-07-17T02:37:00
9551393227,kamdarosha@upi,410.0,2026-07-30T08:53:00
9551393227,yashica84@upi,890.0,2026-08-06T11:51:00
9551393227,diya84@upi,1075.0,2026-07-18T00:11:00
9551393227,lakshitsanghvi@upi,1175.0,2026-08-04T22:14:00
9551393227,galaisaac@upi,1080.0,2026-07-15T15:05:00
9551393227,thamansamarth@upi,1165.0,2026-08-19T07:06:00
9551393227,kashvimahajan@upi,125.0,2026-08-08T15:48:00
9551393227,memonisaiah@upi,1285.0,2026-08-25T18:02:00
9551393227,bnaidu@upi,135.0,2026-07-14T18:10:00
9973381637,mitali95@upi,1600.0,2026-08-11T13:25:00
9973381637,ranaaahana@upi,1330.0,2026-07-01T20:29:00
9973381637,rnath@upi,285.0,2026-08-21T00:36:00
9973381637,sraval@upi,300.0,2026-07-05T15:11:00
9973381637,vasatika07@upi,2165.0,2026-07-31T08:57:00
9973381637,dhruvde@upi,970.0,2026-07-31T14:35:00
9973381637,memonisaiah@upi,220.0,2026-07-10T08:39:00
9973381637,jagvigoel@upi,35.0,2026-07-18T21:17:00
9973381637,wseshadri@upi,1105.0,2026-08-13T19:22:00
9973381637,murtyridhi@upi,3005.0,2026-07-14T23:04:00
9973381637,ssaxena@upi,335.0,2026-08-27T21:14:00
9973381637,nchawla@upi,330.0,2026-08-04T15:28:00
9973381637,sundernitara@upi,350.0,2026-07-30T14:23:00
9973381637,nmandal@upi,110.0,2026-08-23T07:50:00
9587008315,ektachand@upi,580.0,2026-08-21T04:28:00
9587008315,xraman@upi,4680.0,2026-08-08T18:29:00
9587008315,qramanathan@upi,585.0,2026-08-11T16:52:00
9587008315,kuruvillaisaiah@upi,1715.0,2026-07-17T09:15:00
9587008315,patelshivansh@upi,845.0,2026-08-15T05:38:00
9587008315,bakhshi28@upi,200.0,2026-08-02T06:39:00
9587008315,wrideshsengupta@upi,9490.0,2026-08-06T05:16:00
9587008315,sethitriveni@upi,665.0,2026-08-09T15:34:00
9587008315,aayush88@upi,600.0,2026-08-20T00:19:00
9587008315,saide@upi,635.0,2026-07-30T14:42:00
9587008315,yuvraj24@upi,670.0,2026-08-14T08:46:00
9587008315,singhshaurya@upi,440.0,2026-08-29T02:00:00
9587008315,singhaashi@upi,165.0,2026-08-19T06:12:00
9587008315,dubeykaran@upi,120.0,2026-07-23T13:52:00
9587008315,balansai@upi,435.0,2026-08-20T08:09:00
9587008315,krishna04@upi,770.0,2026-07-21T03:39:00
9587008315,mukhopadhyayjack@upi,180.0,2026-08-16T22:37:00
9587008315,garariya@upi,5835.0,2026-08-13T12:46:00
9587008315,khoslahemal@upi,210.0,2026-08-13T13:13:00
9757105317,yuvraj24@upi,625.0,2026-08-08T14:00:00
9757105317,xkara@upi,500.0,2026-08-07T11:12:00
9757105317,lghose@upi,2965.0,2026-07-14T21:59:00
9757105317,dtaneja@upi,555.0,2026-08-02T02:10:00
9757105317,wmannan@upi,60.0,2026-07-21T18:49:00
9757105317,thora@upi,530.0,2026-08-08T16:20:00
9757105317,shankarkamala@upi,4695.0,2026-07-09T07:00:00
9757105317,wrideshsengupta@upi,910.0,2026-08-07T11:55:00
9757105317,ikibe@upi,780.0,2026-07-19T05:35:00
9757105317,damini19@upi,105.0,2026-08-11T01:02:00
9757105317,raudalbir@upi,290.0,2026-08-06T00:50:00
9757105317,ishita92@upi,3520.0,2026-08-24T07:39:00
9333160902,prakashbhanumati@upi,360.0,2026-07-14T06:43:00
9333160902,garariya@upi,670.0,2026-07-17T20:14:00
9333160902,anvi70@upi,1185.0,2026-07-30T15:34:00
9333160902,yuvraj24@upi,40.0,2026-08-25T23:06:00
9333160902,iyerojasvi@upi,1175.0,2026-07-03T23:30:00
9333160902,raidhruv@upi,165.0,2026-07-30T08:00:00
9333160902,sudiksha13@upi,370.0,2026-07-26T17:26:00
9333160902,bakhshi28@upi,120.0,2026-08-28T01:36:00
9333160902,ansh85@upi,375.0,2026-08-16T09:14:00
9526824044,asinghal@upi,215.0,2026-07-22T06:17:00
9526824044,asinghal@upi,340.0,2026-08-23T23:58:00
9526824044,bhanumatihayer@upi,410.0,2026-07-12T11:45:00
9526824044,balansai@upi,255.0,2026-08-27T14:50:00
9526824044,aggarwalgabriel@upi,1145.0,2026-08-28T12:56:00
9526824044,lsharma@upi,510.0,2026-08-06T11:18:00
9526824044,shankarkamala@upi,1670.0,2026-08-19T18:10:00
9526824044,mgoyal@upi,4080.0,2026-07-06T17:40:00
9526824044,jnarasimhan@upi,495.0,2026-07-06T12:35:00
9526824044,janya19@upi,270.0,2026-08-02T22:34:00
9526824044,dwali@upi,870.0,2026-08-17T15:54:00
9526824044,christopher87@upi,590.0,2026-07-15T04:16:00
9526824044,ipandit@upi,1870.0,2026-08-04T20:52:00
9526824044,diya84@upi,455.0,2026-08-15T04:58:00
9526824044,dattabhavna@upi,3435.0,2026-07-09T17:14:00
9526824044,gopal44@upi,375.0,2026-07-09T16:22:00
9526824044,upkaar31@upi,3720.0,2026-08-30T05:18:00
9526824044,david08@upi,85.0,2026-08-29T22:41:00
9526824044,shauryanagarajan@upi,230.0,2026-07-22T22:13:00
9526824044,gangulyupma@upi,345.0,2026-08-08T14:05:00
9526824044,gaurang20@upi,565.0,2026-07-30T05:53:00
9308845429,zmajumdar@upi,710.0,2026-07-17T01:32:00
9308845429,wmannan@upi,120.0,2026-07-27T10:12:00
9308845429,khoslahemal@upi,380.0,2026-07-19T13:35:00
9308845429,facharya@upi,215.0,2026-07-21T13:41:00
9308845429,mayasuri@upi,135.0,2026-07-24T06:03:00
9308845429,jhabhavya@upi,315.0,2026-07-04T16:17:00
9308845429,gangulybanjeet@upi,210.0,2026-07-08T06:25:00
9308845429,dhruvde@upi,1480.0,2026-07-09T10:12:00
9308845429,samuel75@upi,270.0,2026-07-01T09:53:00
9308845429,sathebaljiwan@upi,105.0,2026-07-07T11:20:00
9308845429,zdixit@upi,145.0,2026-07-20T05:13:00
9308845429,comarridhi@upi,340.0,2026-08-12T18:05:00
9308845429,waida55@upi,885.0,2026-07-22T08:09:00
9308845429,manyathakur@upi,90.0,2026-08-04T23:37:00
9192035917,parikhucchal@upi,1510.0,2026-08-21T12:59:00
9192035917,pavanikhanna@upi,980.0,2026-08-10T08:44:00
9192035917,lmital@upi,1160.0,2026-08-21T12:20:00
9192035917,diya84@upi,840.0,2026-07-30T05:35:00
9192035917,garimagolla@upi,315.0,2026-08-21T23:55:00
9192035917,schander@upi,375.0,2026-08-16T07:30:00
9192035917,bishakha20@upi,810.0,2026-07-26T01:54:00
9192035917,pahalbhavsar@upi,950.0,2026-08-22T20:07:00
9386896000,darika92@upi,340.0,2026-07-20T03:15:00
9386896000,jonathankhare@upi,30.0,2026-08-20T00:30:00
9386896000,eesharege@upi,495.0,2026-08-06T14:56:00
9386896000,meghanakapur@upi,130.0,2026-07-13T16:46:00
9386896000,balasubramanianvasana@upi,1085.0,2026-07-25T18:17:00
9386896000,sanayadara@upi,1900.0,2026-08-08T19:30:00
9386896000,jhalakperi@upi,290.0,2026-07-05T03:15:00
9386896000,ssaxena@upi,610.0,2026-08-01T08:01:00
9386896000,qganesan@upi,1505.0,2026-08-10T00:40:00
9386896000,hmodi@upi,225.0,2026-07-23T22:23:00
9386896000,wriddhish67@upi,495.0,2026-07-29T17:18:00
9386896000,xmukhopadhyay@upi,285.0,2026-07-22T22:38:00
9408119185,bhavini64@upi,1035.0,2026-07-30T00:58:00
9408119185,raveloliver@upi,475.0,2026-08-20T16:27:00
9408119185,shroffsachi@upi,725.0,2026-08-11T22:44:00
9408119185,rbadami@upi,175.0,2026-08-30T06:10:00
9408119185,jnarasimhan@upi,330.0,2026-08-27T01:19:00
9408119185,isharattan@upi,100.0,2026-08-23T15:41:00
9408119185,tchawla@upi,835.0,2026-07-01T16:59:00
9408119185,avni81@upi,215.0,2026-08-26T01:52:00
9408119185,bajwamitali@upi,2470.0,2026-07-23T09:38:00
9408119185,deshpandeniharika@upi,545.0,2026-08-03T18:26:00
9408119185,vanshaanand@upi,1255.0,2026-08-10T21:04:00
9408119185,harshdube@upi,205.0,2026-08-21T11:47:00
9408119185,madansamaksh@upi,345.0,2026-08-04T17:00:00
9408119185,gagandey@upi,2000.0,2026-08-14T11:59:00
9408119185,yahvisawhney@upi,870.0,2026-07-18T06:50:00
9835358094,christopher87@upi,480.0,2026-08-23T16:55:00
9835358094,memonisaiah@upi,270.0,2026-08-22T00:47:00
9835358094,eganesh@upi,870.0,2026-07-31T04:06:00
9835358094,zachariachasmum@upi,860.0,2026-07-24T09:45:00
9835358094,igupta@upi,395.0,2026-07-12T21:02:00
9835358094,balakrishnanyamini@upi,165.0,2026-08-06T07:04:00
9835358094,deoltanvi@upi,2580.0,2026-07-01T13:25:00
9835358094,chasmum65@upi,850.0,2026-07-30T19:18:00
9835358094,dsridhar@upi,260.0,2026-08-05T19:16:00
9835358094,yaminirout@upi,1495.0,2026-08-27T23:08:00
9835358094,anaybassi@upi,1150.0,2026-08-22T09:32:00
9835358094,sethitriveni@upi,535.0,2026-08-16T05:25:00
9835358094,sethitriveni@upi,2735.0,2026-07-11T12:03:00
9835358094,rkant@upi,475.0,2026-07-03T04:14:00
9835358094,rsarma@upi,30.0,2026-08-09T22:33:00
9576172543,shaharish@upi,385.0,2026-07-31T04:10:00
9576172543,shaharish@upi,170.0,2026-08-17T15:17:00
9576172543,nnarayan@upi,2110.0,2026-07-21T06:47:00
9576172543,ykapur@upi,425.0,2026-07-28T23:18:00
9576172543,dattabhavna@upi,1445.0,2026-08-28T13:59:00
9576172543,ocherian@upi,3185.0,2026-08-11T14:33:00
9576172543,enagar@upi,490.0,2026-07-21T09:51:00
9576172543,tripathifrederick@upi,120.0,2026-07-13T20:40:00
9576172543,hemallalla@upi,670.0,2026-08-25T19:09:00
9576172543,ansh85@upi,220.0,2026-07-05T18:13:00
9576172543,balasubramanianvasana@upi,1170.0,2026-08-22T08:52:00
9576172543,gaurang20@upi,445.0,2026-07-20T19:50:00
9576172543,modyfalguni@upi,445.0,2026-08-12T06:26:00
9576172543,yatan39@upi,180.0,2026-08-24T15:00:00
9576172543,dhriti23@upi,2560.0,2026-08-13T14:53:00
9576172543,subramaniantheodore@upi,630.0,2026-08-14T13:55:00
9576172543,bhanumatihayer@upi,680.0,2026-08-22T18:05:00
9576172543,qasim83@upi,1030.0,2026-07-31T00:01:00
9576172543,venkateshkrishna@upi,65.0,2026-08-14T15:37:00
9589598530,rajagopalancharles@upi,445.0,2026-07-27T10:53:00
9589598530,patrickkuruvilla@upi,530.0,2026-07-08T12:14:00
9589598530,turvi76@upi,785.0,2026-07-06T03:34:00
9589598530,grewalabeer@upi,240.0,2026-07-04T23:10:00
9589598530,uprabhakar@upi,690.0,2026-07-13T01:56:00
9589598530,anshborah@upi,405.0,2026-07-03T09:53:00
9589598530,aviparmer@upi,545.0,2026-07-28T12:50:00
9589598530,wsami@upi,1280.0,2026-08-11T12:32:00
9589598530,uloke@upi,540.0,2026-07-06T01:30:00
9589598530,srinivasabeer@upi,450.0,2026-07-05T04:12:00
9589598530,jnagar@upi,575.0,2026-07-20T02:52:00
9589598530,dtripathi@upi,1000.0,2026-07-18T02:07:00
9451862998,rnath@upi,410.0,2026-07-06T06:31:00
9451862998,chaaya64@upi,475.0,2026-07-05T03:48:00
9451862998,zpall@upi,255.0,2026-07-13T14:18:00
9451862998,nyohannan@upi,335.0,2026-07-15T16:23:00
9451862998,osarma@upi,185.0,2026-08-04T09:10:00
9451862998,madansamaksh@upi,785.0,2026-07-14T22:07:00
9451862998,sudiksha13@upi,80.0,2026-07-08T01:10:00
9451862998,bhavna58@upi,585.0,2026-07-12T08:50:00
9451862998,devika50@upi,1320.0,2026-07-31T22:57:00
9451862998,nitesh70@upi,420.0,2026-07-28T21:34:00
9451862998,sanayadara@upi,305.0,2026-08-07T05:36:00
9451862998,dubeykaran@upi,350.0,2026-07-17T17:00:00
9451862998,champak17@upi,155.0,2026-08-29T13:59:00
9451862998,thakkarkamya@upi,2075.0,2026-08-21T03:51:00
9451862998,rajagopalnisha@upi,1085.0,2026-07-19T17:47:00
9451862998,pahalbhavsar@upi,240.0,2026-07-07T06:03:00
9656939039,xmitra@upi,195.0,2026-07-13T05:47:00
9656939039,kevindutt@upi,450.0,2026-08-21T20:35:00
9656939039,jsura@upi,915.0,2026-08-26T13:07:00
9656939039,falankata@upi,205.0,2026-07-22T16:33:00
9656939039,shroffsachi@upi,1355.0,2026-08-01T06:59:00
9656939039,mitraabdul@upi,625.0,2026-07-25T05:05:00
9656939039,kabir98@upi,3465.0,2026-07-30T07:41:00
9656939039,gadejairaj@upi,1005.0,2026-07-12T10:43:00
9656939039,wardasoni@upi,570.0,2026-07-20T09:42:00
9656939039,ocherian@upi,2515.0,2026-08-12T03:48:00
9656939039,aarnajohal@upi,2295.0,2026-08-10T20:42:00
9231347176,deoltanvi@upi,85.0,2026-08-22T23:31:00
9231347176,comarridhi@upi,140.0,2026-07-09T05:32:00
9231347176,rdayal@upi,240.0,2026-08-24T09:01:00
9231347176,vanshaanand@upi,255.0,2026-08-05T23:50:00
9231347176,patelshivansh@upi,150.0,2026-08-11T13:31:00
9231347176,qramanathan@upi,215.0,2026-07-13T19:57:00
9231347176,wgarde@upi,445.0,2026-07-09T14:32:00
9231347176,aayush24@upi,2015.0,2026-07-06T11:37:00
9231347176,anshpal@upi,2115.0,2026-07-12T05:01:00
9231347176,wardasoni@upi,160.0,2026-08-21T10:51:00
9231347176,xmitra@upi,6555.0,2026-07-13T10:54:00
9231347176,santzaid@upi,1080.0,2026-08-17T06:29:00
9231347176,wablefaqid@upi,1080.0,2026-07-10T04:51:00
9555807068,yahvisawhney@upi,825.0,2026-07-18T22:55:00
9555807068,bnaidu@upi,980.0,2026-07-18T02:19:00
9555807068,eganesh@upi,615.0,2026-08-03T03:26:00
9555807068,mannanryan@upi,3455.0,2026-07-27T09:07:00
9555807068,munijasmit@upi,350.0,2026-08-21T07:54:00
9555807068,krishnadin@upi,875.0,2026-07-18T15:58:00
9555807068,jatin98@upi,60.0,2026-08-10T13:19:00
9555807068,bachittar25@upi,2910.0,2026-07-04T10:53:00
9555807068,mitali95@upi,1680.0,2026-07-16T23:54:00
9555807068,ipandit@upi,860.0,2026-08-14T21:59:00
9555807068,nitesh70@upi,2065.0,2026-07-27T13:58:00
9295361047,dwali@upi,325.0,2026-07-17T18:52:00
9295361047,chanakyabala@upi,480.0,2026-08-19T22:43:00
9295361047,zkhalsa@upi,990.0,2026-08-08T15:32:00
9295361047,rkant@upi,200.0,2026-07-21T18:11:00
9295361047,tparmar@upi,2245.0,2026-07-08T21:58:00
9295361047,ramjonathan@upi,760.0,2026-07-15T11:52:00
9295361047,samraarunima@upi,495.0,2026-07-22T09:50:00
9295361047,samraarunima@upi,670.0,2026-07-10T17:01:00
9295361047,gadejairaj@upi,50.0,2026-08-03T03:14:00
9295361047,shroffosha@upi,1120.0,2026-07-12T00:39:00
9295361047,devika50@upi,425.0,2026-07-16T13:11:00
9295361047,pingleforum@upi,285.0,2026-07-27T20:44:00
9295361047,chaitanyabuch@upi,820.0,2026-07-05T21:47:00
9295361047,mgoyal@upi,5615.0,2026-08-03T00:38:00
9295361047,forumdalia@upi,1655.0,2026-07-28T10:53:00
9295361047,sachi68@upi,200.0,2026-07-08T11:45:00
9271401903,nshankar@upi,140.0,2026-07-31T01:26:00
9271401903,raksha36@upi,880.0,2026-07-29T00:36:00
9271401903,sanayadara@upi,420.0,2026-08-13T09:55:00
9271401903,dhruv18@upi,190.0,2026-07-30T11:28:00
9271401903,janya19@upi,380.0,2026-08-12T21:54:00
9271401903,keerabha@upi,335.0,2026-07-02T19:41:00
9271401903,kapurayaan@upi,740.0,2026-08-24T03:51:00
9271401903,parikhucchal@upi,960.0,2026-08-19T06:04:00
9271401903,mkari@upi,45.0,2026-07-15T18:51:00
9271401903,chakrabartisamarth@upi,625.0,2026-08-15T17:46:00
9271401903,jsura@upi,225.0,2026-07-24T07:09:00
9271401903,brarelijah@upi,1300.0,2026-07-01T20:06:00
9271401903,ganga23@upi,350.0,2026-07-22T21:27:00
9271401903,darika92@upi,9285.0,2026-08-29T10:16:00
9271401903,ekalinga77@upi,625.0,2026-08-23T14:07:00
9271401903,widisharamaswamy@upi,235.0,2026-07-11T14:38:00
9271401903,duachakrika@upi,5185.0,2026-08-07T23:31:00
9271401903,comarridhi@upi,270.0,2026-07-18T10:38:00
9806584807,edhithaacharya@upi,765.0,2026-07-30T04:43:00
9806584807,patelaadhya@upi,80.0,2026-07-31T08:53:00
9806584807,bgrover@upi,500.0,2026-07-15T15:47:00
9806584807,ldevi@upi,165.0,2026-08-14T13:31:00
9806584807,aayush88@upi,2090.0,2026-07-31T15:10:00
9806584807,sai41@upi,2235.0,2026-08-04T19:27:00
9806584807,dhruvde@upi,585.0,2026-08-13T23:17:00
9806584807,patilzehaan@upi,65.0,2026-08-01T10:21:00
9806584807,modyfalguni@upi,2015.0,2026-08-24T21:56:00
9806584807,facharya@upi,535.0,2026-08-03T03:34:00
9806584807,banjeet07@upi,310.0,2026-08-20T05:25:00
9636579261,ksolanki@upi,415.0,2026-08-11T00:11:00
9636579261,qasim83@upi,1280.0,2026-08-26T17:19:00
9636579261,chaitanya83@upi,120.0,2026-07-22T03:52:00
9636579261,ikaul@upi,185.0,2026-08-10T21:21:00
9636579261,cherianinaya@upi,1925.0,2026-08-24T08:31:00
9636579261,tamanna27@upi,1345.0,2026-07-09T21:34:00
9636579261,sanayadara@upi,465.0,2026-07-08T17:18:00
9636579261,cheriannikita@upi,2105.0,2026-08-01T19:31:00
9636579261,hvenkataraman@upi,1090.0,2026-08-26T01:38:00
9636579261,shauryanagarajan@upi,435.0,2026-07-12T13:22:00
9636579261,vyanjanabuch@upi,580.0,2026-08-08T18:01:00
9636579261,ansh65@upi,660.0,2026-07-07T03:22:00
9636579261,rajagopalancharles@upi,4220.0,2026-07-25T10:49:00
9636579261,wvarty@upi,525.0,2026-07-15T12:54:00
9636579261,sudiksha13@upi,400.0,2026-08-13T02:58:00
9636579261,nyohannan@upi,535.0,2026-07-30T21:11:00
9613879165,pingleomaja@upi,915.0,2026-08-26T21:58:00
9613879165,tjha@upi,6110.0,2026-08-09T01:17:00
9613879165,munizehaan@upi,485.0,2026-07-12T21:55:00
9613879165,krishnadin@upi,1775.0,2026-07-31T06:33:00
9613879165,atwalrajeshri@upi,205.0,2026-07-24T01:25:00
9613879165,ekaraj32@upi,195.0,2026-07-28T06:14:00
9613879165,gangulybanjeet@upi,3080.0,2026-08-19T15:16:00
9008722810,lokeyochana@upi,1195.0,2026-08-13T02:38:00
9008722810,ikbal30@upi,745.0,2026-08-21T21:10:00
9008722810,zinalswamy@upi,910.0,2026-07-18T09:49:00
9008722810,vasatikazachariah@upi,360.0,2026-08-10T12:38:00
9008722810,vaishnavitara@upi,1350.0,2026-08-24T03:01:00
9008722810,ajani@upi,345.0,2026-07-27T13:03:00
9008722810,imani@upi,50.0,2026-07-20T07:48:00
9008722810,sjani@upi,2195.0,2026-07-18T21:03:00
9008722810,osidhu@upi,1140.0,2026-08-09T01:27:00
9819729399,dhawanbishakha@upi,400.0,2026-08-14T14:44:00
9819729399,ikalita@upi,1115.0,2026-07-26T16:45:00
9819729399,rbadami@upi,525.0,2026-08-03T04:22:00
9819729399,khannabalveer@upi,1830.0,2026-08-26T08:44:00
9819729399,eranganathan@upi,110.0,2026-08-26T23:36:00
9427417325,gaurang20@upi,325.0,2026-08-11T21:58:00
9427417325,tripathifrederick@upi,530.0,2026-08-02T15:33:00
9427417325,dmerchant@upi,350.0,2026-08-02T00:46:00
9427417325,hsagar@upi,510.0,2026-08-10T23:36:00
9427417325,gayathri23@upi,915.0,2026-08-22T01:25:00
9427417325,nakul15@upi,270.0,2026-08-03T11:43:00
9427417325,sethitriveni@upi,345.0,2026-08-05T06:57:00
9427417325,madansamaksh@upi,2625.0,2026-07-28T13:28:00
9427417325,semteerth@upi,1145.0,2026-07-28T10:55:00
9808594706,dugarfaqid@upi,215.0,2026-08-16T01:19:00
9808594706,sai41@upi,435.0,2026-08-29T09:50:00
9808594706,liamtrivedi@upi,555.0,2026-08-05T07:30:00
9808594706,khoslaaditya@upi,2010.0,2026-08-01T08:10:00
9808594706,forumdalia@upi,130.0,2026-08-05T07:56:00
9808594706,kkrishnamurthy@upi,1225.0,2026-08-06T05:04:00
9808594706,mkari@upi,250.0,2026-08-11T22:23:00
9808594706,bhatttarak@upi,1210.0,2026-07-11T13:45:00
9808594706,janya19@upi,50.0,2026-07-14T08:51:00
9808594706,balakrishnanyamini@upi,290.0,2026-08-02T02:37:00
9808594706,ladanthony@upi,980.0,2026-08-21T02:18:00
9808594706,radhakrishnanrachit@upi,1230.0,2026-08-13T21:19:00
9808594706,modyfalguni@upi,6410.0,2026-08-29T20:11:00
9349060795,eganesh@upi,2840.0,2026-08-13T00:41:00
9349060795,falankata@upi,1605.0,2026-08-05T23:26:00
9349060795,ishita92@upi,390.0,2026-08-28T19:12:00
9349060795,munijasmit@upi,645.0,2026-08-23T03:21:00
9349060795,lakshitsanghvi@upi,320.0,2026-07-04T04:15:00
9349060795,pingleforum@upi,255.0,2026-07-31T16:07:00
9349060795,ramjonathan@upi,2410.0,2026-08-19T01:46:00
9349060795,karanlibni@upi,425.0,2026-08-15T05:27:00
9349060795,rkant@upi,770.0,2026-08-22T13:15:00
9681618901,damini19@upi,345.0,2026-07-08T16:07:00
9681618901,vbhatnagar@upi,265.0,2026-08-23T01:51:00
9681618901,anjalikara@upi,310.0,2026-08-28T20:01:00
9681618901,sankaranvarsha@upi,1270.0,2026-08-28T11:05:00
9681618901,issacraksha@upi,7260.0,2026-08-08T19:10:00
9681618901,hiralbahri@upi,2535.0,2026-08-10T01:52:00
9681618901,abhiram75@upi,190.0,2026-07-30T09:08:00
9681618901,riya01@upi,300.0,2026-08-20T13:43:00
9681618901,wablefaqid@upi,1045.0,2026-07-18T02:21:00
9681618901,chadwarinder@upi,70.0,2026-08-27T06:41:00
9681618901,mekhala18@upi,400.0,2026-08-04T10:51:00
9681618901,amolpal@upi,385.0,2026-07-28T01:43:00
9963616536,dashekavir@upi,390.0,2026-07-29T17:21:00
9963616536,neel66@upi,1505.0,2026-08-16T08:18:00
9963616536,pbir@upi,60.0,2026-08-16T13:51:00
9963616536,zpall@upi,410.0,2026-08-18T00:58:00
9963616536,nihalsoman@upi,195.0,2026-07-17T16:17:00
9963616536,brinda27@upi,2095.0,2026-08-20T17:28:00
9963616536,akshay45@upi,155.0,2026-07-19T10:12:00
9963616536,amaira65@upi,1000.0,2026-08-16T17:28:00
9963616536,anthonybhasin@upi,340.0,2026-07-30T06:44:00
9963616536,charvi52@upi,300.0,2026-08-24T19:46:00
9794873598,jagvi39@upi,965.0,2026-08-22T01:17:00
9794873598,sankaranvarsha@upi,60.0,2026-08-11T16:08:00
9794873598,dkanda@upi,50.0,2026-08-25T02:07:00
9794873598,anthonybhasin@upi,540.0,2026-07-21T19:29:00
9794873598,dseshadri@upi,285.0,2026-08-03T20:00:00
9794873598,ambleliam@upi,280.0,2026-07-27T13:30:00
9794873598,igupta@upi,6205.0,2026-08-08T16:00:00
9794873598,anmol24@upi,645.0,2026-07-06T07:39:00
9794873598,raksha64@upi,105.0,2026-07-09T09:10:00
9794873598,amolpal@upi,3585.0,2026-08-13T08:30:00
9794873598,parsaayushman@upi,2240.0,2026-07-06T05:53:00
9794873598,chasmum65@upi,120.0,2026-07-21T19:17:00
9763462687,aviparmer@upi,945.0,2026-07-29T23:23:00
9763462687,anmolthaker@upi,495.0,2026-07-12T04:15:00
9763462687,alexander71@upi,350.0,2026-07-05T03:04:00
9763462687,raghav60@upi,445.0,2026-07-22T10:29:00
9763462687,bhanumatimunshi@upi,1280.0,2026-08-14T11:01:00
9763462687,vivaanhora@upi,395.0,2026-07-20T07:57:00
9763462687,vigjairaj@upi,95.0,2026-07-07T20:51:00
9763462687,hmuni@upi,1230.0,2026-08-11T09:13:00
9763462687,dharnathaniel@upi,595.0,2026-07-11T23:42:00
9763462687,parmeraahana@upi,260.0,2026-08-17T15:09:00
9763462687,schatterjee@upi,200.0,2026-08-11T03:25:00
9763462687,brinda39@upi,2055.0,2026-08-28T03:44:00
9763462687,mannanryan@upi,110.0,2026-07-22T07:59:00
9763462687,keerabha@upi,540.0,2026-08-03T02:58:00
9524417224,jyoti18@upi,780.0,2026-07-20T12:02:00
9524417224,dipta37@upi,1050.0,2026-07-21T19:37:00
9524417224,damini19@upi,1620.0,2026-07-12T15:28:00
9524417224,anay36@upi,1500.0,2026-08-21T09:58:00
9524417224,desaianusha@upi,1000.0,2026-08-20T21:58:00
9524417224,ranganathanhenry@upi,3535.0,2026-07-23T08:07:00
9524417224,chaitanyabuch@upi,1825.0,2026-08-05T07:54:00
9524417224,vsehgal@upi,1630.0,2026-08-12T07:30:00
9524417224,galayochana@upi,95.0,2026-07-08T07:22:00
9524417224,raudalbir@upi,690.0,2026-07-16T20:20:00
9524417224,samakshshukla@upi,420.0,2026-08-20T14:06:00
9524417224,ansh85@upi,900.0,2026-08-26T04:26:00
9524417224,hmodi@upi,875.0,2026-07-24T03:12:00
9524417224,imani@upi,905.0,2026-08-15T01:58:00
9714322405,vivaanhora@upi,65.0,2026-07-26T08:26:00
9714322405,brinda27@upi,55.0,2026-07-18T15:33:00
9714322405,bhavini64@upi,790.0,2026-08-16T15:51:00
9714322405,krishmishra@upi,280.0,2026-08-17T18:18:00
9714322405,yashawini25@upi,925.0,2026-08-08T05:39:00
9714322405,bishakha20@upi,1160.0,2026-07-01T14:20:00
9714322405,mkari@upi,590.0,2026-07-05T16:39:00
9714322405,chokshiekaja@upi,320.0,2026-07-17T03:20:00
9714322405,nicholas33@upi,1715.0,2026-07-24T09:47:00
9714322405,rgulati@upi,295.0,2026-08-12T17:12:00
9480993572,advay44@upi,1035.0,2026-08-23T19:12:00
9480993572,singhaashi@upi,700.0,2026-08-15T11:07:00
9480993572,tanish35@upi,975.0,2026-07-07T17:09:00
9480993572,yashicarastogi@upi,1475.0,2026-08-09T10:52:00
9480993572,khoslaaditya@upi,465.0,2026-08-19T01:28:00
9480993572,duachakrika@upi,450.0,2026-08-19T14:32:00
9480993572,gardedipta@upi,50.0,2026-08-06T10:52:00
9480993572,qsinghal@upi,485.0,2026-08-17T06:01:00
9480993572,anaybassi@upi,325.0,2026-07-05T04:27:00
9480993572,uloke@upi,255.0,2026-08-27T08:33:00
9480993572,vsane@upi,215.0,2026-07-26T09:15:00
9480993572,ikshitaissac@upi,1510.0,2026-07-12T22:33:00
9480993572,vrinda42@upi,930.0,2026-08-22T06:16:00
9480993572,lekha01@upi,190.0,2026-08-28T00:34:00
9810056905,yashicarastogi@upi,1190.0,2026-08-03T11:30:00
9810056905,sjani@upi,845.0,2026-08-30T03:02:00
9810056905,nazarethdamini@upi,480.0,2026-08-04T13:01:00
9810056905,advay44@upi,360.0,2026-08-18T22:14:00
9810056905,abhiram24@upi,265.0,2026-07-14T05:25:00
9810056905,pingleomaja@upi,195.0,2026-07-31T12:20:00
9810056905,hemallalla@upi,2855.0,2026-08-08T14:00:00
9810056905,bhavinimurthy@upi,920.0,2026-08-03T09:15:00
9810056905,madhav62@upi,275.0,2026-07-05T06:22:00
9810056905,xraman@upi,475.0,2026-08-09T17:09:00
9810056905,vdugar@upi,595.0,2026-08-27T06:37:00
9489144098,tbaral@upi,820.0,2026-07-04T11:45:00
9489144098,warinder89@upi,1015.0,2026-08-12T13:45:00
9489144098,rayaan02@upi,350.0,2026-08-22T19:16:00
9489144098,gayathri42@upi,305.0,2026-07-29T07:14:00
9489144098,gabrieltak@upi,275.0,2026-08-17T05:28:00
9489144098,xsachar@upi,110.0,2026-07-28T20:06:00
9489144098,lghose@upi,575.0,2026-07-15T09:56:00
9781338414,aptemohammed@upi,340.0,2026-08-24T22:01:00
9781338414,ganga23@upi,455.0,2026-08-22T23:14:00
9781338414,nazarethdamini@upi,505.0,2026-08-18T13:58:00
9781338414,dhriti23@upi,1220.0,2026-07-31T15:20:00
9781338414,gaurichaudhuri@upi,540.0,2026-07-29T03:40:00
9781338414,saide@upi,315.0,2026-07-02T22:30:00
9781338414,gabrieltak@upi,845.0,2026-07-17T11:09:00
9781338414,yahvitailor@upi,1435.0,2026-08-27T20:58:00
9533492995,banerjeerayaan@upi,395.0,2026-07-07T10:57:00
9533492995,rmadan@upi,270.0,2026-07-15T12:25:00
9533492995,munizehaan@upi,1440.0,2026-07-22T10:05:00
9533492995,gautam72@upi,300.0,2026-08-21T02:59:00
9533492995,sudiksha13@upi,740.0,2026-07-26T10:40:00
9533492995,chaaya64@upi,195.0,2026-08-13T16:39:00
9533492995,janya19@upi,1470.0,2026-08-04T00:10:00
9533492995,rgulati@upi,715.0,2026-08-26T02:52:00
9533492995,nitara56@upi,345.0,2026-07-15T13:10:00
9533492995,harrison85@upi,1210.0,2026-08-01T09:34:00
9533492995,igarg@upi,895.0,2026-07-07T11:06:00
9284186415,ramanathannirja@upi,165.0,2026-08-02T10:06:00
9284186415,panchalzinal@upi,925.0,2026-07-29T18:30:00
9284186415,sratti@upi,445.0,2026-07-31T15:51:00
9284186415,nitara56@upi,2540.0,2026-07-20T18:06:00
9284186415,abhachatterjee@upi,320.0,2026-08-01T22:11:00
9284186415,darika92@upi,140.0,2026-07-29T08:27:00
9284186415,hredhaan14@upi,190.0,2026-07-25T00:37:00
9284186415,rakshaborah@upi,920.0,2026-07-26T18:25:00
9284186415,krishnadin@upi,120.0,2026-07-06T20:46:00
9284186415,jonathankhare@upi,50.0,2026-08-21T04:19:00
9284186415,vamakshi87@upi,290.0,2026-07-04T10:05:00
9406125313,modyadvika@upi,365.0,2026-07-05T18:56:00
9406125313,saranzansi@upi,220.0,2026-07-07T20:40:00
9406125313,falan01@upi,4370.0,2026-08-18T17:45:00
9406125313,agastya25@upi,365.0,2026-07-28T23:47:00
9406125313,kadejalsa@upi,60.0,2026-07-15T09:42:00
9406125313,tanish35@upi,2815.0,2026-07-24T04:31:00
9406125313,yashicarastogi@upi,1040.0,2026-07-29T18:34:00
9406125313,jagat44@upi,80.0,2026-07-21T09:23:00
9406125313,naikjoshua@upi,1965.0,2026-07-26T14:06:00
9406125313,nicholas33@upi,225.0,2026-07-31T11:23:00
9871873991,atwalrajeshri@upi,275.0,2026-08-02T23:18:00
9871873991,nandawakeeta@upi,1095.0,2026-08-27T10:35:00
9871873991,girishwali@upi,670.0,2026-07-30T19:56:00
9871873991,dtaneja@upi,1405.0,2026-07-13T00:09:00
9871873991,raveloliver@upi,915.0,2026-07-30T22:46:00
9871873991,thakkarkamya@upi,815.0,2026-08-26T12:24:00
9871873991,bamble@upi,430.0,2026-07-10T19:24:00
9871873991,manthan74@upi,3180.0,2026-07-08T09:23:00
9871873991,comarridhi@upi,225.0,2026-08-08T01:36:00
9871873991,henrymenon@upi,1605.0,2026-07-13T07:07:00
9871873991,matthew58@upi,155.0,2026-08-03T05:07:00
9871873991,mohammedsrinivas@upi,945.0,2026-07-27T09:16:00
9871873991,grewalabeer@upi,380.0,2026-08-23T12:45:00
9871873991,mangatdhruv@upi,1605.0,2026-08-21T00:27:00
9871873991,kala21@upi,1780.0,2026-08-10T06:00:00
9127329558,aviparmer@upi,210.0,2026-07-17T01:09:00
9127329558,gabrieltak@upi,800.0,2026-07-07T00:04:00
9127329558,ahujaazaan@upi,4095.0,2026-08-09T17:08:00
9127329558,rpathak@upi,250.0,2026-07-06T10:32:00
9127329558,garimagolla@upi,345.0,2026-08-15T07:16:00
9127329558,jonathankhare@upi,755.0,2026-08-05T19:42:00
9127329558,wriddhish67@upi,960.0,2026-07-16T00:23:00
9127329558,darika92@upi,735.0,2026-07-15T14:35:00
9127329558,ishita92@upi,780.0,2026-08-04T08:08:00
9127329558,dugarshravya@upi,320.0,2026-07-15T20:52:00
9127329558,guneetlata@upi,65.0,2026-07-16T02:02:00
9328570169,bosexalak@upi,200.0,2026-07-17T17:17:00
9328570169,mukhopadhyayjack@upi,105.0,2026-07-01T18:59:00
9328570169,choudharysaanvi@upi,480.0,2026-07-09T15:15:00
9328570169,naikjoshua@upi,770.0,2026-08-03T12:29:00
9328570169,hsagar@upi,545.0,2026-08-13T18:14:00
9328570169,luke99@upi,360.0,2026-08-07T10:53:00
9328570169,zpall@upi,1825.0,2026-08-03T00:02:00
9328570169,anshpal@upi,245.0,2026-08-16T10:57:00
9328570169,adya21@upi,355.0,2026-08-05T05:27:00
9328570169,lekha01@upi,1780.0,2026-08-19T20:05:00
9328570169,ansh65@upi,590.0,2026-07-13T23:01:00
9720831826,priyanatt@upi,230.0,2026-08-04T16:13:00
9720831826,jonathankhare@upi,35.0,2026-07-25T18:24:00
9720831826,mallickmitali@upi,2000.0,2026-07-30T14:34:00
9720831826,khoslahemal@upi,2050.0,2026-07-30T06:07:00
9720831826,ikapoor@upi,745.0,2026-07-06T08:18:00
9720831826,kamdarosha@upi,1055.0,2026-07-04T19:46:00
9720831826,ranveer60@upi,210.0,2026-07-03T11:06:00
9720831826,mkari@upi,2095.0,2026-08-11T22:03:00
9720831826,esrinivasan@upi,425.0,2026-08-04T10:53:00
9720831826,rayekantika@upi,130.0,2026-08-03T23:41:00
9720831826,qedwin@upi,430.0,2026-08-07T20:43:00
9720831826,ansh65@upi,220.0,2026-08-19T01:58:00
9720831826,ganga23@upi,370.0,2026-08-21T05:57:00
9706566616,panchalzinal@upi,1170.0,2026-08-02T09:04:00
9706566616,panchalzinal@upi,1000.0,2026-08-15T08:40:00
9706566616,balakrishnanyamini@upi,2485.0,2026-07-19T15:25:00
9706566616,priyanatt@upi,400.0,2026-08-25T17:27:00
9706566616,daveazaan@upi,570.0,2026-07-17T15:42:00
9706566616,lokeyochana@upi,565.0,2026-07-29T15:12:00
9706566616,karanlibni@upi,195.0,2026-08-15T01:19:00
9706566616,dayamai85@upi,120.0,2026-07-27T02:12:00
9706566616,mkari@upi,580.0,2026-08-28T13:46:00
9706566616,yatan39@upi,690.0,2026-07-10T21:11:00
9706566616,balveer54@upi,1330.0,2026-08-13T13:40:00
9706566616,tanvi78@upi,120.0,2026-08-05T12:42:00
9706566616,xmukhopadhyay@upi,645.0,2026-08-26T09:20:00
9655734481,chaaya64@upi,870.0,2026-07-22T02:19:00
9655734481,abhiram75@upi,5885.0,2026-07-07T03:27:00
9655734481,eesharege@upi,445.0,2026-07-30T12:09:00
9655734481,girishdeshpande@upi,40.0,2026-08-01T10:09:00
9655734481,girishdeshpande@upi,390.0,2026-07-05T05:41:00
9655734481,baljiwan69@upi,750.0,2026-07-06T21:36:00
9655734481,anshpal@upi,1710.0,2026-08-26T20:04:00
9655734481,zpall@upi,465.0,2026-07-31T02:55:00
9655734481,yaminibhatnagar@upi,240.0,2026-08-18T01:10:00
9655734481,kevindutt@upi,8965.0,2026-07-08T19:30:00
9655734481,rajagopalnisha@upi,480.0,2026-07-31T19:38:00
9655734481,chavvi07@upi,335.0,2026-07-17T08:26:00
9655734481,bakhshi28@upi,690.0,2026-07-29T20:53:00
9582938523,munigarima@upi,835.0,2026-08-04T14:48:00
9582938523,rsarma@upi,430.0,2026-07-17T07:04:00
9582938523,dhruv18@upi,295.0,2026-08-19T09:16:00
9582938523,ganga23@upi,100.0,2026-07-05T07:53:00
9582938523,gollatejas@upi,610.0,2026-07-18T06:23:00
9582938523,wvarty@upi,3400.0,2026-07-03T01:25:00
9582938523,girishdeshpande@upi,355.0,2026-08-18T15:40:00
9582938523,iyerojasvi@upi,965.0,2026-08-15T20:37:00
9582938523,mannanryan@upi,270.0,2026-07-15T22:58:00
9582938523,chaitanya83@upi,515.0,2026-07-21T18:24:00
9582938523,yashica84@upi,1030.0,2026-07-30T21:56:00
9582938523,vyanjanabuch@upi,1375.0,2026-07-04T12:26:00
9582938523,lakshitsanghvi@upi,610.0,2026-08-02T05:03:00
9582938523,yashasvi16@upi,235.0,2026-07-15T05:05:00
9582938523,yahvisawhney@upi,355.0,2026-07-10T08:39:00
9580143749,hemang56@upi,225.0,2026-07-16T16:06:00
9580143749,shaharish@upi,145.0,2026-08-02T22:15:00
9580143749,lokeyochana@upi,2550.0,2026-07-08T00:40:00
9580143749,lokeyochana@upi,785.0,2026-07-23T10:27:00
9580143749,dsridhar@upi,760.0,2026-08-19T08:25:00
9580143749,tanish35@upi,1880.0,2026-08-24T13:57:00
9580143749,adya21@upi,345.0,2026-08-11T21:27:00
9580143749,kamdarosha@upi,1830.0,2026-07-07T06:20:00
9580143749,kamdarosha@upi,125.0,2026-07-13T15:47:00
9580143749,bakhshi28@upi,255.0,2026-07-07T02:40:00
9580143749,ikaul@upi,940.0,2026-08-12T05:00:00
9580143749,urishilla62@upi,445.0,2026-08-20T16:08:00
9580143749,reyanshmenon@upi,195.0,2026-08-06T06:12:00
9580143749,wvarty@upi,4000.0,2026-08-07T06:12:00
9580143749,garderiya@upi,110.0,2026-07-21T23:13:00
9566917456,prakashbhanumati@upi,115.0,2026-07-31T02:16:00
9566917456,tanish61@upi,1650.0,2026-08-25T00:42:00
9566917456,darika92@upi,155.0,2026-07-25T13:15:00
9566917456,ramjonathan@upi,265.0,2026-07-06T08:58:00
9566917456,lokeyochana@upi,700.0,2026-07-21T03:27:00
9566917456,hmuni@upi,4015.0,2026-08-21T19:35:00
9566917456,samraakshay@upi,330.0,2026-07-14T16:28:00
9566917456,gayathri23@upi,170.0,2026-07-04T22:56:00
9566917456,karanlibni@upi,950.0,2026-07-22T03:19:00
9566917456,chandaniseshadri@upi,1075.0,2026-07-11T22:27:00
9566917456,henrymenon@upi,560.0,2026-08-21T12:35:00
9566917456,osagar@upi,820.0,2026-08-26T21:02:00
9566917456,isharattan@upi,325.0,2026-08-24T14:26:00
9658966573,borajagdish@upi,200.0,2026-07-16T09:28:00
9658966573,mangatdhruv@upi,275.0,2026-08-01T08:06:00
9658966573,waida55@upi,115.0,2026-08-23T06:28:00
9658966573,muttizarna@upi,2390.0,2026-08-12T20:08:00
9658966573,jeremiahmemon@upi,265.0,2026-07-26T04:26:00
9658966573,yashicakapur@upi,805.0,2026-08-10T06:47:00
9658966573,jagvigoel@upi,3100.0,2026-08-03T05:17:00
9658966573,khannabalveer@upi,310.0,2026-07-01T23:06:00
9658966573,karanlibni@upi,9035.0,2026-08-18T04:55:00
9658966573,brinda27@upi,730.0,2026-07-30T21:01:00
9658966573,tbaral@upi,1055.0,2026-08-02T12:41:00
9658966573,daveazaan@upi,270.0,2026-08-14T13:07:00
9658966573,ansh85@upi,270.0,2026-07-11T00:37:00
9658966573,bhatttarak@upi,405.0,2026-08-01T00:46:00
9658966573,wmannan@upi,285.0,2026-08-18T07:24:00
9658966573,vbhatnagar@upi,2160.0,2026-08-05T19:32:00
9658966573,dugarbishakha@upi,3095.0,2026-07-26T23:47:00
9658966573,zinalswamy@upi,670.0,2026-08-12T02:34:00
9874249954,chokshiekaja@upi,50.0,2026-08-11T02:12:00
9874249954,gollatejas@upi,1085.0,2026-08-12T05:35:00
9874249954,wriddhish67@upi,940.0,2026-08-28T12:59:00
9874249954,ishita92@upi,2085.0,2026-07-26T22:34:00
9874249954,xraman@upi,1545.0,2026-08-15T04:22:00
9874249954,fbiswas@upi,590.0,2026-07-12T13:47:00
9874249954,rmadan@upi,135.0,2026-08-19T04:17:00
9874249954,pavanikhanna@upi,290.0,2026-08-10T12:32:00
9874249954,balvan95@upi,145.0,2026-07-26T12:42:00
9874249954,jnagar@upi,180.0,2026-07-28T01:46:00
9874249954,iyerojasvi@upi,920.0,2026-07-24T20:18:00
9874249954,balveer54@upi,800.0,2026-07-01T23:39:00
9429522889,jagvigoel@upi,1205.0,2026-07-29T07:29:00
9429522889,vsane@upi,260.0,2026-07-23T00:37:00
9429522889,rbadami@upi,420.0,2026-07-30T00:11:00
9429522889,geraamara@upi,150.0,2026-07-22T07:12:00
9429522889,wrideshsengupta@upi,450.0,2026-07-26T01:35:00
9429522889,chakradharvarkey@upi,1465.0,2026-07-05T20:42:00
9429522889,ukhurana@upi,910.0,2026-07-02T22:13:00
9429522889,ektachand@upi,1360.0,2026-07-13T13:12:00
9429522889,yashica84@upi,385.0,2026-08-26T01:13:00
9429522889,baljiwan69@upi,405.0,2026-08-08T04:53:00
9429522889,vyanjanabuch@upi,290.0,2026-08-24T04:05:00
9429522889,yashawini25@upi,375.0,2026-07-07T22:48:00
9429522889,abhachatterjee@upi,800.0,2026-07-30T18:35:00
9594924991,falan01@upi,560.0,2026-08-28T10:36:00
9594924991,kapurayaan@upi,1180.0,2026-07-26T23:22:00
9594924991,saumya68@upi,205.0,2026-08-07T13:59:00
9594924991,wseshadri@upi,125.0,2026-08-25T22:08:00
9594924991,choudhurysanaya@upi,435.0,2026-07-24T20:35:00
9594924991,wvarty@upi,1235.0,2026-08-16T21:40:00
9594924991,nandini88@upi,625.0,2026-08-25T08:25:00
9594924991,qushikamdar@upi,510.0,2026-07-27T02:32:00
9594924991,vasatikazachariah@upi,395.0,2026-07-14T09:05:00
9594924991,matthew58@upi,1480.0,2026-08-02T02:41:00
9594924991,bajwamitali@upi,380.0,2026-07-20T03:50:00
9594924991,facharya@upi,1325.0,2026-08-11T15:58:00
9953419276,jnagar@upi,135.0,2026-07-08T00:06:00
9953419276,rbakshi@upi,340.0,2026-08-22T13:04:00
9953419276,gayathri23@upi,2275.0,2026-08-23T17:04:00
9953419276,dnori@upi,2760.0,2026-07-22T08:00:00
9953419276,patelshivansh@upi,385.0,2026-07-02T04:20:00
9953419276,garderiya@upi,285.0,2026-07-02T14:28:00
9953419276,mayasuri@upi,1015.0,2026-07-01T15:02:00
9953419276,wyatt76@upi,1000.0,2026-08-22T15:03:00
9953419276,sachi68@upi,8415.0,2026-08-12T04:21:00
9953419276,surchakradhar@upi,3745.0,2026-08-17T11:13:00
9021612144,garimagolla@upi,665.0,2026-07-10T18:43:00
9021612144,ambleliam@upi,420.0,2026-07-30T19:16:00
9021612144,venkateshkrishna@upi,1160.0,2026-07-14T04:57:00
9021612144,sundernitara@upi,1690.0,2026-07-01T15:45:00
9021612144,rdayal@upi,580.0,2026-08-10T04:33:00
9021612144,patrickkuruvilla@upi,2460.0,2026-08-09T21:55:00
9623121500,thakkarkamya@upi,130.0,2026-08-21T14:02:00
9623121500,girishwali@upi,1010.0,2026-07-10T14:54:00
9623121500,eesha58@upi,425.0,2026-07-22T06:47:00
9623121500,niharikabhat@upi,3835.0,2026-07-30T18:04:00
9623121500,tjha@upi,290.0,2026-07-26T02:35:00
9623121500,vdugar@upi,1095.0,2026-07-28T01:51:00
9623121500,hemang56@upi,595.0,2026-07-04T00:04:00
9623121500,ogupta@upi,375.0,2026-08-29T08:24:00
9623121500,muttizarna@upi,215.0,2026-07-30T21:13:00
9623121500,ramachandranvasana@upi,265.0,2026-07-07T10:09:00
9623121500,iyerojasvi@upi,70.0,2026-08-27T08:38:00
9662136738,rkant@upi,4015.0,2026-07-10T05:24:00
9662136738,schatterjee@upi,1575.0,2026-08-11T09:36:00
9662136738,thora@upi,370.0,2026-08-07T07:07:00
9662136738,alexander82@upi,915.0,2026-08-11T23:07:00
9662136738,schander@upi,5245.0,2026-08-18T22:07:00
9662136738,ijaya67@upi,570.0,2026-08-08T08:58:00
9662136738,vyanjanabuch@upi,1955.0,2026-07-02T11:08:00
9662136738,charvi52@upi,445.0,2026-08-03T14:21:00
9662136738,neel66@upi,6685.0,2026-07-02T08:16:00
9662136738,mgoyal@upi,420.0,2026-08-24T15:57:00
9662136738,ektachand@upi,1000.0,2026-08-10T16:03:00
9662136738,guneetlata@upi,1060.0,2026-07-18T08:12:00
9662136738,ndasgupta@upi,185.0,2026-08-23T15:00:00
9662136738,nayakwahab@upi,1670.0,2026-07-18T08:26:00
9662136738,dhruvde@upi,100.0,2026-08-28T01:12:00
9834826825,ramachandranvasana@upi,110.0,2026-08-08T05:40:00
9834826825,bishakha20@upi,720.0,2026-07-08T00:36:00
9834826825,aayush88@upi,2225.0,2026-07-06T04:08:00
9834826825,yashica37@upi,1650.0,2026-07-16T20:49:00
9834826825,oni66@upi,1150.0,2026-08-22T08:17:00
9834826825,abhachatterjee@upi,330.0,2026-07-10T00:28:00
9834826825,balasubramanianvasana@upi,180.0,2026-07-17T06:32:00
9834826825,zinalswamy@upi,785.0,2026-08-09T20:26:00
9834826825,vasahenry@upi,680.0,2026-07-24T18:36:00
9834826825,hredhaan14@upi,385.0,2026-07-07T08:46:00
9834826825,neel90@upi,1155.0,2026-08-27T14:15:00
9834826825,anmolthaker@upi,295.0,2026-08-17T06:01:00
9834826825,nirja02@upi,1490.0,2026-07-24T20:13:00
9834826825,widisharamaswamy@upi,1875.0,2026-07-03T14:57:00
9521820994,wsolanki@upi,305.0,2026-07-07T15:57:00
9521820994,vyanjanabuch@upi,60.0,2026-07-06T03:34:00
9521820994,vyanjanabuch@upi,715.0,2026-08-06T04:07:00
9521820994,ssamra@upi,1010.0,2026-08-22T08:09:00
9521820994,jhalakshah@upi,1905.0,2026-08-06T08:20:00
9521820994,advay44@upi,7255.0,2026-07-21T00:35:00
9521820994,drai@upi,560.0,2026-07-11T12:56:00
9521820994,kala21@upi,160.0,2026-08-05T15:57:00
9521820994,ramachandranvasana@upi,155.0,2026-07-30T03:59:00
9521820994,pavanikhanna@upi,430.0,2026-08-27T05:04:00
9521820994,chandguneet@upi,440.0,2026-07-07T13:42:00
9521820994,balomkaar@upi,8510.0,2026-08-29T07:24:00
9521820994,hiralbahri@upi,820.0,2026-08-23T17:57:00
9521820994,banerjeerayaan@upi,100.0,2026-08-02T05:56:00
9797449946,murtyridhi@upi,4325.0,2026-07-24T12:32:00
9797449946,aviparmer@upi,195.0,2026-08-17T22:49:00
9797449946,cheriannikita@upi,185.0,2026-08-08T14:53:00
9797449946,nirja02@upi,450.0,2026-07-28T20:16:00
9797449946,keerpeter@upi,405.0,2026-08-03T17:47:00
9797449946,raudalbir@upi,210.0,2026-08-09T14:59:00
9797449946,samarthchokshi@upi,555.0,2026-08-07T09:51:00
9797449946,karanlibni@upi,1075.0,2026-08-06T05:56:00
9797449946,schander@upi,100.0,2026-07-16T16:04:00
9664697473,tbhardwaj@upi,2100.0,2026-08-13T19:12:00
9664697473,sai41@upi,395.0,2026-08-13T04:54:00
9664697473,saranzansi@upi,2810.0,2026-07-11T22:03:00
9664697473,bishakha20@upi,310.0,2026-08-23T14:07:00
9664697473,jhalakshah@upi,170.0,2026-08-18T19:41:00
9664697473,vasahenry@upi,175.0,2026-08-22T15:56:00
9664697473,vanshaanand@upi,465.0,2026-08-21T09:41:00
9664697473,garariya@upi,125.0,2026-07-02T15:26:00
9664697473,charvi52@upi,150.0,2026-07-14T18:10:00
9664697473,pingleomaja@upi,110.0,2026-08-05T05:19:00
9664697473,ajani@upi,1640.0,2026-08-22T14:13:00
9664697473,qganesan@upi,815.0,2026-07-02T01:40:00
9524486938,xkara@upi,660.0,2026-08-08T10:51:00
9524486938,garimagolla@upi,2995.0,2026-08-02T15:30:00
9524486938,jagvigoel@upi,280.0,2026-07-23T03:36:00
9524486938,radhakrishnanrachit@upi,320.0,2026-08-29T02:51:00
9524486938,chasmum65@upi,120.0,2026-08-23T05:29:00
9524486938,sraval@upi,200.0,2026-07-20T07:26:00
9396454436,advik18@upi,455.0,2026-07-05T06:15:00
9396454436,nmandal@upi,245.0,2026-08-25T21:41:00
9396454436,ishwar88@upi,425.0,2026-08-08T01:54:00
9396454436,vasahenry@upi,1335.0,2026-07-19T16:42:00
9396454436,raidhruv@upi,1480.0,2026-08-16T20:56:00
9396454436,kabir98@upi,915.0,2026-08-26T18:42:00
9396454436,nitesh70@upi,185.0,2026-08-03T04:07:00
9396454436,luke99@upi,595.0,2026-08-29T19:54:00
9396454436,panchalzinal@upi,45.0,2026-07-27T20:15:00
9396454436,daniel61@upi,245.0,2026-08-26T07:10:00
9396454436,devika50@upi,425.0,2026-07-15T23:34:00
9396454436,chakradhar97@upi,140.0,2026-08-07T23:40:00
9222717235,kadakiadayamai@upi,4355.0,2026-08-25T14:33:00
9222717235,ramjonathan@upi,935.0,2026-07-12T12:06:00
9222717235,christopher87@upi,910.0,2026-07-19T17:20:00
9222717235,dayamai85@upi,2540.0,2026-08-12T02:04:00
9222717235,chaaya64@upi,2060.0,2026-07-10T12:09:00
9222717235,gollatejas@upi,590.0,2026-08-10T02:40:00
9222717235,jsura@upi,260.0,2026-07-18T03:19:00
9222717235,rchaudhary@upi,7630.0,2026-07-05T09:01:00
9222717235,bhavna58@upi,125.0,2026-08-18T04:06:00
9222717235,devika43@upi,160.0,2026-07-31T19:14:00
9222717235,prakashbhanumati@upi,775.0,2026-07-14T08:46:00
9222717235,eranganathan@upi,200.0,2026-08-26T14:40:00
9222717235,anikagopal@upi,250.0,2026-07-25T02:56:00
9222717235,igarg@upi,940.0,2026-08-04T08:14:00
9222717235,warinder89@upi,45.0,2026-07-16T16:50:00
9222717235,kalahredhaan@upi,340.0,2026-08-13T18:57:00
9222717235,dkanda@upi,1995.0,2026-07-18T03:49:00
9222717235,nyohannan@upi,1390.0,2026-07-22T02:57:00
9222717235,choudhurysanaya@upi,280.0,2026-08-13T03:38:00
9855390384,manyathakur@upi,280.0,2026-08-25T13:31:00
9855390384,kiaan93@upi,3920.0,2026-08-16T09:34:00
9855390384,warhi15@upi,90.0,2026-08-05T09:51:00
9855390384,rayekantika@upi,110.0,2026-07-06T19:51:00
9855390384,dhawanbishakha@upi,225.0,2026-07-20T03:12:00
9855390384,bimala77@upi,1170.0,2026-08-13T10:39:00
9855390384,rajagopalanvi@upi,1710.0,2026-07-10T21:14:00
9855390384,lekha01@upi,355.0,2026-07-18T19:53:00
9855390384,prasadpratyush@upi,2075.0,2026-08-25T03:55:00
9487658493,ambleliam@upi,1140.0,2026-08-21T03:17:00
9487658493,gopal44@upi,590.0,2026-07-23T03:39:00
9487658493,bhavinimurthy@upi,2415.0,2026-07-18T20:59:00
9487658493,cherianinaya@upi,1075.0,2026-08-21T01:21:00
9487658493,choudhurysanaya@upi,550.0,2026-07-08T10:42:00
9487658493,nandini88@upi,435.0,2026-08-25T04:02:00
9487658493,atwalrajeshri@upi,900.0,2026-07-21T20:12:00
9487658493,santzaid@upi,65.0,2026-07-16T04:37:00
9487658493,tchawla@upi,540.0,2026-07-03T12:40:00
9487658493,anusha49@upi,565.0,2026-07-12T00:13:00
9487658493,jagvigoel@upi,30.0,2026-08-23T03:14:00
9487658493,nayakwahab@upi,305.0,2026-07-02T21:02:00
9029380964,osagar@upi,620.0,2026-08-06T18:13:00
9029380964,jagvi39@upi,655.0,2026-07-23T14:34:00
9029380964,jeremiahmemon@upi,1330.0,2026-08-21T13:29:00
9029380964,daveazaan@upi,285.0,2026-08-14T10:29:00
9029380964,duachakrika@upi,495.0,2026-07-06T16:08:00
9029380964,ikalita@upi,5035.0,2026-08-10T08:28:00
9029380964,madhav62@upi,1125.0,2026-07-30T05:28:00
9029380964,gganguly@upi,535.0,2026-08-27T08:15:00
9029380964,jsura@upi,505.0,2026-08-07T21:50:00
9029380964,anay36@upi,190.0,2026-07-04T03:18:00
9029380964,deoltanvi@upi,665.0,2026-07-10T10:40:00
9029380964,guhaurishilla@upi,2710.0,2026-07-29T09:26:00
9029380964,dayamai85@upi,3210.0,2026-07-18T15:31:00
9029380964,yaminirout@upi,980.0,2026-08-24T01:57:00
9029380964,vaidyalogan@upi,5565.0,2026-08-13T08:24:00
9029380964,kevinraja@upi,90.0,2026-08-07T16:14:00
9158252827,mangatdhruv@upi,335.0,2026-08-14T18:50:00
9158252827,indiraravi@upi,920.0,2026-08-15T13:10:00
9158252827,wmannan@upi,185.0,2026-07-18T06:17:00
9158252827,fbiswas@upi,840.0,2026-08-23T10:06:00
9158252827,nandaaryan@upi,285.0,2026-07-03T17:54:00
9158252827,eesharege@upi,735.0,2026-08-20T06:46:00
9158252827,raudalbir@upi,1970.0,2026-08-21T14:03:00
9158252827,shankarkamala@upi,360.0,2026-07-23T01:55:00
9158252827,mallickmitali@upi,2010.0,2026-08-06T03:08:00
9158252827,gbansal@upi,1235.0,2026-07-11T12:00:00
9158252827,jalsa37@upi,890.0,2026-07-08T21:19:00
9158252827,urishilla62@upi,410.0,2026-07-26T02:52:00
9470138106,samarthchokshi@upi,900.0,2026-08-06T06:17:00
9470138106,nicholas33@upi,565.0,2026-07-04T01:19:00
9470138106,amolpal@upi,390.0,2026-08-24T15:22:00
9470138106,bamble@upi,735.0,2026-08-09T18:43:00
9470138106,indiraravi@upi,625.0,2026-07-19T14:23:00
9470138106,kapurayaan@upi,1735.0,2026-08-02T17:22:00
9470138106,keyatripathi@upi,95.0,2026-07-26T03:51:00
9470138106,gardejagrati@upi,915.0,2026-07-12T14:48:00
9470138106,bhasintanvi@upi,445.0,2026-08-26T05:21:00
9992206411,naikjoshua@upi,175.0,2026-08-29T10:51:00
9992206411,keerabha@upi,275.0,2026-07-13T06:31:00
9992206411,ajani@upi,1340.0,2026-08-27T00:04:00
9992206411,anshborah@upi,135.0,2026-07-28T03:15:00
9992206411,indiraravi@upi,1980.0,2026-07-23T14:46:00
9992206411,deoltanvi@upi,345.0,2026-07-06T22:47:00
9992206411,eesha58@upi,110.0,2026-07-11T14:49:00
9992206411,dwali@upi,495.0,2026-07-06T09:44:00
9992206411,umang57@upi,1115.0,2026-08-24T09:56:00
9992206411,umang57@upi,1510.0,2026-07-10T15:46:00
9992206411,ramanathannirja@upi,175.0,2026-07-17T07:05:00
9992206411,shroffosha@upi,1735.0,2026-08-28T14:27:00
9818185597,yahvitailor@upi,855.0,2026-07-08T14:35:00
9818185597,balvan95@upi,1145.0,2026-07-14T08:42:00
9818185597,radhakrishnanrachit@upi,390.0,2026-07-09T01:17:00
9818185597,harrison85@upi,1820.0,2026-07-22T11:16:00
9818185597,dhritiatwal@upi,575.0,2026-07-23T20:19:00
9818185597,matthew58@upi,3935.0,2026-08-27T15:37:00
9818185597,yuvraj24@upi,1655.0,2026-08-24T01:55:00
9818185597,dhriti23@upi,400.0,2026-08-09T11:53:00
9818185597,chavvi07@upi,885.0,2026-08-07T02:29:00
9818185597,iyerojasvi@upi,525.0,2026-07-17T06:32:00
9818185597,vamakshi87@upi,300.0,2026-07-25T05:11:00
9818185597,wablefaqid@upi,155.0,2026-08-08T01:19:00
9420515785,schander@upi,2940.0,2026-07-05T02:13:00
9420515785,choudhurysanaya@upi,615.0,2026-07-18T14:21:00
9420515785,patrickkuruvilla@upi,1495.0,2026-08-06T11:15:00
9420515785,ocherian@upi,1450.0,2026-07-23T12:10:00
9420515785,yoshitabatra@upi,1040.0,2026-08-16T18:18:00
9420515785,yuvraj24@upi,2230.0,2026-07-10T07:44:00
9420515785,hemang56@upi,1075.0,2026-07-23T19:27:00
9420515785,chokshiekaja@upi,3280.0,2026-08-21T03:42:00
9420515785,jyoti18@upi,3450.0,2026-07-18T13:28:00
9420515785,yatankota@upi,660.0,2026-07-24T00:48:00
9420515785,qsinghal@upi,295.0,2026-08-14T15:26:00
9420515785,advik18@upi,1060.0,2026-07-30T11:35:00
9420515785,gardedipta@upi,750.0,2026-07-17T10:22:00
9420515785,akshay45@upi,295.0,2026-07-16T18:22:00
9420515785,sundernitara@upi,405.0,2026-08-04T09:45:00
9420515785,shroffosha@upi,8050.0,2026-07-02T04:53:00
9585932222,falankata@upi,5760.0,2026-07-29T03:20:00
9585932222,garimagolla@upi,565.0,2026-08-24T14:18:00
9585932222,anaybassi@upi,335.0,2026-07-04T09:55:00
9585932222,munigarima@upi,465.0,2026-08-05T10:52:00
9585932222,guneetlata@upi,95.0,2026-07-05T15:34:00
9585932222,panchalzinal@upi,70.0,2026-08-04T22:13:00
9585932222,janya19@upi,860.0,2026-07-02T13:53:00
9585932222,ogupta@upi,1110.0,2026-07-03T19:12:00
9585932222,nazarethdamini@upi,2435.0,2026-07-06T17:38:00
9585932222,dugarfaqid@upi,650.0,2026-07-16T12:48:00
9585932222,ssamra@upi,615.0,2026-07-22T21:10:00
9266407928,karan97@upi,115.0,2026-07-13T13:14:00
9266407928,advay80@upi,1885.0,2026-07-30T23:35:00
9266407928,braranamika@upi,2210.0,2026-07-21T15:42:00
9266407928,ansh85@upi,850.0,2026-08-06T13:39:00
9266407928,girindra52@upi,145.0,2026-08-04T08:45:00
9266407928,ranveer60@upi,345.0,2026-07-24T05:26:00
9266407928,jonathankhare@upi,830.0,2026-07-04T19:17:00
9266407928,agastya25@upi,65.0,2026-07-28T13:34:00
9266407928,teerthhalder@upi,1415.0,2026-07-01T17:46:00
9266407928,patelaadhya@upi,1240.0,2026-07-26T07:15:00
9266407928,warhi15@upi,100.0,2026-08-07T09:47:00
9552337763,chasmum65@upi,80.0,2026-07-18T16:40:00
9552337763,dhawanbishakha@upi,1095.0,2026-07-09T07:59:00
9552337763,qushikamdar@upi,2925.0,2026-07-16T12:32:00
9552337763,wsolanki@upi,1340.0,2026-08-16T06:41:00
9552337763,nshankar@upi,1415.0,2026-07-08T22:17:00
9552337763,charvi52@upi,395.0,2026-07-06T18:58:00
9552337763,ukhurana@upi,150.0,2026-07-20T14:58:00
9552337763,wardasoni@upi,895.0,2026-08-04T11:41:00
9552337763,vanshaanand@upi,890.0,2026-07-08T04:22:00
9552337763,zachariachasmum@upi,185.0,2026-07-02T08:39:00
9870151534,dugarbishakha@upi,415.0,2026-07-19T17:45:00
9870151534,ekaraj32@upi,200.0,2026-07-19T13:50:00
9870151534,pingleomaja@upi,830.0,2026-08-28T07:04:00
9870151534,fsibal@upi,210.0,2026-08-26T22:05:00
9870151534,jeremiahmemon@upi,220.0,2026-08-08T02:49:00
9870151534,anikagopal@upi,3160.0,2026-08-17T14:50:00
9870151534,lakshitsanghvi@upi,220.0,2026-08-23T23:26:00
9870151534,vyanjanabuch@upi,275.0,2026-08-15T19:45:00
9870151534,dipta37@upi,365.0,2026-08-29T08:10:00
9870151534,munizehaan@upi,255.0,2026-07-20T02:48:00
9870151534,balvan95@upi,410.0,2026-08-02T13:44:00
9870151534,gangulybanjeet@upi,1380.0,2026-07-19T18:56:00
9870151534,eranganathan@upi,2810.0,2026-07-15T05:41:00
9065105025,dhruv18@upi,500.0,2026-07-31T04:49:00
9065105025,aryanadig@upi,440.0,2026-07-27T01:01:00
9065105025,wablefaqid@upi,290.0,2026-07-17T20:43:00
9065105025,manthan74@upi,1405.0,2026-07-22T22:34:00
9065105025,dipta37@upi,60.0,2026-08-22T07:50:00
9065105025,zmajumdar@upi,595.0,2026-08-29T06:27:00
9065105025,schatterjee@upi,190.0,2026-07-10T01:24:00
9065105025,anikagopal@upi,180.0,2026-07-28T11:08:00
9065105025,wsolanki@upi,1865.0,2026-07-03T09:20:00
9065105025,muniekani@upi,1035.0,2026-08-17T06:35:00
9065105025,bnaidu@upi,645.0,2026-07-11T05:01:00
9065105025,abhiramvig@upi,480.0,2026-08-16T17:43:00
9118141811,damini19@upi,430.0,2026-08-18T10:11:00
9118141811,jagvigoel@upi,1480.0,2026-07-21T14:00:00
9118141811,ranveer60@upi,170.0,2026-07-07T14:02:00
9118141811,adyajain@upi,60.0,2026-07-06T21:01:00
9118141811,samuel75@upi,205.0,2026-07-09T01:46:00
9118141811,riasuresh@upi,1335.0,2026-08-27T10:43:00
9118141811,aarnajohal@upi,1305.0,2026-07-30T02:27:00
9118141811,xgandhi@upi,565.0,2026-08-18T05:58:00
9118141811,tanish97@upi,505.0,2026-08-22T13:17:00
9118141811,chakradhar97@upi,195.0,2026-07-26T01:53:00
9118141811,lsharma@upi,185.0,2026-08-20T05:23:00
9118141811,saumya98@upi,625.0,2026-07-14T10:44:00
9118141811,jyoti18@upi,2930.0,2026-08-09T23:42:00
9504320487,ansh65@upi,225.0,2026-07-25T04:27:00
9504320487,modyadvika@upi,340.0,2026-08-09T22:42:00
9504320487,dugarfaqid@upi,290.0,2026-07-04T07:08:00
9504320487,wyatt76@upi,1365.0,2026-07-20T11:39:00
9504320487,balvan95@upi,380.0,2026-07-31T04:23:00
9504320487,dasguptabalendra@upi,220.0,2026-08-14T00:18:00
9504320487,kabir98@upi,580.0,2026-07-04T00:49:00
9504320487,raghav60@upi,3865.0,2026-07-01T10:42:00
9504320487,neel90@upi,100.0,2026-07-11T15:04:00
9744013158,raveloliver@upi,250.0,2026-08-16T15:03:00
9744013158,bhavini64@upi,965.0,2026-08-16T05:44:00
9744013158,jai68@upi,325.0,2026-07-28T17:14:00
9744013158,yashica37@upi,1405.0,2026-07-15T07:21:00
9744013158,ukhurana@upi,495.0,2026-07-24T19:16:00
9744013158,alexander71@upi,380.0,2026-07-24T21:34:00
9744013158,bimala77@upi,960.0,2026-08-09T01:24:00
9744013158,ranganathanhenry@upi,4245.0,2026-08-07T14:54:00
9744013158,udarshsinghal@upi,590.0,2026-07-31T08:54:00
9744013158,xbobal@upi,670.0,2026-08-02T08:30:00
9744013158,indiraravi@upi,465.0,2026-08-13T23:38:00
9556214443,vasatikazachariah@upi,1595.0,2026-08-20T14:07:00
9556214443,bkanda@upi,1585.0,2026-07-05T04:53:00
9556214443,nnarayan@upi,230.0,2026-07-26T13:45:00
9556214443,nnarayan@upi,100.0,2026-08-27T16:01:00
9556214443,bnaidu@upi,835.0,2026-08-14T22:13:00
9556214443,bnaidu@upi,275.0,2026-07-10T18:51:00
9556214443,aayush88@upi,1350.0,2026-08-17T01:46:00
9556214443,yahvisawhney@upi,2255.0,2026-08-07T04:40:00
9556214443,rpathak@upi,5430.0,2026-07-31T14:33:00
9556214443,gopal44@upi,440.0,2026-07-16T19:51:00
9556214443,waidanarayanan@upi,4285.0,2026-07-27T08:11:00
9556214443,zayan77@upi,430.0,2026-08-24T17:15:00
9556214443,bhanumatihayer@upi,520.0,2026-07-18T16:41:00
9556214443,guneetlata@upi,650.0,2026-08-04T08:19:00
9556214443,mohammedsrinivas@upi,840.0,2026-07-06T21:04:00
9556214443,kevindutt@upi,1085.0,2026-07-15T21:02:00
9556214443,ganga23@upi,1515.0,2026-07-24T20:00:00
9556214443,dadavrinda@upi,315.0,2026-07-30T13:22:00
9556214443,harshdube@upi,190.0,2026-08-25T04:34:00
9770179112,gaurang20@upi,590.0,2026-07-29T15:55:00
9770179112,mangatdhruv@upi,3140.0,2026-08-03T05:55:00
9770179112,brijesh10@upi,260.0,2026-07-13T04:41:00
9770179112,gardedipta@upi,180.0,2026-07-05T05:17:00
9770179112,qushikamdar@upi,540.0,2026-07-30T16:15:00
9770179112,vivaanhora@upi,40.0,2026-07-11T20:07:00
9770179112,choudharysaanvi@upi,470.0,2026-08-06T03:41:00
9770179112,divya58@upi,3735.0,2026-07-04T01:52:00
9770179112,xraman@upi,1345.0,2026-08-15T12:48:00
9770179112,nachiket67@upi,760.0,2026-07-10T08:49:00
9770179112,dadavrinda@upi,1650.0,2026-08-24T06:14:00
9770179112,mannanryan@upi,750.0,2026-07-15T23:08:00
9770179112,vaishnavishroff@upi,240.0,2026-08-08T09:40:00
9770179112,dugarshravya@upi,3455.0,2026-08-13T08:50:00
9927033369,modyadvika@upi,410.0,2026-08-12T03:04:00
9927033369,qabil75@upi,390.0,2026-08-18T04:36:00
9927033369,akshay45@upi,1875.0,2026-07-29T17:31:00
9927033369,khoslaaditya@upi,940.0,2026-07-17T09:12:00
9927033369,dnori@upi,1170.0,2026-07-03T13:30:00
9927033369,ajani@upi,95.0,2026-07-17T13:42:00
9927033369,bosexalak@upi,455.0,2026-08-20T18:43:00
9927033369,shroffosha@upi,600.0,2026-07-27T23:20:00
9927033369,vasatikazachariah@upi,1215.0,2026-08-22T10:46:00
9927033369,yadavidugar@upi,170.0,2026-07-03T15:31:00
9200842411,nayakwahab@upi,360.0,2026-07-31T21:09:00
9200842411,wsolanki@upi,195.0,2026-08-16T23:06:00
9200842411,naikjoshua@upi,255.0,2026-07-03T16:04:00
9200842411,ucchalganesh@upi,300.0,2026-07-29T14:07:00
9200842411,zilmilvala@upi,1255.0,2026-07-06T00:33:00
9200842411,dkanda@upi,360.0,2026-07-19T00:54:00
9200842411,munizehaan@upi,205.0,2026-07-19T20:09:00
9200842411,anshborah@upi,1420.0,2026-08-24T02:25:00
9200842411,jnagar@upi,190.0,2026-07-08T15:19:00
9200842411,vaishnavishroff@upi,320.0,2026-07-14T07:19:00
9836051835,matthew58@upi,695.0,2026-07-20T04:17:00
9836051835,kamdarosha@upi,385.0,2026-07-08T09:50:00
9836051835,vsehgal@upi,95.0,2026-07-12T13:09:00
9836051835,wrideshsengupta@upi,565.0,2026-08-23T10:19:00
9836051835,wrideshsengupta@upi,110.0,2026-07-08T23:50:00
9836051835,enagar@upi,195.0,2026-08-19T23:50:00
9836051835,raksha64@upi,1245.0,2026-07-25T09:29:00
9836051835,rbakshi@upi,325.0,2026-07-18T11:42:00
9836051835,chasmum65@upi,2970.0,2026-08-08T12:29:00
9836051835,ssamra@upi,215.0,2026-08-07T16:31:00
9836051835,garariya@upi,545.0,2026-07-01T11:46:00
9836051835,jai68@upi,45.0,2026-07-18T23:04:00
9836051835,priyanatt@upi,770.0,2026-08-11T17:00:00
9836051835,nihalsoman@upi,1555.0,2026-07-30T12:56:00
9836051835,parikhucchal@upi,545.0,2026-08-26T13:24:00
9114968431,manyathakur@upi,200.0,2026-08-18T23:34:00
9114968431,khoslaaditya@upi,125.0,2026-08-21T23:34:00
9114968431,sagarnathan@upi,2255.0,2026-07-20T04:05:00
9114968431,eesharege@upi,245.0,2026-08-14T05:26:00
9114968431,qedwin@upi,85.0,2026-08-22T07:21:00
9114968431,jagvi39@upi,4925.0,2026-08-15T08:44:00
9114968431,teerthhalder@upi,170.0,2026-07-06T13:54:00
9114968431,singhudant@upi,1765.0,2026-07-28T18:17:00
9114968431,lmital@upi,495.0,2026-08-23T11:57:00
9114968431,devika43@upi,2395.0,2026-07-12T02:22:00
9114968431,rayekantika@upi,1135.0,2026-08-25T13:25:00
9114968431,raksha03@upi,260.0,2026-08-11T10:02:00
9114968431,lborde@upi,1035.0,2026-08-14T00:49:00
9037548430,thora@upi,500.0,2026-07-31T05:46:00
9037548430,guhaurishilla@upi,1180.0,2026-07-27T23:00:00
9037548430,dharnathaniel@upi,1865.0,2026-07-06T08:13:00
9037548430,srinivasabeer@upi,1180.0,2026-08-28T18:23:00
9037548430,qabil75@upi,375.0,2026-07-14T16:08:00
9037548430,turvi76@upi,425.0,2026-07-25T21:30:00
9037548430,ramanathannirja@upi,570.0,2026-08-03T21:01:00
9037548430,rchaudhary@upi,1250.0,2026-07-27T14:16:00
9037548430,yvarty@upi,555.0,2026-07-20T04:10:00
9037548430,wriddhish67@upi,715.0,2026-07-04T00:29:00
9037548430,hparmar@upi,1205.0,2026-08-01T09:03:00
9037548430,qsinghal@upi,1410.0,2026-07-24T20:11:00
9037548430,palanekaraj@upi,550.0,2026-08-27T23:07:00
9037548430,shansuhani@upi,4075.0,2026-07-14T05:30:00
9037548430,karanlibni@upi,150.0,2026-08-12T17:33:00
9037548430,rajagopalanvi@upi,1050.0,2026-08-13T12:32:00
9411207999,waida57@upi,2100.0,2026-07-14T03:20:00
9411207999,hiralbahri@upi,185.0,2026-07-29T21:42:00
9411207999,murthyyadavi@upi,405.0,2026-07-29T22:01:00
9411207999,munigarima@upi,100.0,2026-08-01T01:01:00
9411207999,munigarima@upi,775.0,2026-07-18T21:55:00
9411207999,patelaadhya@upi,1450.0,2026-07-31T15:10:00
9411207999,waida55@upi,1665.0,2026-08-03T11:35:00
9411207999,keerabha@upi,405.0,2026-08-02T05:16:00
9411207999,eranganathan@upi,445.0,2026-07-25T23:28:00
9411207999,dsridhar@upi,650.0,2026-08-22T03:21:00
9411207999,riya85@upi,365.0,2026-08-12T12:29:00
9411207999,zbajwa@upi,970.0,2026-07-29T18:43:00
9411207999,bgrover@upi,285.0,2026-07-08T22:39:00
9941508100,deoltanvi@upi,105.0,2026-07-01T17:36:00
9941508100,patelaadhya@upi,590.0,2026-07-16T16:17:00
9941508100,yashasvi16@upi,775.0,2026-07-13T16:45:00
9941508100,gangulybanjeet@upi,1395.0,2026-08-21T06:41:00
9941508100,qramanathan@upi,1255.0,2026-08-21T18:59:00
9941508100,ranveer60@upi,245.0,2026-08-21T21:51:00
9941508100,ykapur@upi,190.0,2026-07-01T16:09:00
9941508100,ocherian@upi,535.0,2026-07-31T23:34:00
9941508100,chokshiekaja@upi,475.0,2026-07-12T17:36:00
9941508100,chaitanyabuch@upi,785.0,2026-08-26T19:22:00
9941508100,wsami@upi,1200.0,2026-07-12T19:46:00
9941508100,aamble@upi,185.0,2026-07-28T06:43:00
9941508100,bhasintanvi@upi,390.0,2026-07-29T21:36:00
9941508100,gautam72@upi,755.0,2026-07-18T06:39:00
9941508100,qushi33@upi,270.0,2026-07-04T20:55:00
9941508100,dashekavir@upi,320.0,2026-08-28T20:24:00
9941508100,rajagopalancharles@upi,265.0,2026-08-05T07:09:00
9950712865,vasahenry@upi,200.0,2026-07-04T05:53:00
9950712865,kapurayaan@upi,1730.0,2026-08-02T15:21:00
9950712865,duachakrika@upi,440.0,2026-08-13T09:13:00
9950712865,kotaunni@upi,630.0,2026-08-11T16:49:00
9950712865,wseshadri@upi,490.0,2026-07-01T14:35:00
9950712865,girindra52@upi,1105.0,2026-07-21T02:35:00
9950712865,prege@upi,885.0,2026-08-12T15:14:00
9271253582,kotaunni@upi,250.0,2026-08-03T07:17:00
9271253582,rdayal@upi,410.0,2026-08-10T21:05:00
9271253582,ganga23@upi,485.0,2026-08-12T05:57:00
9271253582,yuvrajgupta@upi,2950.0,2026-07-10T11:02:00
9271253582,schander@upi,400.0,2026-08-21T07:41:00
9271253582,darika92@upi,130.0,2026-08-12T03:11:00
9271253582,yahvisawhney@upi,1255.0,2026-07-29T04:53:00
9271253582,gopal44@upi,1290.0,2026-07-07T16:43:00
9330434633,xmitra@upi,1045.0,2026-08-14T05:54:00
9330434633,janya19@upi,770.0,2026-08-18T01:21:00
9330434633,pranit80@upi,1675.0,2026-08-04T19:25:00
9330434633,riya85@upi,700.0,2026-07-06T15:48:00
9330434633,adya21@upi,145.0,2026-08-04T21:17:00
9330434633,patrickkuruvilla@upi,490.0,2026-07-23T17:16:00
9330434633,girishwali@upi,10830.0,2026-08-04T06:13:00
9330434633,bhaktakrisha@upi,50.0,2026-07-19T11:51:00
9330434633,jalsa37@upi,1275.0,2026-08-02T17:26:00
9330434633,kabir98@upi,455.0,2026-07-01T10:50:00
9330434633,shroffosha@upi,240.0,2026-08-10T04:13:00
9330434633,brijesh10@upi,330.0,2026-08-20T07:25:00
9207971522,reyanshmenon@upi,3085.0,2026-08-24T07:58:00
9207971522,mannanryan@upi,1310.0,2026-07-14T19:43:00
9207971522,wmannan@upi,2690.0,2026-08-11T08:01:00
9207971522,santzaid@upi,990.0,2026-08-25T02:25:00
9207971522,kashvimahajan@upi,595.0,2026-08-15T15:02:00
9207971522,bhaktakrisha@upi,480.0,2026-08-27T12:49:00
9207971522,ranveer60@upi,135.0,2026-08-10T03:24:00
9207971522,samakshshukla@upi,1425.0,2026-07-10T22:05:00
9207971522,lborde@upi,145.0,2026-07-11T02:01:00
9207971522,yuvraj24@upi,380.0,2026-07-02T17:42:00
9008584061,ishaan67@upi,365.0,2026-07-28T19:02:00
9008584061,neelimabalay@upi,1480.0,2026-07-28T16:18:00
9008584061,modyadvika@upi,255.0,2026-08-19T22:42:00
9008584061,gaurang20@upi,505.0,2026-07-29T21:05:00
9008584061,wbasu@upi,160.0,2026-07-24T01:17:00
9008584061,ndasgupta@upi,445.0,2026-08-14T07:28:00
9008584061,qabil75@upi,2015.0,2026-08-16T16:52:00
9008584061,ukhurana@upi,2610.0,2026-07-20T19:18:00
9008584061,issacraksha@upi,220.0,2026-07-26T15:05:00
9008584061,ldara@upi,250.0,2026-08-15T21:55:00
9008584061,shansuhani@upi,185.0,2026-08-23T18:44:00
9008584061,mekhala18@upi,360.0,2026-08-24T02:52:00
9008584061,lghose@upi,235.0,2026-07-27T21:17:00
9008584061,girindra52@upi,2460.0,2026-08-17T04:46:00
9528657624,uvasa@upi,180.0,2026-07-23T20:15:00
9528657624,bgrover@upi,1020.0,2026-07-04T09:56:00
9528657624,gaurang20@upi,290.0,2026-08-16T23:04:00
9528657624,sekhonrachita@upi,170.0,2026-08-26T12:18:00
9528657624,hsagar@upi,1675.0,2026-08-21T21:42:00
9528657624,kapurayaan@upi,3055.0,2026-07-31T14:06:00
9528657624,brinda39@upi,450.0,2026-08-24T17:01:00
9528657624,urmigoswami@upi,380.0,2026-08-05T01:47:00
9528657624,chandaniseshadri@upi,875.0,2026-08-19T04:50:00
9528657624,mukhopadhyayjack@upi,845.0,2026-07-13T12:22:00
9528657624,jalsa37@upi,655.0,2026-08-11T17:42:00
9528657624,yauvani39@upi,150.0,2026-08-09T05:43:00
9528657624,kkata@upi,2740.0,2026-07-28T05:43:00
9528657624,deoldevansh@upi,3005.0,2026-07-22T11:31:00
9468349143,modyfalguni@upi,35.0,2026-07-30T11:24:00
9468349143,onkar82@upi,905.0,2026-07-17T12:19:00
9468349143,osidhu@upi,405.0,2026-07-05T15:55:00
9468349143,brarelijah@upi,2505.0,2026-08-14T08:29:00
9468349143,dhruvde@upi,1260.0,2026-07-25T04:59:00
9468349143,patelshivansh@upi,840.0,2026-07-29T02:12:00
9468349143,chaitanya83@upi,600.0,2026-07-02T05:05:00
9468349143,chaitanyabuch@upi,1010.0,2026-08-11T14:01:00
9468349143,ansh85@upi,7040.0,2026-08-28T10:05:00
9468349143,omkaarsundaram@upi,515.0,2026-07-25T22:34:00
9468349143,abhiramvig@upi,255.0,2026-07-23T21:45:00
9468349143,sai41@upi,250.0,2026-08-25T14:41:00
9468349143,munigarima@upi,1325.0,2026-08-19T01:42:00
9468349143,rakshaborah@upi,800.0,2026-08-22T21:48:00
9468349143,munijasmit@upi,695.0,2026-08-23T22:00:00
9468349143,bajwamitali@upi,985.0,2026-07-30T08:00:00
9654919306,nyohannan@upi,275.0,2026-08-11T16:09:00
9654919306,hemallalla@upi,1230.0,2026-08-16T07:54:00
9654919306,widisharamaswamy@upi,175.0,2026-07-10T19:21:00
9654919306,brarelijah@upi,1375.0,2026-07-31T17:59:00
9654919306,deoltanvi@upi,650.0,2026-07-15T01:16:00
9654919306,yaminirout@upi,370.0,2026-07-16T00:45:00
9654919306,kuruvillaisaiah@upi,175.0,2026-07-13T09:37:00
9654919306,nchawla@upi,450.0,2026-08-29T10:39:00
9680479553,ramjonathan@upi,980.0,2026-08-03T06:51:00
9680479553,krishna04@upi,670.0,2026-07-22T15:08:00
9680479553,urmigoswami@upi,580.0,2026-08-27T05:50:00
9680479553,bosexalak@upi,460.0,2026-08-01T23:44:00
9680479553,krishmishra@upi,1605.0,2026-07-17T18:25:00
9680479553,dhruvde@upi,350.0,2026-07-30T04:14:00
9680479553,atwalrajeshri@upi,1980.0,2026-08-05T04:47:00
9590637250,keerabha@upi,2715.0,2026-08-09T12:13:00
9590637250,vasatika07@upi,925.0,2026-07-04T22:37:00
9590637250,nachiket67@upi,525.0,2026-08-26T12:02:00
9590637250,oni66@upi,190.0,2026-08-27T13:31:00
9590637250,ahegde@upi,1255.0,2026-07-02T20:37:00
9590637250,logannaidu@upi,180.0,2026-08-21T19:13:00
9590637250,logannaidu@upi,945.0,2026-08-22T08:44:00
9590637250,kpillai@upi,1225.0,2026-07-09T21:53:00
9590637250,ukhurana@upi,1010.0,2026-07-10T06:38:00
9590637250,modyadvika@upi,2890.0,2026-07-05T04:25:00
9590637250,ijaya67@upi,415.0,2026-07-08T11:01:00
9590637250,unnatiwagle@upi,205.0,2026-08-06T14:54:00
9590637250,matthewlata@upi,105.0,2026-07-29T14:47:00
9590637250,choudhurysanaya@upi,40.0,2026-07-12T21:39:00
9590637250,aarnajohal@upi,1015.0,2026-07-25T01:26:00
9590637250,nandini88@upi,940.0,2026-07-09T16:51:00
9590637250,paiamara@upi,135.0,2026-07-12T10:56:00
9590637250,panchalzinal@upi,805.0,2026-07-26T23:27:00
9590637250,galaisaac@upi,295.0,2026-07-11T14:17:00
9590637250,rmadan@upi,220.0,2026-07-04T11:48:00
9590637250,nchawla@upi,365.0,2026-08-07T07:19:00
9785939510,agastya25@upi,1295.0,2026-08-03T05:19:00
9785939510,priyanatt@upi,640.0,2026-07-19T20:19:00
9785939510,warinder89@upi,960.0,2026-08-19T15:36:00
9785939510,brinda39@upi,295.0,2026-08-21T18:50:00
9785939510,vamakshi87@upi,320.0,2026-08-13T01:21:00
9785939510,ranaaahana@upi,1620.0,2026-08-24T09:10:00
9785939510,esrinivasan@upi,1975.0,2026-07-18T16:24:00
9785939510,gbansal@upi,635.0,2026-08-29T17:25:00
9785939510,upkaarpingle@upi,465.0,2026-07-28T00:47:00
9785939510,maanavsubramaniam@upi,785.0,2026-08-28T19:21:00
9785939510,ssaxena@upi,125.0,2026-08-17T14:19:00
9785939510,garderiya@upi,420.0,2026-08-05T07:56:00
9785939510,modyfalguni@upi,845.0,2026-08-15T00:10:00
9785939510,uloke@upi,220.0,2026-08-04T06:57:00
9472817397,dharnathaniel@upi,480.0,2026-08-16T21:55:00
9472817397,rdayal@upi,775.0,2026-07-12T04:20:00
9472817397,qganesan@upi,170.0,2026-07-17T16:32:00
9472817397,rayaan02@upi,325.0,2026-08-13T10:54:00
9472817397,karanlibni@upi,125.0,2026-07-20T03:20:00
9472817397,ranveer60@upi,5370.0,2026-07-15T10:01:00
9472817397,yahvitailor@upi,470.0,2026-07-20T23:59:00
9472817397,schander@upi,185.0,2026-07-28T01:21:00
9472817397,anvi70@upi,1745.0,2026-08-08T14:17:00
9472817397,garariya@upi,1220.0,2026-07-16T11:45:00
9472817397,raksha36@upi,170.0,2026-08-03T15:34:00
9472817397,udarshsinghal@upi,545.0,2026-08-12T07:00:00
9472817397,dashekavir@upi,110.0,2026-07-28T04:23:00
9472817397,ikaul@upi,1490.0,2026-08-05T00:21:00
9330833334,yvarty@upi,800.0,2026-08-07T20:54:00
9330833334,aachal27@upi,380.0,2026-08-13T00:35:00
9330833334,ranveer60@upi,1700.0,2026-07-24T03:16:00
9330833334,balvan95@upi,230.0,2026-08-22T18:37:00
9330833334,gangulyupma@upi,1680.0,2026-07-17T06:38:00
9330833334,bhaktakrisha@upi,1170.0,2026-07-31T16:36:00
9330833334,lakshitsanghvi@upi,435.0,2026-07-07T00:54:00
9330833334,abhiram75@upi,965.0,2026-08-02T18:31:00
9330833334,sachi68@upi,730.0,2026-07-10T23:34:00
9330833334,divya58@upi,730.0,2026-08-15T08:53:00
9330833334,maanavsubramaniam@upi,920.0,2026-07-26T05:30:00
9330833334,reva72@upi,585.0,2026-08-13T15:24:00
9330833334,jchakrabarti@upi,565.0,2026-07-29T06:15:00
9330833334,forumdalia@upi,180.0,2026-08-21T16:38:00
9330833334,dtripathi@upi,415.0,2026-07-06T14:03:00
9330833334,muniekani@upi,290.0,2026-08-04T18:43:00
9119689122,mannetejas@upi,1130.0,2026-07-03T21:59:00
9119689122,waida55@upi,2385.0,2026-07-20T21:41:00
9119689122,ucchalganesh@upi,545.0,2026-08-19T05:40:00
9119689122,saumya68@upi,190.0,2026-07-12T14:06:00
9119689122,chaitanyabuch@upi,160.0,2026-08-11T20:59:00
9119689122,galaisaac@upi,540.0,2026-08-02T06:39:00
9119689122,srinivasabeer@upi,235.0,2026-07-07T14:59:00
9119689122,ocherian@upi,3480.0,2026-07-11T09:29:00
9119689122,parmeraahana@upi,245.0,2026-07-22T05:42:00
9119689122,yahvisawhney@upi,840.0,2026-07-24T23:29:00
9119689122,waida57@upi,600.0,2026-07-17T09:33:00
9119689122,dtripathi@upi,2765.0,2026-07-05T19:43:00
9119689122,samraakshay@upi,2225.0,2026-08-20T22:10:00
9119689122,sai41@upi,970.0,2026-08-02T21:31:00
9119689122,kotaunni@upi,380.0,2026-08-20T05:08:00
9119689122,galayochana@upi,235.0,2026-08-20T23:38:00
9119689122,garariya@upi,3330.0,2026-07-24T06:52:00
9119689122,cherianinaya@upi,925.0,2026-08-18T06:47:00
9119689122,janya19@upi,900.0,2026-07-03T07:56:00
9568945147,aptemohammed@upi,340.0,2026-07-13T03:38:00
9568945147,ishwar88@upi,780.0,2026-07-01T19:53:00
9568945147,duachakrika@upi,1215.0,2026-07-26T00:01:00
9568945147,ocherian@upi,1940.0,2026-08-07T13:57:00
9568945147,ahegde@upi,620.0,2026-07-07T00:57:00
9568945147,ahegde@upi,710.0,2026-07-07T06:28:00
9568945147,guneetlata@upi,70.0,2026-07-13T15:35:00
9568945147,dayalviraj@upi,105.0,2026-08-21T06:47:00
9568945147,damini19@upi,875.0,2026-07-15T16:34:00
9568945147,mohammedsrinivas@upi,375.0,2026-08-05T04:34:00
9568945147,bhavinimurthy@upi,1105.0,2026-08-24T03:49:00
9568945147,dadachakradhar@upi,315.0,2026-07-23T02:13:00
9568945147,dwali@upi,1845.0,2026-08-19T02:51:00
9568945147,aayush88@upi,645.0,2026-07-31T06:31:00
9193850480,ishaan67@upi,210.0,2026-08-23T02:07:00
9193850480,pahalbhavsar@upi,120.0,2026-07-28T12:03:00
9193850480,dhawanbishakha@upi,1150.0,2026-07-15T02:36:00
9193850480,gaurichaudhuri@upi,960.0,2026-07-23T18:10:00
9193850480,khoslahemal@upi,255.0,2026-07-15T19:36:00
9193850480,meghanakapur@upi,150.0,2026-07-03T23:25:00
9193850480,wriddhish67@upi,95.0,2026-08-22T18:16:00
9193850480,shansuhani@upi,2005.0,2026-08-25T19:28:00
9193850480,vaishnavishroff@upi,535.0,2026-07-18T09:55:00
9983519002,jhabhavya@upi,500.0,2026-08-25T02:16:00
9983519002,doshijeremiah@upi,540.0,2026-07-03T22:40:00
9983519002,munigarima@upi,570.0,2026-08-26T04:52:00
9983519002,dtripathi@upi,1170.0,2026-07-09T15:16:00
9983519002,dipta37@upi,730.0,2026-08-08T22:44:00
9983519002,cherianinaya@upi,785.0,2026-07-13T11:25:00
9983519002,rbadami@upi,405.0,2026-07-27T12:05:00
9905802164,munigarima@upi,615.0,2026-07-04T17:47:00
9905802164,samuel75@upi,825.0,2026-08-26T04:59:00
9905802164,gangulyupma@upi,505.0,2026-08-05T02:58:00
9905802164,ipandit@upi,2880.0,2026-07-19T21:39:00
9905802164,ikalita@upi,2060.0,2026-07-09T06:46:00
9905802164,aayush88@upi,100.0,2026-07-26T01:05:00
9905802164,rayekantika@upi,610.0,2026-07-06T23:19:00
9905802164,udarshsinghal@upi,705.0,2026-07-14T12:01:00
9905802164,rajagopalanvi@upi,180.0,2026-07-28T18:54:00
9905802164,mkota@upi,530.0,2026-08-19T18:13:00
9905802164,ldevi@upi,390.0,2026-08-12T03:06:00
9469763439,yaminirout@upi,125.0,2026-07-03T02:33:00
9469763439,bnaidu@upi,420.0,2026-08-19T05:40:00
9469763439,pavanikhanna@upi,485.0,2026-07-18T19:19:00
9469763439,indiraravi@upi,475.0,2026-08-16T08:42:00
9469763439,dadachakradhar@upi,1845.0,2026-07-14T05:15:00
9469763439,rajagopalanvi@upi,75.0,2026-08-15T21:12:00
9469763439,wvarty@upi,380.0,2026-07-12T16:57:00
9469763439,hparmar@upi,200.0,2026-08-24T16:08:00
9469763439,eganesh@upi,205.0,2026-08-07T02:45:00
9469763439,gagandey@upi,310.0,2026-07-24T23:18:00
9469763439,sai41@upi,1290.0,2026-07-16T02:05:00
9469763439,manthan74@upi,290.0,2026-07-03T12:37:00
9469763439,liamtrivedi@upi,215.0,2026-07-06T00:58:00
9469763439,matthewlata@upi,840.0,2026-08-15T14:26:00
9469763439,bamble@upi,250.0,2026-07-21T00:18:00
9469763439,rbadami@upi,1160.0,2026-07-06T14:30:00
9469763439,aviparmer@upi,3035.0,2026-07-23T11:47:00
9469763439,doshijeremiah@upi,430.0,2026-07-06T02:12:00
9469763439,dayamaidoctor@upi,235.0,2026-07-11T20:32:00
9781499194,balvan95@upi,265.0,2026-07-08T14:50:00
9781499194,vbhatnagar@upi,6165.0,2026-08-14T22:45:00
9781499194,ganga23@upi,120.0,2026-07-17T06:06:00
9781499194,harrison85@upi,3430.0,2026-07-16T14:39:00
9781499194,lmital@upi,1205.0,2026-07-29T01:11:00
9781499194,sekhonrachita@upi,1285.0,2026-08-03T10:37:00
9781499194,mkari@upi,125.0,2026-07-22T10:32:00
9781499194,mannanryan@upi,1135.0,2026-07-17T19:30:00
9781499194,thora@upi,305.0,2026-08-05T05:11:00
9781499194,neel90@upi,1025.0,2026-07-07T13:08:00
9325983817,balasubramanianvasana@upi,1740.0,2026-07-30T08:00:00
9325983817,galaisaac@upi,1045.0,2026-08-14T06:24:00
9325983817,santzaid@upi,760.0,2026-08-14T00:01:00
9325983817,qushikamdar@upi,60.0,2026-07-07T13:56:00
9325983817,advaysahota@upi,495.0,2026-08-18T15:32:00
9325983817,agastya25@upi,250.0,2026-08-13T12:08:00
9325983817,tanish35@upi,970.0,2026-08-20T07:50:00
9325983817,chavvi07@upi,370.0,2026-07-12T16:39:00
9325983817,kala21@upi,965.0,2026-08-09T22:18:00
9325983817,shaharish@upi,180.0,2026-08-19T12:34:00
9325983817,eganesh@upi,1210.0,2026-07-04T11:36:00
9325983817,edhithaacharya@upi,10620.0,2026-07-16T20:32:00
9325983817,jsura@upi,1960.0,2026-07-31T11:50:00
9967287288,nchawla@upi,1130.0,2026-08-20T01:51:00
9967287288,singhudant@upi,110.0,2026-08-03T14:05:00
9967287288,nshankar@upi,385.0,2026-08-19T16:13:00
9967287288,mgoyal@upi,235.0,2026-08-10T21:52:00
9967287288,jbandi@upi,1775.0,2026-08-08T15:52:00
9967287288,yahvisawhney@upi,90.0,2026-08-29T07:22:00
9967287288,tparmar@upi,525.0,2026-08-06T16:01:00
9967287288,yashica37@upi,460.0,2026-08-04T18:45:00
9967287288,vaishnavitara@upi,300.0,2026-08-08T18:56:00
9967287288,nitesh70@upi,330.0,2026-08-25T22:02:00
9967287288,vbhatnagar@upi,385.0,2026-07-09T02:48:00
9967287288,bhaktakrisha@upi,470.0,2026-07-15T13:39:00
9967287288,chokshiisaac@upi,105.0,2026-07-29T10:35:00
9967287288,tanish97@upi,445.0,2026-08-21T13:03:00
9291807385,christopher87@upi,565.0,2026-07-12T11:41:00
9291807385,xsachar@upi,85.0,2026-08-01T07:53:00
9291807385,krishna04@upi,280.0,2026-07-23T11:08:00
9291807385,qganesan@upi,170.0,2026-07-17T16:00:00
9291807385,daveazaan@upi,1575.0,2026-08-22T12:02:00
9291807385,palanekaraj@upi,465.0,2026-07-06T19:21:00
9291807385,henrymenon@upi,3685.0,2026-07-02T22:39:00
9291807385,gangulyupma@upi,215.0,2026-08-19T00:22:00
9291807385,yashica37@upi,1020.0,2026-07-07T01:15:00
9291807385,gautam72@upi,1675.0,2026-07-04T00:56:00
9291807385,divya58@upi,630.0,2026-08-09T06:19:00
9291807385,doshijeremiah@upi,520.0,2026-07-17T11:41:00
9366850427,hpatel@upi,670.0,2026-07-02T16:10:00
9366850427,bhavini64@upi,1095.0,2026-07-31T05:07:00
9366850427,aachal27@upi,1055.0,2026-07-01T19:29:00
9366850427,jhalakperi@upi,420.0,2026-07-14T21:06:00
9366850427,karan97@upi,230.0,2026-08-18T05:49:00
9366850427,ekaraj32@upi,820.0,2026-07-13T15:36:00
9366850427,memonisaiah@upi,1100.0,2026-07-09T20:21:00
9366850427,ykapur@upi,465.0,2026-07-22T23:35:00
9366850427,ssaxena@upi,1370.0,2026-08-23T22:19:00
9366850427,rnath@upi,285.0,2026-08-25T14:33:00
9366850427,anshpal@upi,270.0,2026-08-02T09:54:00
9366850427,zbajwa@upi,8895.0,2026-07-12T15:10:00
9366850427,mannanryan@upi,475.0,2026-07-09T02:34:00
9366850427,gadejairaj@upi,1950.0,2026-07-28T21:40:00
9366850427,dnadkarni@upi,295.0,2026-08-17T21:48:00
9366850427,hramanathan@upi,245.0,2026-08-27T09:40:00
9052861995,sarkarturvi@upi,280.0,2026-08-05T16:12:00
9052861995,galayochana@upi,1490.0,2026-08-16T03:20:00
9052861995,warhi15@upi,315.0,2026-07-26T01:52:00
9052861995,vamakshi87@upi,300.0,2026-08-14T12:42:00
9052861995,bakhshi28@upi,475.0,2026-08-29T13:13:00
9052861995,xmukhopadhyay@upi,220.0,2026-07-18T08:11:00
9052861995,meghanakapur@upi,3270.0,2026-07-01T19:14:00
9052861995,balasubramanianvasana@upi,1645.0,2026-08-10T23:52:00
9052861995,rpalla@upi,675.0,2026-08-24T08:31:00
9052861995,lakshitsanghvi@upi,205.0,2026-08-05T16:33:00
9052861995,uloke@upi,1480.0,2026-08-26T19:30:00
9052861995,chokshiekaja@upi,1380.0,2026-08-01T00:22:00
9052861995,deoltanvi@upi,1320.0,2026-08-24T00:13:00
9052861995,lekha01@upi,105.0,2026-08-23T19:13:00
9052861995,santzaid@upi,2440.0,2026-07-15T16:13:00
9052861995,forumdalia@upi,1620.0,2026-08-08T10:50:00
9052861995,fbiswas@upi,4500.0,2026-07-15T18:16:00
9052861995,zashil00@upi,2370.0,2026-07-09T10:31:00
9052861995,david08@upi,195.0,2026-08-28T14:19:00
9052861995,yuvraj24@upi,100.0,2026-07-02T22:46:00
9872663192,lakshitsanghvi@upi,415.0,2026-08-03T12:27:00
9872663192,janakibarman@upi,905.0,2026-07-28T01:39:00
9872663192,yashicarastogi@upi,175.0,2026-08-28T06:08:00
9872663192,igupta@upi,365.0,2026-08-23T03:12:00
9872663192,samraakshay@upi,1065.0,2026-07-23T00:51:00
9872663192,keerabha@upi,730.0,2026-08-20T00:39:00
9872663192,dwali@upi,1310.0,2026-07-16T06:25:00
9872663192,widisharamaswamy@upi,100.0,2026-07-11T15:02:00
9872663192,khannaekani@upi,385.0,2026-07-21T13:08:00
9872663192,chasmum65@upi,215.0,2026-07-09T02:17:00
9872663192,vsane@upi,280.0,2026-08-07T09:23:00
9569076123,ykapur@upi,1020.0,2026-07-12T18:44:00
9569076123,ogupta@upi,265.0,2026-07-01T20:50:00
9569076123,manthan74@upi,1155.0,2026-07-27T05:08:00
9569076123,janinisha@upi,565.0,2026-08-23T18:24:00
9569076123,dubeykaran@upi,3665.0,2026-08-22T01:25:00
9569076123,schander@upi,315.0,2026-07-09T16:08:00
9569076123,pingleforum@upi,1130.0,2026-08-02T00:57:00
9569076123,hemallalla@upi,4125.0,2026-08-01T01:31:00
9569076123,vaishnavishroff@upi,140.0,2026-08-04T01:51:00
9707126885,dugarbishakha@upi,680.0,2026-08-18T17:44:00
9707126885,jhalakperi@upi,125.0,2026-07-11T22:41:00
9707126885,akshay45@upi,230.0,2026-07-07T18:42:00
9707126885,champak17@upi,335.0,2026-08-26T01:35:00
9707126885,jhalakshah@upi,280.0,2026-08-15T15:37:00
9707126885,wvarty@upi,685.0,2026-07-14T09:19:00
9707126885,raidhruv@upi,510.0,2026-07-09T09:28:00
9707126885,wrideshsengupta@upi,4380.0,2026-07-22T06:05:00
9707126885,jhabhavya@upi,30.0,2026-07-10T17:23:00
9707126885,ijayawason@upi,510.0,2026-07-26T04:09:00
9707126885,jsura@upi,435.0,2026-07-21T03:53:00
9647059068,tamanna27@upi,265.0,2026-07-19T20:04:00
9647059068,ikshitaissac@upi,355.0,2026-08-12T14:47:00
9647059068,chokshiekaja@upi,1295.0,2026-07-15T02:16:00
9647059068,enagar@upi,285.0,2026-08-02T17:24:00
9647059068,waida57@upi,450.0,2026-08-24T19:58:00
9647059068,semteerth@upi,1230.0,2026-08-28T15:28:00
9647059068,lghose@upi,930.0,2026-07-20T22:07:00
9647059068,yashasvi16@upi,290.0,2026-07-06T23:29:00
9754074724,pavanikhanna@upi,210.0,2026-08-11T12:40:00
9754074724,nitara56@upi,820.0,2026-07-04T18:49:00
9754074724,bkanda@upi,260.0,2026-07-23T19:31:00
9754074724,nchawla@upi,4405.0,2026-08-01T21:48:00
9754074724,santzaid@upi,130.0,2026-08-07T18:49:00
9754074724,gangulybanjeet@upi,140.0,2026-08-01T00:26:00
9754074724,onkar82@upi,280.0,2026-07-07T15:16:00
9754074724,dhawanbishakha@upi,135.0,2026-07-17T01:59:00
9754074724,alkachahal@upi,485.0,2026-08-18T08:40:00
9754074724,lnarain@upi,155.0,2026-07-15T04:57:00
9754074724,xraman@upi,500.0,2026-07-09T01:17:00
9088410525,bkanda@upi,95.0,2026-07-19T15:29:00
9088410525,reva72@upi,585.0,2026-07-11T21:44:00
9088410525,gayathri23@upi,375.0,2026-08-08T01:30:00
9088410525,vivaanhora@upi,2595.0,2026-08-26T02:47:00
9088410525,kashvimahajan@upi,225.0,2026-07-14T04:27:00
9088410525,eesharege@upi,730.0,2026-07-30T11:43:00
9576957454,yatan39@upi,1715.0,2026-07-22T11:30:00
9576957454,sathebaljiwan@upi,380.0,2026-08-24T06:15:00
9576957454,jnarasimhan@upi,115.0,2026-07-28T13:27:00
9576957454,bhanumatimunshi@upi,705.0,2026-07-08T21:04:00
9576957454,munizehaan@upi,380.0,2026-08-07T18:29:00
9576957454,yashicarastogi@upi,665.0,2026-08-28T10:27:00
9576957454,aggarwalgabriel@upi,370.0,2026-08-13T16:26:00
9576957454,gautam72@upi,115.0,2026-07-02T22:11:00
9576957454,reva72@upi,1445.0,2026-07-29T06:53:00
9576957454,nyohannan@upi,80.0,2026-08-25T20:33:00
9576957454,ldara@upi,3210.0,2026-07-07T20:59:00
9419499003,wsundaram@upi,2425.0,2026-07-02T02:56:00
9419499003,widisha49@upi,1065.0,2026-08-15T11:37:00
9419499003,wgarde@upi,1205.0,2026-08-16T14:51:00
9419499003,guneetlata@upi,160.0,2026-08-02T13:42:00
9419499003,xmukhopadhyay@upi,930.0,2026-08-29T15:53:00
9419499003,bhanumatihayer@upi,1905.0,2026-07-12T18:10:00
9677217388,rbadami@upi,325.0,2026-08-03T16:55:00
9677217388,riya01@upi,220.0,2026-07-11T05:15:00
9677217388,kashvimahajan@upi,265.0,2026-07-18T04:45:00
9677217388,wgarde@upi,620.0,2026-08-18T19:25:00
9677217388,udarshsinghal@upi,350.0,2026-07-27T12:53:00
9677217388,ramachandranvasana@upi,845.0,2026-08-04T12:46:00
9677217388,dadachakradhar@upi,260.0,2026-08-13T17:12:00
9677217388,divya58@upi,1520.0,2026-08-25T20:51:00
9677217388,ikshitaissac@upi,190.0,2026-07-12T17:39:00
9677217388,comarridhi@upi,1215.0,2026-07-25T00:30:00
9013502707,anay36@upi,3000.0,2026-08-08T19:35:00
9013502707,tparmar@upi,1010.0,2026-08-16T09:08:00
9013502707,henrymenon@upi,335.0,2026-08-16T10:50:00
9013502707,henrymenon@upi,495.0,2026-07-30T08:08:00
9013502707,yashicarastogi@upi,570.0,2026-08-28T12:50:00
9013502707,ganga23@upi,865.0,2026-07-25T13:42:00
9013502707,alkachahal@upi,375.0,2026-08-20T00:27:00
9013502707,zagrawal@upi,435.0,2026-08-16T12:37:00
9013502707,ramjonathan@upi,3100.0,2026-07-22T06:22:00
9013502707,aachal27@upi,800.0,2026-08-04T05:21:00
9013502707,dadachakradhar@upi,445.0,2026-07-15T14:45:00
9013502707,dwali@upi,320.0,2026-07-03T19:41:00
9013502707,vanshaanand@upi,215.0,2026-08-29T14:22:00
9731033395,kuruvillaisaiah@upi,980.0,2026-07-24T01:58:00
9731033395,hredhaan14@upi,100.0,2026-08-02T03:40:00
9731033395,ldevi@upi,240.0,2026-07-09T09:33:00
9731033395,bhavna58@upi,295.0,2026-07-08T23:15:00
9731033395,rayekantika@upi,630.0,2026-08-14T18:03:00
9731033395,igupta@upi,290.0,2026-08-23T14:18:00
9731033395,chaitanya83@upi,855.0,2026-08-26T00:27:00
9731033395,gangulyupma@upi,1495.0,2026-08-11T12:43:00
9731033395,uloke@upi,1895.0,2026-08-03T08:50:00
9731033395,hramanathan@upi,700.0,2026-08-05T19:16:00
9731033395,hparmar@upi,145.0,2026-07-08T17:16:00
9731033395,modyfalguni@upi,345.0,2026-07-15T04:02:00
9731033395,ishita92@upi,1455.0,2026-08-24T06:15:00
9731033395,murthyyadavi@upi,515.0,2026-08-24T12:01:00
9623068655,qganesan@upi,780.0,2026-07-04T01:31:00
9623068655,janya19@upi,1220.0,2026-08-20T13:57:00
9623068655,luke99@upi,180.0,2026-07-30T06:57:00
9623068655,eesharege@upi,930.0,2026-08-23T07:37:00
9623068655,achahal@upi,390.0,2026-08-05T16:38:00
9623068655,jalsa37@upi,80.0,2026-07-01T12:53:00
9623068655,bamble@upi,1070.0,2026-08-06T16:45:00
9623068655,devika50@upi,165.0,2026-07-06T08:31:00
9623068655,vamakshi87@upi,895.0,2026-08-27T18:09:00
9623068655,xmitra@upi,30.0,2026-08-10T18:22:00
9623068655,jagvigoel@upi,2835.0,2026-08-29T02:10:00
9691975020,mgoyal@upi,770.0,2026-08-11T06:29:00
9691975020,kevindutt@upi,1070.0,2026-08-14T08:01:00
9691975020,ucchalganesh@upi,225.0,2026-07-15T03:57:00
9691975020,qushimitra@upi,1200.0,2026-08-28T17:45:00
9691975020,zkhalsa@upi,685.0,2026-07-10T23:16:00
9691975020,vasahenry@upi,375.0,2026-07-26T10:29:00
9691975020,qsinghal@upi,315.0,2026-08-18T03:27:00
9691975020,imani@upi,1220.0,2026-08-09T13:07:00
9691975020,lborde@upi,2660.0,2026-07-20T09:38:00
9691975020,gayathri23@upi,1535.0,2026-08-29T23:10:00
9691975020,fsibal@upi,280.0,2026-08-30T01:08:00
9776329597,david08@upi,775.0,2026-08-02T02:04:00
9776329597,hmuni@upi,850.0,2026-07-05T21:28:00
9776329597,vaishnavitara@upi,2130.0,2026-07-28T11:41:00
9776329597,chokshiisaac@upi,860.0,2026-07-12T12:05:00
9776329597,chaitanya83@upi,190.0,2026-08-01T11:05:00
9776329597,nattshaurya@upi,1675.0,2026-08-10T02:40:00
9776329597,raidhruv@upi,1390.0,2026-07-23T07:49:00
9776329597,nnarayan@upi,575.0,2026-08-17T07:05:00
9776329597,fbiswas@upi,280.0,2026-07-24T12:07:00
9776329597,bishakha20@upi,495.0,2026-08-13T15:53:00
9776329597,bhaktakrisha@upi,1020.0,2026-07-01T13:56:00
9776329597,akshay45@upi,1500.0,2026-07-22T20:38:00
9776329597,turvi76@upi,945.0,2026-08-04T20:49:00
9776329597,nshankar@upi,420.0,2026-08-14T06:04:00
9776329597,comarridhi@upi,50.0,2026-07-26T05:16:00
9776329597,vbhatnagar@upi,175.0,2026-07-04T23:04:00
9776329597,garariya@upi,1585.0,2026-07-07T17:51:00
9776329597,doshijeremiah@upi,1825.0,2026-08-07T20:23:00
9349352957,prakashbhanumati@upi,895.0,2026-08-03T06:44:00
9349352957,warhi15@upi,415.0,2026-08-11T23:48:00
9349352957,hemallalla@upi,590.0,2026-08-07T10:54:00
9349352957,jalsa37@upi,310.0,2026-07-08T10:36:00
9349352957,gangulybanjeet@upi,2120.0,2026-08-03T12:27:00
9349352957,nattshaurya@upi,460.0,2026-08-10T23:22:00
9349352957,sachi68@upi,230.0,2026-08-30T08:48:00
9349352957,riasuresh@upi,2070.0,2026-08-10T11:40:00
9349352957,nachiket67@upi,1015.0,2026-07-07T23:44:00
9349352957,hmodi@upi,8295.0,2026-08-13T03:48:00
9556161246,murtyridhi@upi,810.0,2026-07-02T05:50:00
9556161246,raidhruv@upi,1985.0,2026-08-19T12:16:00
9556161246,ikshitaissac@upi,60.0,2026-08-05T22:27:00
9556161246,nakul15@upi,575.0,2026-08-08T19:33:00
9556161246,amolpal@upi,385.0,2026-07-11T02:58:00
9556161246,gautam72@upi,120.0,2026-08-07T15:20:00
9556161246,garderiya@upi,665.0,2026-07-26T04:15:00
9556161246,rpathak@upi,535.0,2026-08-20T04:44:00
9556161246,isharattan@upi,615.0,2026-08-13T03:42:00
9556161246,qasim83@upi,4405.0,2026-07-13T09:10:00
9556161246,vanshaanand@upi,110.0,2026-07-20T08:01:00
9556161246,dseshadri@upi,690.0,2026-07-26T13:33:00
9556161246,anjalikara@upi,430.0,2026-08-18T00:24:00
9993223299,vaishnavitara@upi,195.0,2026-07-26T02:14:00
9993223299,murtyradhika@upi,975.0,2026-08-14T08:53:00
9993223299,henrymenon@upi,2210.0,2026-07-17T22:21:00
9993223299,gagandey@upi,70.0,2026-07-20T13:01:00
9993223299,urmigoswami@upi,310.0,2026-07-04T17:21:00
9993223299,grewalabeer@upi,550.0,2026-08-22T05:07:00
9993223299,anvi70@upi,555.0,2026-07-04T14:42:00
9993223299,rajagopalancharles@upi,425.0,2026-07-24T04:32:00
9993223299,prege@upi,715.0,2026-08-25T23:39:00
9993223299,dtripathi@upi,180.0,2026-08-01T08:53:00
9993223299,chandguneet@upi,590.0,2026-08-22T22:52:00
9993223299,ssamra@upi,1115.0,2026-08-20T07:13:00
9993223299,rmadan@upi,105.0,2026-07-23T18:25:00
9993223299,abhiram24@upi,3080.0,2026-07-12T10:53:00
9993223299,abhiram24@upi,1660.0,2026-08-12T03:48:00
9993223299,lborde@upi,130.0,2026-07-18T07:28:00
9993223299,ranveer60@upi,535.0,2026-07-23T23:42:00
9993223299,pingleomaja@upi,1145.0,2026-08-06T12:25:00
9993223299,pavanikhanna@upi,215.0,2026-07-18T02:49:00
9993223299,drai@upi,2285.0,2026-08-08T06:07:00
9481905306,xbobal@upi,2325.0,2026-08-12T22:39:00
9481905306,baghyawatikar@upi,935.0,2026-07-22T09:01:00
9481905306,achahal@upi,700.0,2026-07-06T09:55:00
9481905306,panchalzinal@upi,790.0,2026-07-22T14:26:00
9481905306,samuel75@upi,380.0,2026-07-05T23:52:00
9481905306,janakibarman@upi,225.0,2026-08-23T18:44:00
9481905306,devansh61@upi,1390.0,2026-08-20T00:48:00
9481905306,chandanigade@upi,335.0,2026-07-07T07:24:00
9481905306,kmangat@upi,245.0,2026-08-02T04:40:00
9481905306,tchawla@upi,685.0,2026-08-10T11:11:00
9481905306,isharattan@upi,1345.0,2026-07-02T09:57:00
9481905306,wrideshsengupta@upi,965.0,2026-08-24T21:00:00
9481905306,urmigoswami@upi,945.0,2026-08-21T21:26:00
9481905306,uprabhakar@upi,105.0,2026-07-20T13:12:00
9156043823,nandawakeeta@upi,755.0,2026-07-17T17:46:00
9156043823,kotaunni@upi,540.0,2026-08-18T13:07:00
9156043823,yatin82@upi,160.0,2026-08-27T08:54:00
9156043823,brarelijah@upi,5835.0,2026-07-20T15:30:00
9156043823,nshankar@upi,390.0,2026-08-15T19:33:00
9156043823,kpillai@upi,335.0,2026-07-19T19:47:00
9156043823,neel90@upi,2510.0,2026-07-07T13:16:00
9156043823,liamtrivedi@upi,255.0,2026-07-09T13:25:00
9156043823,lsharma@upi,1295.0,2026-08-05T06:40:00
9156043823,ishaan67@upi,210.0,2026-07-19T11:49:00
9200139158,asinghal@upi,155.0,2026-08-01T19:48:00
9200139158,gardedipta@upi,335.0,2026-07-22T17:06:00
9200139158,deshpandeniharika@upi,3050.0,2026-08-28T06:55:00
9200139158,rajagopalanvi@upi,470.0,2026-07-19T06:55:00
9200139158,madhav62@upi,345.0,2026-08-11T23:32:00
9200139158,manthan74@upi,5795.0,2026-08-29T05:19:00
9200139158,aryanadig@upi,640.0,2026-07-09T14:04:00
9200139158,garariya@upi,110.0,2026-07-15T06:50:00
9200139158,riasuresh@upi,310.0,2026-08-01T11:53:00
9200139158,ukhurana@upi,890.0,2026-07-23T11:19:00
9200139158,qasim83@upi,1045.0,2026-08-01T23:40:00
9200139158,xbobal@upi,1380.0,2026-07-27T04:33:00
9095950087,ndasgupta@upi,580.0,2026-08-03T12:06:00
9095950087,dkanda@upi,2560.0,2026-08-19T17:50:00
9095950087,zayan77@upi,525.0,2026-08-06T08:09:00
9095950087,thakkarkamya@upi,2535.0,2026-07-13T12:40:00
9095950087,ikapoor@upi,155.0,2026-07-26T16:00:00
9095950087,qsinghal@upi,1040.0,2026-08-27T16:54:00
9095950087,aamble@upi,65.0,2026-07-21T05:19:00
9763919028,pranit80@upi,1255.0,2026-07-31T03:56:00
9763919028,umang57@upi,605.0,2026-07-02T09:32:00
9763919028,tanish97@upi,90.0,2026-08-26T16:27:00
9763919028,balvan90@upi,1130.0,2026-07-04T19:31:00
9763919028,anjalikara@upi,270.0,2026-08-08T19:58:00
9763919028,sathebaljiwan@upi,1000.0,2026-08-22T01:26:00
9763919028,liamtrivedi@upi,695.0,2026-07-02T20:17:00
9763919028,hiralbahri@upi,120.0,2026-07-06T04:54:00
9763919028,vsehgal@upi,955.0,2026-07-13T17:49:00
9763919028,vsehgal@upi,915.0,2026-07-26T10:05:00
9763919028,tbhardwaj@upi,520.0,2026-08-13T18:25:00
9763919028,xgandhi@upi,1585.0,2026-07-09T23:53:00
9763919028,venkateshkrishna@upi,250.0,2026-08-25T14:50:00
9763919028,aayush88@upi,4865.0,2026-07-14T16:25:00
9763919028,kpillai@upi,295.0,2026-08-30T02:06:00
9763919028,bnaidu@upi,1245.0,2026-07-23T23:01:00
9763919028,daveazaan@upi,175.0,2026-08-24T23:31:00
9763919028,shankarkamala@upi,1280.0,2026-08-26T08:51:00
9763919028,chanakyabala@upi,255.0,2026-07-20T10:41:00
9763919028,rayekantika@upi,375.0,2026-08-22T14:50:00
9792178365,mitali95@upi,1825.0,2026-08-27T07:42:00
9792178365,ijaya67@upi,110.0,2026-08-11T22:18:00
9792178365,bajwamitali@upi,205.0,2026-08-27T22:47:00
9792178365,osidhu@upi,1525.0,2026-07-03T15:33:00
9792178365,dharnathaniel@upi,255.0,2026-08-07T19:44:00
9792178365,enagar@upi,420.0,2026-08-29T15:28:00
9792178365,tbhardwaj@upi,310.0,2026-07-26T18:35:00
9792178365,brinda39@upi,120.0,2026-08-13T03:06:00
9792178365,darika92@upi,660.0,2026-07-08T11:04:00
9792178365,thakkarkamya@upi,230.0,2026-08-23T15:24:00
9792178365,devika43@upi,1025.0,2026-08-15T04:33:00
9792178365,diya84@upi,665.0,2026-08-04T08:32:00
9792178365,harrison85@upi,325.0,2026-08-19T12:26:00
9792178365,qasim83@upi,205.0,2026-07-20T06:24:00
9664047688,ndasgupta@upi,85.0,2026-07-14T08:47:00
9664047688,raudalbir@upi,315.0,2026-07-17T13:48:00
9664047688,urishilla62@upi,1570.0,2026-08-02T22:25:00
9664047688,gadejairaj@upi,845.0,2026-07-30T16:58:00
9664047688,surchakradhar@upi,160.0,2026-07-29T20:03:00
9664047688,chaitanya83@upi,1860.0,2026-07-10T02:14:00
9664047688,sratti@upi,105.0,2026-07-09T20:37:00
9664047688,jyoti18@upi,185.0,2026-08-03T23:41:00
9673261224,ipandit@upi,610.0,2026-08-24T20:43:00
9673261224,wmannan@upi,195.0,2026-07-09T07:53:00
9673261224,kabir98@upi,1990.0,2026-07-23T20:53:00
9673261224,dhawannicholas@upi,560.0,2026-07-20T16:23:00
9673261224,christopher87@upi,1195.0,2026-08-16T17:28:00
9673261224,sethitriveni@upi,260.0,2026-07-05T00:54:00
9673261224,nicholas33@upi,860.0,2026-08-11T00:58:00
9673261224,vigjairaj@upi,525.0,2026-07-18T21:45:00
9673261224,isharattan@upi,430.0,2026-07-25T18:11:00
9673261224,baljiwan69@upi,355.0,2026-07-03T14:02:00
9673261224,aayush88@upi,935.0,2026-07-31T14:32:00
9673261224,dnadkarni@upi,75.0,2026-08-28T05:19:00
9673261224,anthonybhasin@upi,225.0,2026-07-19T12:25:00
9673261224,samraarunima@upi,135.0,2026-08-16T00:51:00
9673261224,bamble@upi,215.0,2026-07-19T23:45:00
9673261224,jbandi@upi,60.0,2026-08-15T05:36:00
9992557047,ldevi@upi,150.0,2026-07-09T06:46:00
9992557047,fbiswas@upi,510.0,2026-08-18T02:12:00
9992557047,patelaadhya@upi,180.0,2026-07-24T19:33:00
9992557047,matthew58@upi,165.0,2026-08-25T21:17:00
9992557047,alkachahal@upi,540.0,2026-07-17T15:58:00
9992557047,ramachandranvasana@upi,490.0,2026-07-18T02:13:00
9992557047,keerabha@upi,585.0,2026-08-24T04:59:00
9992557047,wyatt76@upi,225.0,2026-07-10T19:48:00
9992557047,nandaaryan@upi,465.0,2026-07-03T15:06:00
9992557047,yashasvi16@upi,840.0,2026-07-13T04:41:00
9992557047,janinisha@upi,410.0,2026-08-26T13:22:00
9992557047,wriddhish67@upi,2160.0,2026-08-13T20:06:00
9992557047,ikibe@upi,1375.0,2026-08-03T20:17:00
9992557047,aggarwalgabriel@upi,810.0,2026-08-27T17:39:00
9992557047,gangulybanjeet@upi,55.0,2026-07-25T10:58:00
9096395260,yashawini25@upi,400.0,2026-08-26T13:15:00
9096395260,vanshaanand@upi,730.0,2026-07-16T06:53:00
9096395260,meghanaamble@upi,3400.0,2026-08-08T13:20:00
9096395260,sekhonrachita@upi,445.0,2026-07-07T23:57:00
9096395260,uvasa@upi,3505.0,2026-08-27T05:24:00
9096395260,shroffosha@upi,1385.0,2026-07-21T13:01:00
9096395260,duachakrika@upi,510.0,2026-08-29T07:34:00
9096395260,xbobal@upi,580.0,2026-07-14T15:24:00
9096395260,smital@upi,555.0,2026-07-14T18:43:00
9096395260,patrickkuruvilla@upi,985.0,2026-07-21T12:33:00
9096395260,anusha49@upi,8385.0,2026-07-05T02:30:00
9096395260,ogupta@upi,9035.0,2026-08-05T05:10:00
9096395260,dadachakradhar@upi,425.0,2026-08-09T17:07:00
9640649508,vasatika07@upi,480.0,2026-07-06T19:00:00
9640649508,kala21@upi,440.0,2026-07-21T13:00:00
9640649508,dhruv18@upi,2500.0,2026-08-23T09:08:00
9640649508,krishmishra@upi,340.0,2026-07-12T20:46:00
9640649508,neel90@upi,565.0,2026-07-23T07:10:00
9640649508,xmukhopadhyay@upi,185.0,2026-07-19T06:42:00
9640649508,samraarunima@upi,14695.0,2026-08-24T06:33:00
9640649508,liamtrivedi@upi,410.0,2026-07-23T12:57:00
9640649508,hredhaan14@upi,2380.0,2026-08-04T23:31:00
9640649508,lokeyochana@upi,995.0,2026-07-10T05:33:00
9640649508,balveer54@upi,1695.0,2026-08-26T03:51:00
9640649508,mayasuri@upi,2295.0,2026-08-28T13:24:00
9921873448,saumya68@upi,515.0,2026-07-28T15:12:00
9921873448,abhiram24@upi,605.0,2026-07-15T06:09:00
9921873448,dnadkarni@upi,1210.0,2026-07-01T09:43:00
9921873448,qushi33@upi,655.0,2026-07-18T09:15:00
9921873448,prege@upi,1145.0,2026-08-14T17:26:00
9921873448,rpathak@upi,1095.0,2026-07-05T08:47:00
9921873448,priyanatt@upi,915.0,2026-08-14T22:37:00
9921873448,wbasu@upi,770.0,2026-07-29T13:40:00
9921873448,achahal@upi,430.0,2026-08-12T02:41:00
9921873448,yuvrajgupta@upi,365.0,2026-07-07T16:49:00
9981781444,cherianinaya@upi,1285.0,2026-08-18T20:10:00
9981781444,tanish61@upi,3205.0,2026-07-23T01:32:00
9981781444,upkaar31@upi,1845.0,2026-07-07T19:28:00
9981781444,kadakiadayamai@upi,1145.0,2026-08-24T19:43:00
9981781444,ansh85@upi,695.0,2026-08-26T05:37:00
9981781444,vasahenry@upi,565.0,2026-07-30T14:10:00
9981781444,qganesan@upi,715.0,2026-07-27T07:57:00
9981781444,nchawla@upi,435.0,2026-08-14T06:41:00
9981781444,garimagolla@upi,300.0,2026-08-04T11:03:00
9981781444,kevinraja@upi,190.0,2026-07-03T17:29:00
9254819907,aayush24@upi,605.0,2026-08-15T12:58:00
9254819907,xbobal@upi,285.0,2026-07-30T07:35:00
9254819907,anikagopal@upi,440.0,2026-08-28T18:20:00
9254819907,tanvi78@upi,180.0,2026-08-17T03:33:00
9254819907,khannaekani@upi,240.0,2026-08-29T13:12:00
9254819907,palanekaraj@upi,1810.0,2026-07-30T13:58:00
9254819907,qsinghal@upi,1555.0,2026-07-30T06:49:00
9254819907,anvi70@upi,380.0,2026-07-14T20:05:00
9254819907,waidanarayanan@upi,1175.0,2026-07-13T16:19:00
9254819907,mangalikbal@upi,275.0,2026-08-12T18:21:00
9254819907,dhritiatwal@upi,160.0,2026-07-31T12:11:00
9254819907,dasguptabalendra@upi,465.0,2026-07-27T03:30:00
9254819907,dtripathi@upi,600.0,2026-07-12T22:21:00
9254819907,qasim83@upi,3465.0,2026-07-15T16:15:00
9254819907,raksha64@upi,715.0,2026-08-07T07:23:00
9254819907,shroffsachi@upi,270.0,2026-08-25T17:36:00
9254819907,rnath@upi,1240.0,2026-08-17T10:04:00
9254819907,dseshadri@upi,395.0,2026-07-24T05:44:00
9254819907,ahegde@upi,225.0,2026-07-16T10:52:00
9615796546,panchalzinal@upi,615.0,2026-07-29T00:48:00
9615796546,ajani@upi,140.0,2026-08-29T16:44:00
9615796546,dasguptabalendra@upi,570.0,2026-08-03T14:32:00
9615796546,ektachand@upi,1285.0,2026-07-16T11:22:00
9615796546,chakrabartisamarth@upi,965.0,2026-08-14T01:22:00
9615796546,riasuresh@upi,485.0,2026-08-09T06:24:00
9615796546,sarkarturvi@upi,165.0,2026-07-01T17:43:00
9615796546,vasatikazachariah@upi,435.0,2026-08-29T20:14:00
9317391614,wgarde@upi,525.0,2026-07-12T11:20:00
9317391614,facharya@upi,1195.0,2026-07-04T08:13:00
9317391614,chavvi07@upi,1020.0,2026-07-20T23:40:00
9317391614,baljiwan69@upi,3425.0,2026-07-23T19:24:00
9317391614,ogupta@upi,1795.0,2026-08-04T20:06:00
9317391614,dsridhar@upi,270.0,2026-08-01T21:21:00
9317391614,vanshaanand@upi,1115.0,2026-07-18T07:57:00
9317391614,yvarty@upi,3170.0,2026-07-14T13:04:00
9317391614,brinda27@upi,590.0,2026-07-15T01:44:00
9317391614,raveloliver@upi,30.0,2026-07-22T00:36:00
9317391614,nihalsoman@upi,245.0,2026-07-03T04:19:00
9317391614,yatan39@upi,1180.0,2026-07-01T21:57:00
9420863611,jagat44@upi,4285.0,2026-08-24T10:10:00
9420863611,munijasmit@upi,875.0,2026-08-05T00:23:00
9420863611,tanvi78@upi,280.0,2026-08-14T21:25:00
9420863611,nicholas33@upi,920.0,2026-08-02T11:52:00
9420863611,jyoti18@upi,355.0,2026-07-19T00:09:00
9420863611,riya01@upi,8055.0,2026-08-29T01:58:00
9420863611,guneetlata@upi,725.0,2026-07-19T02:48:00
9420863611,anthonybhasin@upi,180.0,2026-07-05T13:39:00
9420863611,wmannan@upi,235.0,2026-07-19T02:21:00
9420863611,hpatel@upi,1185.0,2026-07-16T09:54:00
9420863611,bakhshi28@upi,430.0,2026-07-02T06:38:00
9420863611,vdugar@upi,675.0,2026-08-16T23:08:00
9420863611,chaitanyabuch@upi,645.0,2026-08-21T19:32:00
9420863611,sundernitara@upi,675.0,2026-08-05T06:45:00
9420863611,sankaranvarsha@upi,1565.0,2026-08-18T20:30:00
9544975157,yahvisawhney@upi,355.0,2026-08-23T07:14:00
9544975157,jagat44@upi,335.0,2026-08-06T02:16:00
9544975157,patrickkuruvilla@upi,330.0,2026-08-01T17:55:00
9544975157,nitara56@upi,870.0,2026-08-10T13:56:00
9544975157,enagar@upi,290.0,2026-08-07T08:34:00
9544975157,neelimabalay@upi,70.0,2026-07-07T19:11:00
9544975157,banerjeerayaan@upi,1055.0,2026-07-23T18:55:00
9544975157,fbiswas@upi,420.0,2026-07-28T18:38:00
9544975157,goledeepa@upi,285.0,2026-08-28T04:18:00
9544975157,omkaarsundaram@upi,1100.0,2026-07-25T12:48:00
9544975157,igarg@upi,215.0,2026-07-18T14:00:00
9623701950,khoslahemal@upi,1765.0,2026-07-07T05:26:00
9623701950,dnadkarni@upi,1940.0,2026-08-29T20:13:00
9623701950,eesharege@upi,1345.0,2026-08-11T04:43:00
9623701950,nandawakeeta@upi,90.0,2026-07-18T02:06:00
9623701950,yahvisawhney@upi,650.0,2026-07-02T21:08:00
9808579845,divya58@upi,105.0,2026-08-10T11:10:00
9808579845,madansamaksh@upi,1375.0,2026-07-02T07:03:00
9808579845,borajagdish@upi,375.0,2026-07-14T17:14:00
9808579845,geraamara@upi,495.0,2026-08-03T11:21:00
9808579845,ahegde@upi,2080.0,2026-08-03T16:52:00
9297302785,logan71@upi,990.0,2026-08-16T18:56:00
9297302785,udarshdhillon@upi,540.0,2026-08-07T13:59:00
9297302785,daniel61@upi,200.0,2026-08-05T17:49:00
9297302785,regesaanvi@upi,170.0,2026-07-06T06:09:00
9297302785,riasuresh@upi,540.0,2026-07-20T01:38:00
9297302785,ahujaazaan@upi,300.0,2026-07-21T07:46:00
9297302785,upkaarpingle@upi,285.0,2026-07-15T01:37:00
9297302785,fsibal@upi,175.0,2026-08-24T20:32:00
9297302785,vsane@upi,530.0,2026-08-05T08:03:00
9297302785,tanish35@upi,3835.0,2026-07-30T06:36:00
9297302785,muttizarna@upi,750.0,2026-08-13T09:38:00
9297302785,jhalakperi@upi,475.0,2026-07-31T23:03:00
9297302785,singhshaurya@upi,305.0,2026-08-23T04:39:00
9297302785,yuvraj24@upi,4005.0,2026-07-14T08:16:00
9297302785,lokeyochana@upi,180.0,2026-07-08T06:54:00
9297302785,kevinhora@upi,790.0,2026-07-30T11:55:00
9297302785,pingleforum@upi,590.0,2026-08-20T04:11:00
9354125779,dashekavir@upi,160.0,2026-07-07T01:36:00
9354125779,unnatiwagle@upi,2090.0,2026-07-06T22:57:00
9354125779,gangulybanjeet@upi,755.0,2026-07-03T19:45:00
9354125779,hmodi@upi,235.0,2026-07-22T09:23:00
9354125779,schander@upi,3545.0,2026-07-09T17:46:00
9354125779,hemallalla@upi,375.0,2026-08-01T03:19:00
9354125779,mgoyal@upi,365.0,2026-07-22T12:40:00
9354125779,achahal@upi,530.0,2026-08-23T07:03:00
9354125779,ijaya67@upi,900.0,2026-08-24T11:37:00
9354125779,gaurichaudhuri@upi,2060.0,2026-07-15T23:58:00
9354125779,wsundaram@upi,515.0,2026-08-11T18:01:00
9354125779,jsura@upi,5120.0,2026-07-11T05:57:00
9354125779,mohammedsrinivas@upi,325.0,2026-07-23T22:11:00
9354125779,asinghal@upi,9780.0,2026-07-02T15:02:00
9354125779,sudiksha13@upi,115.0,2026-07-31T04:34:00
9204871729,patelaadhya@upi,1020.0,2026-07-06T02:13:00
9204871729,manthan74@upi,1195.0,2026-07-13T13:22:00
9204871729,tjha@upi,475.0,2026-07-07T03:59:00
9204871729,guhaurishilla@upi,570.0,2026-08-17T06:56:00
9204871729,mukhopadhyayjack@upi,165.0,2026-08-28T19:50:00
9204871729,ssaxena@upi,3410.0,2026-08-28T23:02:00
9204871729,dashekavir@upi,250.0,2026-07-22T07:28:00
9204871729,david08@upi,715.0,2026-07-29T17:26:00
9204871729,ldara@upi,3735.0,2026-08-04T09:11:00
9603424007,turvi76@upi,1060.0,2026-08-19T11:46:00
9603424007,mannetejas@upi,305.0,2026-07-22T19:11:00
9603424007,modyadvika@upi,245.0,2026-07-18T20:44:00
9603424007,mohammedsrinivas@upi,4000.0,2026-07-17T01:49:00
9603424007,samakshshukla@upi,135.0,2026-08-14T17:03:00
9603424007,osidhu@upi,1285.0,2026-08-17T16:47:00
9603424007,forumdalia@upi,2335.0,2026-07-07T02:12:00
9603424007,dhawannicholas@upi,430.0,2026-08-06T16:04:00
9603424007,yadavidugar@upi,555.0,2026-07-16T12:06:00
9603424007,sulegunbir@upi,495.0,2026-07-15T06:40:00
9841230544,nayakwahab@upi,420.0,2026-07-07T02:21:00
9841230544,eesha30@upi,475.0,2026-07-09T04:43:00
9841230544,keerabha@upi,515.0,2026-07-03T07:19:00
9841230544,aachal27@upi,205.0,2026-08-28T21:26:00
9841230544,kkrishnamurthy@upi,990.0,2026-07-14T15:54:00
9841230544,pingleforum@upi,1105.0,2026-08-07T00:46:00
9841230544,dmerchant@upi,90.0,2026-07-08T13:21:00
9841230544,upkaar31@upi,335.0,2026-08-12T08:49:00
9841230544,nitara56@upi,820.0,2026-07-21T21:14:00
9841230544,waida57@upi,550.0,2026-08-18T06:43:00
9841230544,bosexalak@upi,275.0,2026-08-29T02:54:00
9841230544,alexander71@upi,565.0,2026-07-12T10:47:00
9841230544,fbiswas@upi,1355.0,2026-07-14T16:53:00
9841230544,murtyradhika@upi,1335.0,2026-07-17T06:59:00
9841230544,shankarkamala@upi,320.0,2026-08-09T19:23:00
9841230544,patelshivansh@upi,1515.0,2026-07-24T18:54:00
9383027006,abhiramvig@upi,1230.0,2026-08-15T20:18:00
9383027006,mkota@upi,1825.0,2026-08-09T09:05:00
9383027006,pranit80@upi,325.0,2026-08-11T17:31:00
9383027006,anjalikara@upi,320.0,2026-07-31T05:32:00
9383027006,dhriti23@upi,1870.0,2026-08-30T07:45:00
9383027006,ganga23@upi,360.0,2026-07-03T00:05:00
9383027006,jalsa37@upi,1730.0,2026-08-26T21:06:00
9631036891,chandanigade@upi,4735.0,2026-07-21T21:21:00
9631036891,mohammedsrinivas@upi,355.0,2026-08-14T14:51:00
9631036891,anmol24@upi,1520.0,2026-08-21T16:10:00
9631036891,parmeraahana@upi,35.0,2026-07-06T13:24:00
9631036891,issacraksha@upi,1085.0,2026-07-14T04:17:00
9631036891,modyadvika@upi,760.0,2026-08-19T05:25:00
9631036891,iyerojasvi@upi,1090.0,2026-08-09T11:48:00
9631036891,atwalrajeshri@upi,685.0,2026-08-27T20:28:00
9631036891,hsagar@upi,1415.0,2026-08-28T05:03:00
9631036891,munigarima@upi,705.0,2026-08-20T23:54:00
9631036891,vsehgal@upi,395.0,2026-08-24T17:22:00
9631036891,sekhonrachita@upi,710.0,2026-08-13T17:46:00
9588489595,dadavrinda@upi,330.0,2026-07-14T18:49:00
9588489595,balvan90@upi,615.0,2026-07-25T18:14:00
9588489595,qabil75@upi,325.0,2026-08-03T08:39:00
9588489595,lakshitsanghvi@upi,170.0,2026-08-03T20:20:00
9588489595,dseshadri@upi,530.0,2026-07-21T05:27:00
9588489595,sankaranvarsha@upi,1100.0,2026-08-09T00:25:00
9588489595,logannaidu@upi,155.0,2026-08-04T19:45:00
9588489595,jatin98@upi,1300.0,2026-08-02T06:47:00
9588489595,santzaid@upi,630.0,2026-08-27T15:52:00
9588489595,waidakamdar@upi,515.0,2026-08-07T02:12:00
9588489595,balansai@upi,330.0,2026-08-17T17:51:00
9588489595,bhatttarak@upi,1545.0,2026-07-02T09:04:00
9588489595,widisharamaswamy@upi,300.0,2026-08-24T09:03:00
9588489595,eesha30@upi,300.0,2026-08-16T23:59:00
9588489595,chakrabartisamarth@upi,575.0,2026-08-25T00:37:00
9189008337,aamble@upi,2585.0,2026-08-07T19:49:00
9189008337,rkant@upi,895.0,2026-08-19T01:11:00
9189008337,harrison85@upi,470.0,2026-08-15T06:22:00
9189008337,tripathifrederick@upi,90.0,2026-08-03T05:53:00
9189008337,chokshiisaac@upi,460.0,2026-07-30T11:00:00
9189008337,guhaurishilla@upi,185.0,2026-07-21T03:57:00
9189008337,ranveer60@upi,285.0,2026-08-12T02:02:00
9189008337,yatankota@upi,150.0,2026-07-09T07:55:00
9189008337,prasadpratyush@upi,350.0,2026-08-06T16:02:00
9352364431,bnaidu@upi,205.0,2026-08-22T16:33:00
9352364431,urishilla62@upi,1585.0,2026-07-14T19:40:00
9352364431,zdixit@upi,1285.0,2026-07-03T04:51:00
9352364431,sbains@upi,120.0,2026-08-19T20:22:00
9352364431,pingleforum@upi,410.0,2026-07-05T13:11:00
9352364431,pingleforum@upi,340.0,2026-07-16T12:56:00
9352364431,divya58@upi,55.0,2026-08-29T09:24:00
9352364431,divya58@upi,740.0,2026-08-12T11:13:00
9352364431,vaishnavishroff@upi,9220.0,2026-08-28T19:31:00
9352364431,tparmar@upi,875.0,2026-08-09T05:28:00
9352364431,ikapoor@upi,745.0,2026-07-22T11:57:00
9352364431,wbasu@upi,1285.0,2026-07-19T18:56:00
9352364431,atwalrajeshri@upi,795.0,2026-08-29T13:22:00
9352364431,bachittar25@upi,525.0,2026-07-13T19:45:00
9352364431,palanekaraj@upi,360.0,2026-08-22T15:24:00
9352364431,dattabhavna@upi,1410.0,2026-08-03T16:39:00
9352364431,charvi52@upi,225.0,2026-08-12T07:04:00
9352364431,neel66@upi,4355.0,2026-07-21T21:52:00
9352364431,sanayadara@upi,1770.0,2026-08-29T02:40:00
9897114683,hparmar@upi,135.0,2026-07-10T15:46:00
9897114683,aayush88@upi,1765.0,2026-07-31T07:49:00
9897114683,matthewlata@upi,1090.0,2026-08-05T23:12:00
9897114683,ucchalganesh@upi,435.0,2026-08-16T05:35:00
9897114683,anaybassi@upi,950.0,2026-07-25T13:36:00
9897114683,enagar@upi,515.0,2026-07-18T22:34:00
9897114683,rajagopalanvi@upi,435.0,2026-08-23T16:44:00
9897114683,wgarde@upi,200.0,2026-08-07T03:05:00
9897114683,vaishnavishroff@upi,1195.0,2026-07-15T20:23:00
9897114683,kapurayaan@upi,170.0,2026-07-26T10:37:00
9897114683,muttizarna@upi,240.0,2026-08-01T03:29:00
9897114683,yashasvi16@upi,150.0,2026-08-28T22:16:00
9897114683,bhasintanvi@upi,80.0,2026-07-05T14:47:00
9897114683,jhalakperi@upi,1710.0,2026-07-24T05:29:00
9897114683,dattabhavna@upi,575.0,2026-08-23T02:38:00
9484655639,henrymenon@upi,1625.0,2026-07-23T04:12:00
9484655639,kabir98@upi,340.0,2026-08-28T20:33:00
9484655639,brarelijah@upi,6850.0,2026-07-25T12:45:00
9484655639,singhaashi@upi,2415.0,2026-08-14T14:19:00
9484655639,manthan74@upi,270.0,2026-08-05T19:41:00
9484655639,mayasuri@upi,1760.0,2026-08-06T07:28:00
9484655639,riya85@upi,215.0,2026-07-28T14:11:00
9484655639,rgulati@upi,230.0,2026-07-27T17:17:00
9484655639,khannaekani@upi,4320.0,2026-08-18T03:31:00
9484655639,yashasvi16@upi,320.0,2026-07-15T17:02:00
9484655639,ikbal30@upi,2270.0,2026-08-24T15:24:00
9484655639,gopal44@upi,515.0,2026-07-05T11:09:00
9484655639,aggarwalgabriel@upi,595.0,2026-07-25T03:20:00
9484655639,udarshdhillon@upi,1825.0,2026-08-21T23:12:00
9941262446,zachariachasmum@upi,2115.0,2026-08-13T08:31:00
9941262446,lakshitsanghvi@upi,580.0,2026-08-05T22:24:00
9941262446,falan01@upi,565.0,2026-08-08T13:51:00
9941262446,hemallalla@upi,485.0,2026-07-03T01:09:00
9941262446,khannabalveer@upi,175.0,2026-08-29T13:53:00
9941262446,christopher87@upi,225.0,2026-08-13T06:26:00
9941262446,dubeykaran@upi,2000.0,2026-08-28T06:37:00
9941262446,esrinivasan@upi,2090.0,2026-08-26T18:51:00
9586623614,geraamara@upi,155.0,2026-07-23T20:32:00
9586623614,niharikabhat@upi,355.0,2026-08-30T04:47:00
9586623614,daniel26@upi,3255.0,2026-07-19T18:22:00
9586623614,daniel26@upi,535.0,2026-08-09T08:55:00
9586623614,yaminibhatnagar@upi,210.0,2026-07-21T02:33:00
9586623614,yashasvi16@upi,295.0,2026-07-23T15:16:00
9586623614,anthonybhasin@upi,2835.0,2026-07-27T00:46:00
9586623614,zpall@upi,3795.0,2026-08-28T18:19:00
9586623614,devika43@upi,275.0,2026-07-09T10:32:00
9586623614,asinghal@upi,610.0,2026-07-08T09:30:00
9586623614,gollatejas@upi,440.0,2026-07-15T15:48:00
9119797995,reyanshmenon@upi,605.0,2026-08-08T16:37:00
9119797995,zayan77@upi,775.0,2026-08-05T09:40:00
9119797995,ansh65@upi,490.0,2026-08-07T06:59:00
9119797995,hvenkataraman@upi,195.0,2026-08-28T23:40:00
9119797995,anthonybhasin@upi,385.0,2026-08-13T23:51:00
9119797995,ikapoor@upi,2475.0,2026-08-03T17:12:00
9119797995,murthyyadavi@upi,975.0,2026-07-27T00:57:00
9119797995,dhruvde@upi,255.0,2026-07-29T05:11:00
9119797995,agastya25@upi,995.0,2026-07-18T07:09:00
9661970877,balvan90@upi,680.0,2026-07-08T23:17:00
9661970877,modysai@upi,280.0,2026-08-14T16:48:00
9661970877,yatin82@upi,445.0,2026-08-10T09:02:00
9661970877,alkachahal@upi,285.0,2026-08-03T01:13:00
9661970877,sathebaljiwan@upi,4980.0,2026-08-22T21:12:00
9661970877,khannaekani@upi,465.0,2026-08-10T16:18:00
9661970877,girishdeshpande@upi,930.0,2026-08-09T04:22:00
9661970877,sachi68@upi,255.0,2026-07-27T18:04:00
9661970877,meghanaamble@upi,180.0,2026-08-04T09:24:00
9661970877,wsundaram@upi,380.0,2026-08-19T02:22:00
9661970877,parsaayushman@upi,435.0,2026-07-29T14:03:00
9661970877,qramanathan@upi,165.0,2026-08-05T14:24:00
9824810215,eganesh@upi,2140.0,2026-08-12T23:32:00
9824810215,igupta@upi,130.0,2026-08-23T16:06:00
9824810215,deoltanvi@upi,825.0,2026-08-16T06:12:00
9824810215,forum60@upi,2830.0,2026-07-23T16:09:00
9824810215,khannaekani@upi,3935.0,2026-08-04T07:49:00
9824810215,mangatdhruv@upi,1030.0,2026-07-21T19:29:00
9824810215,janinisha@upi,335.0,2026-08-10T00:54:00
9824810215,mannanryan@upi,280.0,2026-08-12T22:07:00
9961618335,sarkarturvi@upi,2525.0,2026-07-31T14:23:00
9961618335,agastya25@upi,3730.0,2026-07-08T01:54:00
9961618335,galayochana@upi,125.0,2026-07-02T06:58:00
9961618335,patelaadhya@upi,3190.0,2026-07-06T20:39:00
9961618335,qedwin@upi,555.0,2026-08-12T08:32:00
9961618335,harshdube@upi,695.0,2026-07-08T04:53:00
9961618335,christopher87@upi,320.0,2026-08-02T03:16:00
9961618335,riya85@upi,935.0,2026-07-12T06:34:00
9961618335,devika43@upi,235.0,2026-08-26T01:14:00
9961618335,kapurayaan@upi,1495.0,2026-07-05T15:37:00
9961618335,hmodi@upi,2090.0,2026-08-02T23:26:00
9648698389,ldara@upi,1580.0,2026-07-12T20:30:00
9648698389,chakradhar97@upi,205.0,2026-07-13T20:54:00
9648698389,kadakiadayamai@upi,345.0,2026-07-17T21:18:00
9648698389,advik18@upi,17255.0,2026-07-07T01:59:00
9648698389,dhriti23@upi,3855.0,2026-07-14T21:55:00
9648698389,sai41@upi,2075.0,2026-08-29T21:57:00
9648698389,garderiya@upi,1230.0,2026-07-02T05:11:00
9648698389,zpall@upi,350.0,2026-08-04T19:16:00
9648698389,ocherian@upi,1015.0,2026-08-14T22:43:00
9648698389,kamdarosha@upi,850.0,2026-08-25T11:41:00
9648698389,jatin98@upi,340.0,2026-08-24T17:06:00
9816663121,gbansal@upi,235.0,2026-08-07T22:55:00
9816663121,dhruv18@upi,200.0,2026-08-22T00:04:00
9816663121,mallickmitali@upi,135.0,2026-08-01T09:27:00
9816663121,advik18@upi,210.0,2026-08-24T03:25:00
9816663121,samraarunima@upi,1335.0,2026-08-04T22:00:00
9816663121,chakrabartisamarth@upi,7325.0,2026-07-15T21:26:00
9816663121,kiaan93@upi,480.0,2026-07-23T09:11:00
9816663121,janya19@upi,190.0,2026-08-05T15:35:00
9816663121,vivaanhora@upi,315.0,2026-08-21T20:50:00
9816663121,garimagolla@upi,175.0,2026-07-07T18:58:00
9967256212,gadejairaj@upi,180.0,2026-08-24T20:32:00
9967256212,chandaniseshadri@upi,490.0,2026-07-21T01:47:00
9967256212,dayamai85@upi,1050.0,2026-07-13T17:58:00
9967256212,isharattan@upi,140.0,2026-07-01T18:10:00
9967256212,aayush24@upi,1605.0,2026-07-17T03:20:00
9967256212,bgrover@upi,340.0,2026-08-17T11:21:00
9967256212,bakhshi28@upi,1555.0,2026-07-01T15:25:00
9967256212,braranamika@upi,545.0,2026-08-15T10:33:00
9967256212,banjeet07@upi,1425.0,2026-08-03T20:25:00
9967256212,bhatttarak@upi,300.0,2026-08-04T18:33:00
9279052515,dharnathaniel@upi,175.0,2026-07-13T22:21:00
9279052515,zachariachasmum@upi,165.0,2026-07-05T22:48:00
9279052515,zachariachasmum@upi,4250.0,2026-07-04T10:22:00
9279052515,waida57@upi,1230.0,2026-08-18T16:51:00
9279052515,teerthhalder@upi,705.0,2026-08-23T11:47:00
9279052515,alkachahal@upi,80.0,2026-08-27T18:34:00
9279052515,aryanadig@upi,285.0,2026-07-09T08:19:00
9279052515,girishwali@upi,1765.0,2026-08-22T14:11:00
9279052515,lghose@upi,1550.0,2026-07-25T00:45:00
9279052515,neelimabalay@upi,1735.0,2026-08-16T11:27:00
9279052515,rajagopalanvi@upi,180.0,2026-07-01T17:49:00
9279052515,iyerojasvi@upi,180.0,2026-08-18T14:07:00
9036057232,hmuni@upi,955.0,2026-07-24T14:38:00
9036057232,chavvi07@upi,440.0,2026-07-20T05:14:00
9036057232,enagar@upi,995.0,2026-07-14T17:36:00
9036057232,lsharma@upi,325.0,2026-07-12T23:29:00
9036057232,anthonybhasin@upi,1035.0,2026-08-07T09:43:00
9036057232,jnagar@upi,195.0,2026-08-23T17:01:00
9036057232,gadejairaj@upi,630.0,2026-07-01T12:53:00
9036057232,kevinhora@upi,725.0,2026-08-15T04:28:00
9036057232,kashvimahajan@upi,360.0,2026-07-18T04:12:00
9036057232,mayasuri@upi,2650.0,2026-08-26T12:05:00
9036057232,santzaid@upi,480.0,2026-07-05T20:15:00
9282096728,issacraksha@upi,255.0,2026-08-06T05:53:00
9282096728,riasuresh@upi,760.0,2026-08-05T21:16:00
9282096728,ganesanhitesh@upi,240.0,2026-07-19T21:57:00
9282096728,adyajain@upi,575.0,2026-08-05T20:43:00
9282096728,gautam72@upi,900.0,2026-07-03T19:37:00
9282096728,sudiksha13@upi,2230.0,2026-07-19T05:13:00
9282096728,alkachahal@upi,470.0,2026-08-22T07:24:00
9282096728,nyohannan@upi,270.0,2026-08-07T07:37:00
9282096728,jacksonbalan@upi,2535.0,2026-07-23T13:37:00
9282096728,nandini88@upi,955.0,2026-07-11T01:42:00
9282096728,dayalviraj@upi,1280.0,2026-08-05T23:08:00
9282096728,gaurichaudhuri@upi,515.0,2026-08-26T20:56:00
9934372835,abhiram24@upi,3900.0,2026-08-08T03:32:00
9934372835,mohammedsrinivas@upi,670.0,2026-08-27T12:04:00
9934372835,vanshaanand@upi,2600.0,2026-08-14T22:20:00
9934372835,nmandal@upi,230.0,2026-07-11T17:49:00
9934372835,nattshaurya@upi,2500.0,2026-08-15T03:15:00
9383110351,luke99@upi,1325.0,2026-08-16T06:45:00
9383110351,jnagar@upi,1940.0,2026-07-11T06:25:00
9383110351,rdayal@upi,1220.0,2026-08-23T11:20:00
9383110351,nyohannan@upi,1035.0,2026-07-31T00:19:00
9383110351,ganesanhitesh@upi,1150.0,2026-07-09T07:25:00
9383110351,saumya98@upi,85.0,2026-08-16T19:11:00
9383110351,eganesh@upi,455.0,2026-08-23T18:19:00
9383110351,eganesh@upi,350.0,2026-07-08T07:56:00
9383110351,warhi15@upi,595.0,2026-08-02T13:16:00
9383110351,yahvitailor@upi,210.0,2026-08-27T09:27:00
9657812846,urmigoswami@upi,1235.0,2026-07-31T08:36:00
9657812846,brinda27@upi,780.0,2026-08-11T09:32:00
9657812846,schander@upi,2785.0,2026-07-05T17:06:00
9657812846,darika92@upi,1000.0,2026-08-05T21:53:00
9657812846,tripathifrederick@upi,745.0,2026-07-29T08:50:00
9657812846,vsane@upi,95.0,2026-07-17T18:23:00
9657812846,ijayawason@upi,1660.0,2026-08-10T13:20:00
9657812846,nandawakeeta@upi,310.0,2026-08-05T14:08:00
9657812846,sbhavsar@upi,1220.0,2026-07-30T01:17:00
9657812846,uprabhakar@upi,130.0,2026-08-13T02:17:00
9657812846,patelshivansh@upi,1010.0,2026-08-14T04:16:00
9986505771,daniel26@upi,70.0,2026-08-03T01:28:00
9986505771,abhachatterjee@upi,750.0,2026-07-27T10:26:00
9986505771,gabrieltak@upi,240.0,2026-08-07T09:17:00
9986505771,sanayadara@upi,670.0,2026-07-30T18:37:00
9986505771,brinda39@upi,815.0,2026-08-27T22:16:00
9986505771,ranaaahana@upi,990.0,2026-08-24T03:00:00
9986505771,atwalrajeshri@upi,240.0,2026-07-13T20:00:00
9986505771,bhanumatimunshi@upi,245.0,2026-07-24T20:04:00
9986505771,saranzansi@upi,925.0,2026-08-25T23:59:00
9986505771,nazarethdamini@upi,2135.0,2026-07-05T22:38:00
9024707036,pranit80@upi,1935.0,2026-08-02T09:08:00
9024707036,hemallalla@upi,1750.0,2026-07-09T19:10:00
9024707036,yashica37@upi,670.0,2026-07-26T00:32:00
9024707036,chanakyabala@upi,1445.0,2026-07-27T20:49:00
9024707036,waidakamdar@upi,215.0,2026-07-14T00:36:00
9024707036,dadachakradhar@upi,695.0,2026-08-18T17:11:00
9024707036,pbir@upi,145.0,2026-08-09T12:11:00
9024707036,abhiram75@upi,875.0,2026-07-18T22:01:00
9024707036,chavvi07@upi,3390.0,2026-07-26T23:33:00
9024707036,anusha49@upi,560.0,2026-07-11T07:08:00
9291560480,ishwar88@upi,280.0,2026-08-06T18:02:00
9291560480,aayush88@upi,30.0,2026-07-23T15:05:00
9291560480,rajagopalnisha@upi,7270.0,2026-08-19T02:49:00
9291560480,avni81@upi,155.0,2026-08-24T09:35:00
9291560480,ijaya67@upi,1740.0,2026-08-14T14:22:00
9291560480,tanish35@upi,1620.0,2026-07-24T02:57:00
9291560480,xgandhi@upi,275.0,2026-08-21T10:12:00
9291560480,khoslahemal@upi,325.0,2026-08-03T09:38:00
9291560480,bhaktakrisha@upi,80.0,2026-07-26T00:29:00
9291560480,wseshadri@upi,620.0,2026-08-05T15:51:00
9291560480,imani@upi,2455.0,2026-08-18T06:20:00
9291560480,sagarnathan@upi,3660.0,2026-08-10T16:34:00
9291560480,dattabhavna@upi,2130.0,2026-08-04T20:28:00
9291560480,nirja02@upi,855.0,2026-07-16T01:53:00
9291560480,yahvisawhney@upi,690.0,2026-07-14T08:23:00
9661642277,dsridhar@upi,455.0,2026-08-15T17:51:00
9661642277,memonisaiah@upi,300.0,2026-07-11T17:23:00
9661642277,luke99@upi,810.0,2026-07-13T09:12:00
9661642277,munigarima@upi,775.0,2026-08-21T16:05:00
9661642277,chaitanyabuch@upi,370.0,2026-07-15T19:24:00
9661642277,sai41@upi,405.0,2026-08-25T08:12:00
9661642277,ikibe@upi,1485.0,2026-07-21T08:03:00
9661642277,shankarkamala@upi,1870.0,2026-07-18T15:26:00
9661642277,cheriannikita@upi,3420.0,2026-08-20T13:54:00
9661642277,hemallalla@upi,100.0,2026-08-21T16:09:00
9661642277,mitali95@upi,1765.0,2026-08-21T14:00:00
9661642277,champak17@upi,475.0,2026-07-22T00:48:00
9661642277,champak17@upi,1735.0,2026-08-05T13:23:00
9661642277,yahvitailor@upi,300.0,2026-07-04T11:03:00
9661642277,yahvitailor@upi,1080.0,2026-07-28T15:48:00
9929695123,bhavini64@upi,615.0,2026-08-04T22:44:00
9929695123,jeremiahmemon@upi,795.0,2026-08-01T02:36:00
9929695123,gardejagrati@upi,560.0,2026-07-02T18:47:00
9929695123,akshay45@upi,125.0,2026-08-07T03:28:00
9929695123,igupta@upi,250.0,2026-08-05T12:47:00
9929695123,keerpeter@upi,1610.0,2026-08-28T19:43:00
9929695123,jhalakshah@upi,995.0,2026-07-07T12:02:00
9572427103,zkhalsa@upi,525.0,2026-07-05T12:20:00
9572427103,zmajumdar@upi,320.0,2026-07-23T18:10:00
9572427103,aachal27@upi,65.0,2026-07-16T14:11:00
9572427103,yashicarastogi@upi,290.0,2026-07-27T10:47:00
9572427103,rajagopalanvi@upi,100.0,2026-08-13T17:48:00
9572427103,naikjoshua@upi,5795.0,2026-07-26T09:21:00
9572427103,mangatdhruv@upi,1035.0,2026-07-27T14:48:00
9572427103,uloke@upi,560.0,2026-07-22T00:20:00
9572427103,fbiswas@upi,245.0,2026-07-12T10:01:00
9572427103,jnagar@upi,2035.0,2026-07-10T00:14:00
9572427103,samuel75@upi,145.0,2026-07-04T11:16:00
9572427103,chokshiekaja@upi,3530.0,2026-07-04T19:44:00
9572427103,bamble@upi,1010.0,2026-07-24T17:01:00
9572427103,aggarwalgabriel@upi,2495.0,2026-07-20T11:40:00
9572427103,wardasoni@upi,3725.0,2026-08-06T19:15:00
9863626383,aayush24@upi,1300.0,2026-07-19T09:40:00
9863626383,dayalviraj@upi,485.0,2026-07-08T02:30:00
9863626383,zpall@upi,175.0,2026-07-29T09:08:00
9863626383,yuvrajgupta@upi,205.0,2026-07-26T16:01:00
9863626383,raidhruv@upi,1365.0,2026-08-08T21:40:00
9863626383,madansamaksh@upi,300.0,2026-07-18T05:08:00
9863626383,tanish61@upi,1545.0,2026-07-20T19:04:00
9863626383,chaaya64@upi,120.0,2026-08-27T02:10:00
9863626383,bamble@upi,290.0,2026-07-15T18:16:00
9240686122,oeshipandit@upi,205.0,2026-07-22T10:01:00
9240686122,raghav60@upi,2135.0,2026-07-31T11:54:00
9240686122,alexander82@upi,310.0,2026-08-03T23:18:00
9240686122,mannanryan@upi,345.0,2026-08-24T16:58:00
9240686122,tanish97@upi,235.0,2026-07-27T03:31:00
9240686122,jyoti18@upi,135.0,2026-07-25T17:44:00
9240686122,tbhardwaj@upi,190.0,2026-08-06T13:53:00
9240686122,lakshitsanghvi@upi,1920.0,2026-08-04T09:00:00
9240686122,henrymenon@upi,430.0,2026-07-17T04:16:00
9240686122,kevinhora@upi,325.0,2026-08-24T02:04:00
9539232741,nnarayan@upi,70.0,2026-07-12T07:54:00
9539232741,hemang56@upi,405.0,2026-07-15T21:26:00
9539232741,ahegde@upi,1050.0,2026-07-25T13:06:00
9539232741,ogupta@upi,550.0,2026-08-21T08:08:00
9539232741,jai68@upi,1985.0,2026-08-05T15:24:00
9539232741,yuvraj24@upi,580.0,2026-07-19T21:29:00
9539232741,nihalsoman@upi,145.0,2026-07-03T00:11:00
9539232741,anvi70@upi,525.0,2026-07-29T10:36:00
9539232741,chakradhar97@upi,330.0,2026-07-16T06:02:00
9539232741,brijesh10@upi,990.0,2026-07-11T17:04:00
9402819790,cheriannikita@upi,845.0,2026-07-10T00:15:00
9402819790,paiamara@upi,920.0,2026-07-10T00:08:00
9402819790,abhiram75@upi,440.0,2026-08-18T22:46:00
9402819790,dseshadri@upi,145.0,2026-08-14T15:48:00
9402819790,rmadan@upi,650.0,2026-07-13T20:37:00
9402819790,achahal@upi,940.0,2026-07-31T20:36:00
9402819790,ikbal30@upi,180.0,2026-07-09T13:41:00
9402819790,hsagar@upi,710.0,2026-08-08T13:48:00
9027966628,bnaidu@upi,395.0,2026-08-26T13:03:00
9027966628,zmajumdar@upi,1305.0,2026-07-12T02:07:00
9027966628,sathebaljiwan@upi,605.0,2026-08-17T14:34:00
9027966628,teerthhalder@upi,1040.0,2026-08-18T03:12:00
9027966628,ikibe@upi,210.0,2026-07-23T19:22:00
9027966628,tanish97@upi,305.0,2026-07-13T03:33:00
9027966628,khoslahemal@upi,1180.0,2026-08-25T07:02:00
9027966628,gganguly@upi,230.0,2026-08-11T15:54:00
9027966628,jagvi39@upi,1845.0,2026-08-07T11:14:00
9027966628,brarelijah@upi,2215.0,2026-08-19T16:37:00
9027966628,balvan90@upi,1545.0,2026-07-03T06:40:00
9027966628,banerjeerayaan@upi,2070.0,2026-07-25T16:09:00
9027966628,facharya@upi,490.0,2026-08-29T18:27:00
9027966628,yauvani39@upi,1790.0,2026-07-28T04:30:00
9804580401,dsridhar@upi,970.0,2026-07-10T06:35:00
9804580401,xsachar@upi,900.0,2026-07-17T04:12:00
9804580401,subramaniantheodore@upi,1225.0,2026-07-21T06:10:00
9804580401,vaishnavishroff@upi,200.0,2026-08-12T14:48:00
9804580401,anshpal@upi,90.0,2026-07-25T02:22:00
9804580401,dashekavir@upi,825.0,2026-08-25T14:27:00
9804580401,garimagolla@upi,6900.0,2026-08-22T06:20:00
9804580401,khannabalveer@upi,3800.0,2026-08-29T00:10:00
9804580401,vbhatnagar@upi,540.0,2026-07-17T15:43:00
9804580401,patelaadhya@upi,150.0,2026-08-23T00:52:00
9770093141,igarg@upi,540.0,2026-08-23T04:26:00
9770093141,udarshdhillon@upi,2770.0,2026-07-18T05:01:00
9770093141,vyanjanabuch@upi,495.0,2026-07-07T08:03:00
9770093141,bhatttarak@upi,3525.0,2026-07-08T00:09:00
9770093141,aryanadig@upi,2095.0,2026-08-14T21:26:00
9770093141,wriddhish67@upi,665.0,2026-08-11T16:03:00
9770093141,ishaan67@upi,745.0,2026-08-01T04:43:00
9770093141,hmodi@upi,325.0,2026-07-17T13:06:00
9770093141,dwali@upi,655.0,2026-08-06T11:42:00
9770093141,munijasmit@upi,85.0,2026-07-22T00:24:00
9770093141,chakradhar97@upi,290.0,2026-08-07T12:56:00
9770093141,bnaidu@upi,480.0,2026-08-23T03:22:00
9991205817,murthyyadavi@upi,1130.0,2026-07-24T10:36:00
9991205817,rishi55@upi,570.0,2026-08-21T19:01:00
9991205817,galaisaac@upi,315.0,2026-08-20T02:58:00
9991205817,ikbal30@upi,615.0,2026-08-20T22:27:00
9991205817,aryanadig@upi,325.0,2026-08-09T08:17:00
9991205817,ukhurana@upi,1280.0,2026-08-16T20:28:00
9991205817,uvasa@upi,3140.0,2026-07-14T12:16:00
9991205817,qasim83@upi,365.0,2026-07-08T19:35:00
9991205817,jatin98@upi,45.0,2026-08-17T14:03:00
9991205817,vaishnavishroff@upi,240.0,2026-07-14T01:10:00
9991205817,igupta@upi,295.0,2026-07-10T20:14:00
9337468903,dugarbishakha@upi,765.0,2026-08-19T09:15:00
9337468903,dhruvde@upi,1620.0,2026-08-04T16:34:00
9337468903,waidakamdar@upi,115.0,2026-08-10T12:40:00
9337468903,wbasu@upi,460.0,2026-08-24T03:17:00
9337468903,vsehgal@upi,560.0,2026-07-13T04:21:00
9337468903,iyerojasvi@upi,315.0,2026-07-27T15:43:00
9337468903,wriddhish67@upi,1025.0,2026-07-31T03:01:00
9337468903,oni66@upi,3030.0,2026-08-15T02:11:00
9337468903,turvi76@upi,660.0,2026-07-27T22:21:00
9337468903,zbaral@upi,2835.0,2026-08-24T00:18:00
9440101408,wvarty@upi,385.0,2026-08-09T06:37:00
9440101408,tanvi78@upi,530.0,2026-07-12T09:40:00
9440101408,luke99@upi,585.0,2026-08-06T13:05:00
9440101408,tamanna27@upi,495.0,2026-08-26T19:23:00
9440101408,tamanna27@upi,1790.0,2026-08-05T09:54:00
9440101408,gagandey@upi,1870.0,2026-08-27T03:51:00
9440101408,chaitanya83@upi,6265.0,2026-08-07T13:45:00
9440101408,yashica37@upi,460.0,2026-08-16T03:31:00
9440101408,bachittar25@upi,440.0,2026-08-11T11:02:00
9440101408,chadwarinder@upi,550.0,2026-08-01T16:11:00
9440101408,sbhavsar@upi,280.0,2026-07-04T16:41:00
9440101408,lakshitsanghvi@upi,150.0,2026-07-16T21:42:00
9440101408,maanavsubramaniam@upi,840.0,2026-07-01T22:20:00
9440101408,geraamara@upi,740.0,2026-08-26T03:56:00
9440101408,chokshiisaac@upi,330.0,2026-07-17T03:18:00
9440101408,darika92@upi,1955.0,2026-07-29T18:33:00
9665069854,alexander82@upi,2700.0,2026-08-19T17:01:00
9665069854,dayamaidoctor@upi,360.0,2026-07-14T21:57:00
9665069854,qasim83@upi,85.0,2026-07-09T19:59:00
9665069854,jbandi@upi,485.0,2026-08-29T18:39:00
9665069854,abhiramvig@upi,135.0,2026-08-07T20:36:00
9665069854,daniel26@upi,750.0,2026-07-07T03:43:00
9665069854,ramachandranvasana@upi,310.0,2026-07-22T11:19:00
9665069854,alkachahal@upi,240.0,2026-07-10T23:11:00
9665069854,yatin82@upi,80.0,2026-08-11T00:59:00
9665069854,ranveer60@upi,380.0,2026-07-17T14:13:00
9665069854,xkara@upi,560.0,2026-07-05T13:30:00
9665069854,jnagar@upi,965.0,2026-07-15T15:19:00
9665069854,krishmishra@upi,330.0,2026-08-13T12:22:00
9859713678,waidanarayanan@upi,2785.0,2026-07-05T11:33:00
9859713678,bnaidu@upi,565.0,2026-07-08T10:59:00
9859713678,sundernitara@upi,565.0,2026-07-22T05:25:00
9859713678,dseshadri@upi,110.0,2026-08-29T14:02:00
9859713678,dseshadri@upi,1755.0,2026-07-22T15:46:00
9859713678,goledeepa@upi,8625.0,2026-07-23T19:56:00
9859713678,sagarnathan@upi,490.0,2026-08-17T13:58:00
9859713678,semteerth@upi,915.0,2026-08-16T00:44:00
9859713678,balvan95@upi,805.0,2026-07-11T08:44:00
9859713678,shroffsachi@upi,1965.0,2026-07-06T04:05:00
9859713678,keerpeter@upi,1075.0,2026-08-29T02:22:00
9975975918,balveer54@upi,300.0,2026-07-22T15:37:00
9975975918,tanish97@upi,70.0,2026-08-27T14:45:00
9975975918,parikhucchal@upi,560.0,2026-08-15T00:29:00
9975975918,achahal@upi,825.0,2026-08-18T03:34:00
9975975918,ramjonathan@upi,680.0,2026-08-27T23:49:00
9975975918,sethitriveni@upi,760.0,2026-07-13T21:23:00
9202854808,devika50@upi,1260.0,2026-08-23T12:12:00
9202854808,eganesh@upi,415.0,2026-08-17T03:47:00
9202854808,dmerchant@upi,1790.0,2026-08-03T12:08:00
9202854808,ranaaahana@upi,2020.0,2026-07-20T22:10:00
9202854808,hemallalla@upi,170.0,2026-07-26T00:18:00
9202854808,alexander82@upi,285.0,2026-08-26T15:48:00
9202854808,wrideshsengupta@upi,845.0,2026-08-23T13:33:00
9202854808,nakul15@upi,310.0,2026-07-05T05:59:00
9202854808,henrymenon@upi,860.0,2026-08-13T17:34:00
9202854808,patrickkuruvilla@upi,705.0,2026-08-20T01:56:00
9202854808,vaidyalogan@upi,1235.0,2026-07-25T17:29:00
9202854808,tanish35@upi,190.0,2026-07-13T12:00:00
9202854808,nayakwahab@upi,4550.0,2026-07-02T18:18:00
9202854808,raveloliver@upi,925.0,2026-07-19T01:13:00
9202854808,sahaavni@upi,680.0,2026-08-29T16:00:00
9202854808,bakhshi28@upi,1550.0,2026-08-27T23:42:00
9202854808,ramjonathan@upi,1775.0,2026-08-18T13:59:00
9327888369,ishwar88@upi,875.0,2026-07-08T07:46:00
9327888369,mohammedsrinivas@upi,980.0,2026-07-28T16:34:00
9327888369,subramaniantheodore@upi,620.0,2026-07-11T21:46:00
9327888369,kabir98@upi,815.0,2026-07-05T15:40:00
9327888369,prakashbhanumati@upi,510.0,2026-07-04T10:11:00
9327888369,tanish97@upi,390.0,2026-08-12T09:28:00
9327888369,tanvi78@upi,270.0,2026-08-27T12:57:00
9327888369,aarnajohal@upi,95.0,2026-07-11T11:45:00
9003474782,hpatel@upi,335.0,2026-07-22T08:47:00
9003474782,comarridhi@upi,3610.0,2026-08-11T19:30:00
9003474782,forumdalia@upi,825.0,2026-08-01T10:12:00
9003474782,murtyradhika@upi,1840.0,2026-08-06T15:19:00
9003474782,christopher87@upi,780.0,2026-08-01T11:47:00
9003474782,jsura@upi,1335.0,2026-08-11T09:46:00
9003474782,matthewlata@upi,1360.0,2026-08-21T09:07:00
9003474782,harshdube@upi,145.0,2026-07-23T20:44:00
9003474782,ksolanki@upi,730.0,2026-07-15T03:21:00
9003474782,omkaarsundaram@upi,380.0,2026-08-08T19:51:00
9003474782,girishdeshpande@upi,1500.0,2026-07-28T03:23:00
9003474782,singhshaurya@upi,1505.0,2026-08-26T11:38:00
9003474782,lnarain@upi,9135.0,2026-07-21T06:48:00
9183586783,gollatejas@upi,360.0,2026-08-13T07:35:00
9183586783,xgandhi@upi,315.0,2026-07-03T02:27:00
9183586783,raksha36@upi,2680.0,2026-08-14T07:32:00
9183586783,kuruvillaisaiah@upi,695.0,2026-08-05T17:46:00
9183586783,riya01@upi,190.0,2026-07-12T19:29:00
9183586783,bamble@upi,660.0,2026-07-30T19:55:00
9183586783,enagar@upi,690.0,2026-07-03T05:58:00
9183586783,gardebalveer@upi,980.0,2026-07-07T00:46:00
9183586783,rpalla@upi,390.0,2026-07-16T19:24:00
9183586783,dwali@upi,1395.0,2026-07-24T03:39:00
9183586783,gayathri42@upi,2320.0,2026-08-13T03:56:00
9183586783,dtripathi@upi,570.0,2026-07-09T04:50:00
9183586783,mekhala18@upi,430.0,2026-07-31T04:39:00
9183586783,mangatdhruv@upi,460.0,2026-07-30T01:23:00
9245911056,ansh85@upi,1520.0,2026-08-27T11:05:00
9245911056,keyatripathi@upi,1115.0,2026-08-24T12:23:00
9245911056,qramanathan@upi,465.0,2026-08-22T06:58:00
9245911056,ucchalganesh@upi,140.0,2026-07-27T15:04:00
9245911056,janya19@upi,265.0,2026-07-26T05:34:00
9245911056,lnarain@upi,1735.0,2026-08-26T05:56:00
9245911056,lokeyochana@upi,340.0,2026-08-27T16:14:00
9245911056,thora@upi,575.0,2026-07-01T13:02:00
9245911056,abhachatterjee@upi,385.0,2026-07-15T22:07:00
9988853930,devansh61@upi,170.0,2026-07-27T09:54:00
9988853930,khoslahemal@upi,75.0,2026-08-04T01:30:00
9988853930,chokshiekaja@upi,125.0,2026-07-07T12:08:00
9988853930,anjalikara@upi,255.0,2026-07-10T06:43:00
9988853930,widisharamaswamy@upi,530.0,2026-08-01T02:53:00
9988853930,brijesh10@upi,1010.0,2026-08-09T11:37:00
9988853930,ramjonathan@upi,385.0,2026-07-07T18:03:00
9988853930,teerthhalder@upi,295.0,2026-07-28T02:33:00
9988853930,madansamaksh@upi,3585.0,2026-08-30T06:56:00
9988853930,esrinivasan@upi,75.0,2026-07-30T06:00:00
9988853930,sethitriveni@upi,910.0,2026-08-22T02:47:00
9877776348,waidakamdar@upi,250.0,2026-08-24T01:55:00
9877776348,dugarbishakha@upi,375.0,2026-07-06T13:24:00
9877776348,advaysahota@upi,5420.0,2026-07-17T08:11:00
9877776348,dadavrinda@upi,250.0,2026-07-08T19:31:00
9877776348,sahaavni@upi,225.0,2026-07-25T14:49:00
9877776348,nandini88@upi,335.0,2026-08-28T14:13:00
9877776348,chavvi07@upi,1345.0,2026-07-08T04:48:00
9877776348,parsaayushman@upi,720.0,2026-08-01T09:44:00
9727226471,issacraksha@upi,4695.0,2026-08-22T15:41:00
9727226471,udarshdhillon@upi,1275.0,2026-07-21T10:28:00
9727226471,kamdarosha@upi,2910.0,2026-07-07T23:54:00
9727226471,eesha30@upi,1005.0,2026-07-10T07:16:00
9727226471,achahal@upi,375.0,2026-08-21T21:45:00
9727226471,riya01@upi,2065.0,2026-08-27T21:55:00
9727226471,aayush24@upi,850.0,2026-08-07T01:40:00
9727226471,pranit80@upi,210.0,2026-07-25T08:30:00
9727226471,teerthhalder@upi,680.0,2026-08-19T19:34:00
9727226471,balveer54@upi,1885.0,2026-07-27T09:18:00
9137678825,liamtrivedi@upi,255.0,2026-08-12T21:53:00
9137678825,tparmar@upi,340.0,2026-08-01T14:43:00
9137678825,ajani@upi,1165.0,2026-07-28T22:27:00
9137678825,jonathankhare@upi,1845.0,2026-07-14T06:30:00
9137678825,shivanibanik@upi,165.0,2026-07-27T04:06:00
9137678825,ambleliam@upi,655.0,2026-07-05T03:30:00
9137678825,urmigoswami@upi,490.0,2026-07-22T20:52:00
9137678825,balomkaar@upi,2330.0,2026-07-22T12:57:00
9137678825,xbobal@upi,1495.0,2026-07-13T02:11:00
9137678825,patelaadhya@upi,305.0,2026-08-29T20:17:00
9137678825,yashawini25@upi,500.0,2026-08-16T09:33:00
9137678825,uprabhakar@upi,305.0,2026-07-24T09:52:00
9805487915,balansai@upi,1120.0,2026-08-10T05:46:00
9805487915,ikshitaissac@upi,4400.0,2026-07-11T14:47:00
9805487915,mangalikbal@upi,530.0,2026-08-20T21:23:00
9805487915,neel90@upi,795.0,2026-08-24T00:00:00
9805487915,raghav60@upi,800.0,2026-07-10T12:14:00
9805487915,oni66@upi,200.0,2026-07-19T18:34:00
9805487915,prasadpratyush@upi,470.0,2026-07-07T18:22:00
9805487915,ishaan67@upi,285.0,2026-08-04T05:24:00
9805487915,garderiya@upi,95.0,2026-07-29T03:32:00
9805487915,anaybassi@upi,90.0,2026-07-05T13:17:00
9829662079,rajagopalancharles@upi,290.0,2026-07-29T12:00:00
9829662079,abhachatterjee@upi,30.0,2026-08-23T23:33:00
9829662079,pbir@upi,760.0,2026-08-15T18:21:00
9829662079,bhatttarak@upi,765.0,2026-08-21T09:12:00
9829662079,bhatttarak@upi,1495.0,2026-08-03T09:58:00
9829662079,choudharysaanvi@upi,525.0,2026-07-05T09:40:00
9829662079,dashekavir@upi,870.0,2026-08-07T12:56:00
9829662079,igarg@upi,1095.0,2026-08-13T21:59:00
9829662079,dnadkarni@upi,390.0,2026-08-14T21:25:00
9829662079,nayakwahab@upi,405.0,2026-07-27T10:01:00
9829662079,dattabhavna@upi,85.0,2026-07-17T01:16:00
9829662079,dasguptabalendra@upi,535.0,2026-08-12T07:59:00
9829662079,xmitra@upi,835.0,2026-08-04T11:11:00
9829662079,borajagdish@upi,190.0,2026-08-27T18:45:00
9829662079,bhavna58@upi,3305.0,2026-07-19T08:15:00
9829662079,dipta37@upi,2390.0,2026-08-30T04:47:00
9829662079,bamble@upi,35.0,2026-07-18T00:26:00
9886247321,hmuni@upi,385.0,2026-08-19T15:48:00
9886247321,pingleomaja@upi,445.0,2026-08-21T23:43:00
9886247321,kadejalsa@upi,200.0,2026-08-13T11:08:00
9886247321,qushimitra@upi,1400.0,2026-07-11T21:28:00
9886247321,osarma@upi,225.0,2026-08-13T14:59:00
9886247321,neel66@upi,1085.0,2026-08-11T04:22:00
9886247321,mkota@upi,325.0,2026-08-05T16:27:00
9886247321,dkanda@upi,75.0,2026-08-06T18:46:00
9886247321,chandaniseshadri@upi,775.0,2026-08-22T05:02:00
9886247321,jhabhavya@upi,80.0,2026-07-21T01:42:00
9886247321,nchawla@upi,1250.0,2026-07-09T17:20:00
9886247321,gaurang20@upi,3115.0,2026-07-23T07:56:00
9886247321,gardebalveer@upi,1325.0,2026-07-02T11:30:00
9886247321,abhiram24@upi,730.0,2026-07-12T16:15:00
9886247321,vyanjanabuch@upi,530.0,2026-07-09T06:29:00
9886247321,kevinraja@upi,3175.0,2026-07-07T00:10:00
9886247321,lokeyochana@upi,875.0,2026-08-22T23:59:00
9886247321,yashbath@upi,345.0,2026-08-22T01:29:00
9188180702,ogupta@upi,1000.0,2026-07-07T14:31:00
9188180702,waidanarayanan@upi,120.0,2026-08-18T13:07:00
9188180702,saranzansi@upi,490.0,2026-07-17T10:06:00
9188180702,sathebaljiwan@upi,495.0,2026-07-31T17:41:00
9188180702,rchaudhary@upi,665.0,2026-08-19T00:20:00
9188180702,bachittar25@upi,495.0,2026-08-01T05:56:00
9188180702,rayaan02@upi,780.0,2026-07-18T09:58:00
9188180702,lmital@upi,3970.0,2026-08-12T08:31:00
9188180702,semteerth@upi,535.0,2026-08-17T22:37:00
9188180702,mohammedsavant@upi,275.0,2026-08-10T07:52:00
9188180702,choudharysaanvi@upi,215.0,2026-08-14T06:12:00
9188180702,zpall@upi,305.0,2026-08-28T17:10:00
9188180702,nicholas33@upi,330.0,2026-08-14T13:04:00
9188180702,nchawla@upi,1915.0,2026-07-17T14:48:00
9188180702,kadakiadayamai@upi,480.0,2026-08-29T08:35:00
9188180702,kashvimahajan@upi,460.0,2026-07-17T17:33:00
9188180702,ishwar88@upi,225.0,2026-07-24T02:20:00
9613098257,samarthchokshi@upi,2670.0,2026-07-09T03:19:00
9613098257,dhawanbishakha@upi,365.0,2026-07-31T02:12:00
9613098257,nazarethdamini@upi,1285.0,2026-07-05T11:15:00
9613098257,gautam72@upi,740.0,2026-07-22T18:52:00
9613098257,krishna04@upi,145.0,2026-08-19T14:39:00
9613098257,gbansal@upi,50.0,2026-08-07T08:15:00
9613098257,jagat44@upi,565.0,2026-07-11T03:54:00
9613098257,surchakradhar@upi,300.0,2026-07-19T08:49:00
9177920452,tbhardwaj@upi,105.0,2026-07-27T17:36:00
9177920452,pahalbhavsar@upi,565.0,2026-08-09T22:56:00
9177920452,bachittar25@upi,1380.0,2026-07-20T15:29:00
9177920452,wvarty@upi,535.0,2026-07-05T13:14:00
9177920452,aamble@upi,1590.0,2026-08-07T17:30:00
9177920452,galayochana@upi,70.0,2026-07-31T09:23:00
9177920452,memonisaiah@upi,730.0,2026-07-19T14:03:00
9177920452,ikibe@upi,195.0,2026-07-20T03:28:00
9177920452,nitara56@upi,240.0,2026-08-06T02:50:00
9177920452,yashbath@upi,780.0,2026-07-12T11:56:00
9177920452,ansh65@upi,250.0,2026-08-03T02:00:00
9177920452,khannabalveer@upi,560.0,2026-07-30T17:36:00
9662883030,ansh85@upi,1075.0,2026-07-28T17:56:00
9662883030,pahalbhavsar@upi,210.0,2026-08-20T14:16:00
9662883030,kevinhora@upi,230.0,2026-08-16T13:13:00
9662883030,khannaekani@upi,1665.0,2026-08-18T02:42:00
9662883030,nmandal@upi,620.0,2026-08-19T05:45:00
9662883030,jagat44@upi,285.0,2026-08-26T21:41:00
9662883030,jagat44@upi,2040.0,2026-08-05T21:55:00
9662883030,xmitra@upi,835.0,2026-08-20T09:57:00
9662883030,parmeraahana@upi,785.0,2026-07-24T00:24:00
9662883030,singhaashi@upi,1465.0,2026-08-17T17:03:00
9662883030,yuvrajgupta@upi,1105.0,2026-07-11T21:33:00
9662883030,bhavini64@upi,160.0,2026-07-22T15:29:00
9662883030,ramanathannirja@upi,890.0,2026-08-21T06:53:00
9662883030,ekaraj32@upi,130.0,2026-08-05T07:38:00
9662883030,david08@upi,115.0,2026-07-22T15:38:00
9745386561,matthewlata@upi,1475.0,2026-07-23T16:21:00
9745386561,sekhonrachita@upi,940.0,2026-08-20T13:04:00
9745386561,pahalbhavsar@upi,2560.0,2026-07-13T22:08:00
9745386561,ikshitaissac@upi,300.0,2026-07-07T06:30:00
9745386561,keerpeter@upi,2090.0,2026-07-28T07:42:00
9745386561,vamakshi87@upi,110.0,2026-08-12T22:02:00
9745386561,logan71@upi,4015.0,2026-07-06T08:54:00
9745386561,srinivasabeer@upi,360.0,2026-08-12T15:53:00
9692552797,deoltanvi@upi,110.0,2026-07-11T19:39:00
9692552797,david08@upi,435.0,2026-08-26T06:10:00
9692552797,chadwarinder@upi,2320.0,2026-07-29T19:42:00
9692552797,balasubramanianvasana@upi,135.0,2026-07-28T19:20:00
9692552797,nshankar@upi,5310.0,2026-07-12T07:58:00
9692552797,parikhucchal@upi,45.0,2026-08-01T14:52:00
9692552797,upkaar31@upi,680.0,2026-08-08T13:00:00
9692552797,ishwar88@upi,1085.0,2026-07-07T12:46:00
9692552797,zilmilvala@upi,150.0,2026-08-22T09:56:00
9692552797,dayamaidoctor@upi,260.0,2026-08-05T00:05:00
9692552797,vdugar@upi,1505.0,2026-08-29T15:31:00
9692552797,ladanthony@upi,1240.0,2026-08-04T11:38:00
9692552797,matthewlata@upi,2215.0,2026-08-23T12:58:00
9764126252,munijasmit@upi,1015.0,2026-08-09T12:19:00
9764126252,jagvi39@upi,205.0,2026-07-11T04:13:00
9764126252,xgandhi@upi,185.0,2026-07-18T20:58:00
9764126252,bhaktakrisha@upi,485.0,2026-08-27T20:55:00
9764126252,chakradhar97@upi,1260.0,2026-07-02T17:49:00
9764126252,yatin82@upi,495.0,2026-07-25T12:09:00
9764126252,yatin82@upi,2705.0,2026-08-18T21:01:00
9764126252,rgulati@upi,1125.0,2026-08-19T22:41:00
9764126252,xraman@upi,890.0,2026-08-09T03:39:00
9764126252,kotaunni@upi,350.0,2026-07-25T12:56:00
9764126252,sulegunbir@upi,2365.0,2026-08-20T07:52:00
9764126252,wgarde@upi,1545.0,2026-08-14T04:36:00
9764126252,murtyradhika@upi,2265.0,2026-07-21T05:57:00
9764126252,vasatika07@upi,125.0,2026-08-10T02:23:00
9764126252,yatankota@upi,2890.0,2026-08-13T20:24:00
9764126252,alexander82@upi,1295.0,2026-07-23T21:25:00
9394154958,dhruvde@upi,130.0,2026-08-16T07:59:00
9394154958,patelshivansh@upi,975.0,2026-07-09T21:06:00
9394154958,saide@upi,245.0,2026-07-19T01:47:00
9394154958,sarkarturvi@upi,1265.0,2026-07-01T18:47:00
9394154958,yuvraj24@upi,8650.0,2026-07-11T18:43:00
9394154958,maanavsubramaniam@upi,845.0,2026-08-24T04:30:00
9394154958,zashil00@upi,3090.0,2026-08-20T06:47:00
9522749968,shaharish@upi,540.0,2026-07-16T05:08:00
9522749968,doshijeremiah@upi,965.0,2026-08-17T05:16:00
9522749968,sarkarturvi@upi,220.0,2026-07-09T18:41:00
9522749968,krishmishra@upi,195.0,2026-07-03T14:36:00
9522749968,dhawannicholas@upi,2155.0,2026-08-03T07:46:00
9522749968,balvan90@upi,560.0,2026-07-06T20:43:00
9522749968,nitesh70@upi,645.0,2026-07-08T14:40:00
9522749968,yashawini25@upi,225.0,2026-08-08T08:19:00
9522749968,bhasintanvi@upi,240.0,2026-07-31T15:26:00
9522749968,shroffsachi@upi,1270.0,2026-07-24T07:47:00
9522749968,mangalikbal@upi,1465.0,2026-08-09T00:50:00
9977288139,tamanna27@upi,1175.0,2026-08-17T10:05:00
9977288139,kmangat@upi,1445.0,2026-08-06T00:46:00
9977288139,rayekantika@upi,600.0,2026-07-12T00:10:00
9977288139,agastya25@upi,1670.0,2026-08-15T14:37:00
9977288139,saranzansi@upi,1405.0,2026-08-29T16:04:00
9977288139,chakradhar97@upi,665.0,2026-08-07T22:34:00
9977288139,sankaranvarsha@upi,295.0,2026-07-10T13:56:00
9977288139,mannetejas@upi,345.0,2026-08-18T22:21:00
9743555336,ijaya67@upi,350.0,2026-08-21T16:26:00
9743555336,ishita92@upi,1910.0,2026-07-30T09:41:00
9743555336,nachiket67@upi,345.0,2026-08-11T23:31:00
9743555336,pavanikhanna@upi,750.0,2026-08-21T16:25:00
9743555336,mohammedsavant@upi,1200.0,2026-07-13T13:59:00
9743555336,dattabhavna@upi,2045.0,2026-08-15T06:52:00
9743555336,rnath@upi,330.0,2026-07-04T15:06:00
9743555336,lekha01@upi,105.0,2026-07-17T13:12:00
9743555336,mitraabdul@upi,345.0,2026-08-09T05:00:00
9743555336,ogupta@upi,355.0,2026-07-11T01:13:00
9743555336,jalsa37@upi,90.0,2026-07-26T02:16:00
9743555336,bhatttarak@upi,345.0,2026-07-21T11:41:00
9743555336,vivaanhora@upi,695.0,2026-07-22T20:50:00
9743555336,yoshitabatra@upi,640.0,2026-07-14T23:35:00
9974178400,bajwamitali@upi,260.0,2026-07-07T16:48:00
9974178400,yashbath@upi,595.0,2026-07-26T18:03:00
9974178400,david08@upi,1560.0,2026-08-23T14:10:00
9974178400,dtripathi@upi,145.0,2026-07-18T21:33:00
9974178400,mgoyal@upi,110.0,2026-08-14T03:04:00
9974178400,mannanryan@upi,1510.0,2026-08-18T02:49:00
9974178400,doshijeremiah@upi,155.0,2026-08-17T00:57:00
9974178400,chakradharvarkey@upi,1180.0,2026-07-12T12:53:00
9619076686,dasguptabalendra@upi,1370.0,2026-07-16T07:58:00
9619076686,rnath@upi,1080.0,2026-07-31T00:12:00
9619076686,neelimabalay@upi,3880.0,2026-08-30T03:49:00
9619076686,shankarkamala@upi,625.0,2026-07-27T08:13:00
9619076686,urmigoswami@upi,795.0,2026-08-29T08:56:00
9619076686,janinisha@upi,1640.0,2026-08-26T07:42:00
9619076686,lokeyochana@upi,355.0,2026-07-29T19:09:00
9619076686,balveer54@upi,1365.0,2026-08-03T14:17:00
9619076686,gangulybanjeet@upi,675.0,2026-07-02T15:00:00
9619076686,borajagdish@upi,30.0,2026-08-06T19:23:00
9619076686,gangulyupma@upi,3300.0,2026-08-04T12:57:00
9437723988,sbains@upi,1205.0,2026-07-02T20:01:00
9437723988,balasubramanianvasana@upi,1825.0,2026-08-12T03:07:00
9437723988,chokshiisaac@upi,350.0,2026-07-12T15:11:00
9437723988,aamble@upi,275.0,2026-07-10T13:57:00
9437723988,nitara56@upi,190.0,2026-08-26T20:20:00
9437723988,lghose@upi,205.0,2026-07-26T19:28:00
9437723988,widisha49@upi,515.0,2026-07-07T11:47:00
9437723988,anthonybhasin@upi,875.0,2026-07-25T00:36:00
9437723988,nattshaurya@upi,1175.0,2026-07-26T03:19:00
9437723988,adyajain@upi,2010.0,2026-07-17T19:55:00
9437723988,patelshivansh@upi,1020.0,2026-07-30T00:24:00
9437723988,sbhavsar@upi,225.0,2026-07-05T14:59:00
9437723988,balvan95@upi,805.0,2026-08-23T18:21:00
9437723988,gabrieltak@upi,160.0,2026-08-24T08:46:00
9199646627,kevinraja@upi,765.0,2026-08-02T18:28:00
9199646627,bosexalak@upi,225.0,2026-08-29T11:23:00
9199646627,geraamara@upi,2600.0,2026-07-17T09:49:00
9199646627,nakul15@upi,900.0,2026-08-18T21:05:00
9199646627,zbaral@upi,300.0,2026-08-22T22:13:00
9199646627,sanayadara@upi,620.0,2026-08-28T11:42:00
9199646627,baghyawatikar@upi,160.0,2026-08-29T16:27:00
9199646627,samraarunima@upi,105.0,2026-07-28T18:08:00
9199646627,ekalinga77@upi,1150.0,2026-07-09T16:10:00
9868498624,samraarunima@upi,115.0,2026-08-15T00:57:00
9868498624,adya21@upi,1400.0,2026-07-19T08:43:00
9868498624,krishnadin@upi,565.0,2026-08-13T21:10:00
9868498624,geraamara@upi,680.0,2026-08-01T13:49:00
9868498624,chaaya64@upi,60.0,2026-08-04T17:38:00
9868498624,warhi15@upi,3670.0,2026-08-26T00:06:00
9868498624,dtaneja@upi,1090.0,2026-07-23T01:44:00
9868498624,ganga23@upi,155.0,2026-07-11T12:39:00
9868498624,jagvigoel@upi,1305.0,2026-08-10T01:48:00
9868498624,rbakshi@upi,185.0,2026-07-16T20:26:00
9868498624,mitraabdul@upi,395.0,2026-08-09T14:47:00
9868498624,nakul15@upi,345.0,2026-08-15T08:27:00
9868498624,daniel26@upi,525.0,2026-07-27T12:14:00
9868498624,ogupta@upi,175.0,2026-07-31T11:04:00
9857618754,karan97@upi,145.0,2026-08-10T08:21:00
9857618754,munijasmit@upi,1335.0,2026-08-19T09:01:00
9857618754,advaysahota@upi,440.0,2026-07-21T19:42:00
9857618754,ikibe@upi,1345.0,2026-08-03T21:53:00
9857618754,mitraabdul@upi,460.0,2026-08-25T16:24:00
9857618754,ldara@upi,14475.0,2026-08-27T23:34:00
9857618754,balveer54@upi,405.0,2026-07-22T09:54:00
9857618754,sulegunbir@upi,85.0,2026-07-25T18:07:00
9935410186,vsane@upi,430.0,2026-07-06T17:58:00
9935410186,sulegunbir@upi,405.0,2026-07-14T05:37:00
9935410186,imani@upi,315.0,2026-07-09T04:56:00
9935410186,karanlibni@upi,315.0,2026-07-04T04:02:00
9935410186,onkar82@upi,2865.0,2026-08-29T20:33:00
9935410186,kiaan93@upi,2200.0,2026-07-31T02:04:00
9935410186,galayochana@upi,1700.0,2026-07-05T16:34:00
9935410186,xmitra@upi,50.0,2026-08-09T05:38:00
9935410186,kkata@upi,560.0,2026-07-02T04:35:00
9935410186,champak17@upi,1905.0,2026-08-15T17:18:00
9935410186,ijaya67@upi,160.0,2026-08-12T08:39:00
9050884189,galaisaac@upi,2045.0,2026-08-16T15:09:00
9050884189,ladanthony@upi,560.0,2026-07-20T11:24:00
9050884189,facharya@upi,1340.0,2026-08-12T00:17:00
9050884189,wmannan@upi,205.0,2026-08-04T16:45:00
9050884189,eesha30@upi,1550.0,2026-07-06T20:41:00
9050884189,lnarain@upi,245.0,2026-08-29T14:58:00
9050884189,david08@upi,880.0,2026-08-30T05:37:00
9050884189,garimagolla@upi,215.0,2026-08-27T11:06:00
9050884189,xmukhopadhyay@upi,145.0,2026-07-03T02:58:00
9050884189,neel90@upi,210.0,2026-07-28T16:06:00
9050884189,zachariachasmum@upi,1080.0,2026-08-28T14:31:00
9050884189,tchawla@upi,195.0,2026-07-23T05:24:00
9349613120,raksha03@upi,90.0,2026-08-04T05:53:00
9349613120,gabrieltak@upi,700.0,2026-07-02T06:15:00
9349613120,meghanakapur@upi,3575.0,2026-07-19T18:55:00
9349613120,daniel61@upi,585.0,2026-08-27T02:03:00
9349613120,harshdube@upi,740.0,2026-08-21T05:11:00
9349613120,girishwali@upi,1555.0,2026-07-13T22:43:00
9349613120,anvi70@upi,370.0,2026-08-20T07:32:00
9349613120,gadejairaj@upi,945.0,2026-08-21T02:51:00
9349613120,raveloliver@upi,7035.0,2026-07-28T22:19:00
9048233130,banjeet07@upi,130.0,2026-07-22T04:15:00
9048233130,yashicarastogi@upi,1085.0,2026-07-10T22:50:00
9048233130,dhruv18@upi,450.0,2026-07-07T00:59:00
9048233130,chavvi07@upi,555.0,2026-08-26T03:47:00
9048233130,xgandhi@upi,130.0,2026-08-21T03:20:00
9048233130,kuruvillaisaiah@upi,795.0,2026-08-28T22:56:00
9048233130,upkaar31@upi,1285.0,2026-08-20T06:26:00
9048233130,karanlibni@upi,4520.0,2026-08-01T12:22:00
9048233130,ahegde@upi,40.0,2026-07-17T22:42:00
9048233130,jeremiahmemon@upi,600.0,2026-08-05T20:29:00
9048233130,ramanathannirja@upi,380.0,2026-07-27T05:32:00
9048233130,anvi70@upi,150.0,2026-07-16T13:07:00
9048233130,madhav62@upi,325.0,2026-07-03T02:33:00
9048233130,raksha36@upi,120.0,2026-07-05T01:03:00
9048233130,goledeepa@upi,1585.0,2026-07-11T01:45:00
9595026413,zashil00@upi,140.0,2026-07-22T22:43:00
9595026413,adyajain@upi,35.0,2026-07-18T16:43:00
9595026413,vasahenry@upi,255.0,2026-08-28T16:50:00
9595026413,muniekani@upi,80.0,2026-07-22T11:07:00
9595026413,patrickkuruvilla@upi,450.0,2026-08-18T13:00:00
9595026413,patrickkuruvilla@upi,1190.0,2026-07-23T17:11:00
9595026413,dadavrinda@upi,815.0,2026-08-19T14:53:00
9595026413,aarnajohal@upi,295.0,2026-08-29T18:14:00
9595026413,esrinivasan@upi,160.0,2026-07-27T16:54:00
9595026413,chandguneet@upi,185.0,2026-08-14T10:13:00
9595026413,samarthchokshi@upi,180.0,2026-08-29T13:47:00
9595026413,prakashbhanumati@upi,4645.0,2026-08-29T19:39:00
9834003292,manyathakur@upi,1260.0,2026-07-12T19:07:00
9834003292,wriddhish67@upi,715.0,2026-08-01T02:45:00
9834003292,bosexalak@upi,840.0,2026-08-22T09:52:00
9834003292,nicholas33@upi,600.0,2026-08-20T01:45:00
9834003292,duachakrika@upi,510.0,2026-07-30T01:39:00
9834003292,meghanakapur@upi,595.0,2026-07-20T12:19:00
9834003292,qushi33@upi,260.0,2026-07-26T00:28:00
9834003292,aptemohammed@upi,1530.0,2026-08-05T11:30:00
9834003292,aamble@upi,260.0,2026-07-17T16:12:00
9834003292,hvenkataraman@upi,2660.0,2026-07-08T12:59:00
9834003292,cheriannikita@upi,420.0,2026-08-21T03:02:00
9834003292,chakrabartisamarth@upi,5530.0,2026-08-08T09:38:00
9834003292,warhi15@upi,180.0,2026-08-27T17:48:00
9834003292,zbaral@upi,590.0,2026-07-29T14:57:00
9834003292,adyajain@upi,370.0,2026-07-19T21:15:00
9834003292,osagar@upi,530.0,2026-08-21T18:34:00
9834003292,ramachandranvasana@upi,455.0,2026-07-05T06:08:00
9834003292,jchakrabarti@upi,2350.0,2026-08-05T11:28:00
9027410813,rnath@upi,8925.0,2026-08-04T19:01:00
9027410813,saide@upi,430.0,2026-07-21T02:42:00
9027410813,enagar@upi,475.0,2026-08-01T12:02:00
9027410813,nnarayan@upi,275.0,2026-07-31T02:27:00
9027410813,nandini88@upi,940.0,2026-07-06T19:34:00
9027410813,yatan39@upi,95.0,2026-08-21T17:14:00
9027410813,zkhalsa@upi,260.0,2026-07-16T13:22:00
9027410813,waida57@upi,100.0,2026-08-29T18:19:00
9027410813,thamansamarth@upi,705.0,2026-08-01T17:29:00
9027410813,goledeepa@upi,785.0,2026-08-21T11:31:00
9027410813,nazarethdamini@upi,890.0,2026-08-11T21:27:00
9027410813,braranamika@upi,720.0,2026-07-20T08:51:00
9027410813,bamble@upi,770.0,2026-07-27T04:44:00
9027410813,sagarnathan@upi,865.0,2026-08-02T13:44:00
9027410813,forumdalia@upi,690.0,2026-08-07T23:09:00
9815172061,ishita92@upi,205.0,2026-08-23T04:21:00
9815172061,anvi70@upi,315.0,2026-08-24T04:39:00
9815172061,kadejalsa@upi,695.0,2026-07-02T15:59:00
9815172061,fsibal@upi,185.0,2026-08-25T15:28:00
9815172061,goledeepa@upi,1175.0,2026-08-03T15:43:00
9815172061,tanvi78@upi,950.0,2026-07-12T15:46:00
9815172061,gayathri42@upi,260.0,2026-08-02T01:07:00
9815172061,chandguneet@upi,555.0,2026-08-07T21:12:00
9815172061,urmigoswami@upi,570.0,2026-07-12T17:35:00
9815172061,panchalzinal@upi,1175.0,2026-07-30T20:50:00
9821259825,doshijeremiah@upi,1030.0,2026-07-09T00:03:00
9821259825,kpillai@upi,295.0,2026-08-10T08:47:00
9821259825,dayamaidoctor@upi,335.0,2026-08-18T01:41:00
9821259825,udarshsinghal@upi,430.0,2026-07-10T01:43:00
9821259825,balvan90@upi,185.0,2026-08-17T22:40:00
9821259825,wvarty@upi,675.0,2026-08-07T22:51:00
9821259825,rbadami@upi,425.0,2026-07-06T02:36:00
9623092322,gollatejas@upi,85.0,2026-08-25T23:52:00
9623092322,bnaidu@upi,225.0,2026-07-07T20:14:00
9623092322,xkara@upi,145.0,2026-07-24T18:59:00
9623092322,rgulati@upi,1350.0,2026-07-29T10:32:00
9623092322,kuruvillaisaiah@upi,880.0,2026-08-05T23:45:00
9623092322,vivaanhora@upi,740.0,2026-07-06T06:47:00
9623092322,patrickkuruvilla@upi,1850.0,2026-08-10T16:01:00
9623092322,rmadan@upi,280.0,2026-08-05T04:04:00
9623092322,xsachar@upi,130.0,2026-07-19T12:47:00
9623092322,zdixit@upi,200.0,2026-08-23T14:46:00
9623092322,tbhardwaj@upi,590.0,2026-07-30T16:39:00
9623092322,modysai@upi,245.0,2026-08-29T05:05:00
9565803308,hpatel@upi,160.0,2026-07-03T07:24:00
9565803308,aviparmer@upi,930.0,2026-08-15T17:38:00
9565803308,niharikabhat@upi,1070.0,2026-08-14T20:00:00
9565803308,wsami@upi,2115.0,2026-07-04T00:27:00
9565803308,nayakwahab@upi,1745.0,2026-07-15T20:33:00
9565803308,anikagopal@upi,330.0,2026-07-10T19:26:00
9565803308,aachal27@upi,890.0,2026-08-16T16:56:00
9565803308,rsarma@upi,3050.0,2026-08-29T01:26:00
9565803308,dharnathaniel@upi,1015.0,2026-07-07T05:32:00
9416151222,hvenkataraman@upi,455.0,2026-08-24T17:54:00
9416151222,saranzansi@upi,255.0,2026-07-01T18:37:00
9416151222,palanekaraj@upi,580.0,2026-07-17T17:58:00
9416151222,nihalsoman@upi,4940.0,2026-08-26T02:07:00
9416151222,daniel61@upi,890.0,2026-08-25T19:28:00
9416151222,charvi52@upi,380.0,2026-07-22T20:53:00
9416151222,nmandal@upi,585.0,2026-08-02T11:26:00
9416151222,kiaan93@upi,455.0,2026-07-22T12:48:00
9752820266,sathebaljiwan@upi,450.0,2026-07-23T15:50:00
9752820266,lakshitsanghvi@upi,290.0,2026-07-01T13:25:00
9752820266,forum60@upi,255.0,2026-08-12T11:37:00
9752820266,tanish35@upi,560.0,2026-07-19T11:56:00
9752820266,urmigoswami@upi,450.0,2026-08-24T03:51:00
9752820266,jbandi@upi,3300.0,2026-07-24T18:49:00
9752820266,shroffsachi@upi,905.0,2026-08-01T01:50:00
9752820266,meghanaamble@upi,455.0,2026-07-11T19:57:00
9752820266,khoslahemal@upi,565.0,2026-07-18T22:28:00
9752820266,facharya@upi,260.0,2026-07-22T04:10:00
9622469420,david08@upi,1755.0,2026-07-17T17:31:00
9622469420,nchawla@upi,1680.0,2026-07-28T14:03:00
9622469420,kala21@upi,3165.0,2026-08-15T08:52:00
9622469420,meghanaamble@upi,2470.0,2026-08-20T11:25:00
9622469420,wriddhish67@upi,715.0,2026-07-17T17:51:00
9622469420,ikshitaissac@upi,1835.0,2026-07-21T21:51:00
9622469420,banjeet07@upi,45.0,2026-07-21T09:30:00
9622469420,ranaaahana@upi,65.0,2026-07-05T05:47:00
9120335120,rnath@upi,165.0,2026-08-07T02:12:00
9120335120,neelimabalay@upi,305.0,2026-07-15T02:23:00
9120335120,memonisaiah@upi,665.0,2026-08-15T16:29:00
9120335120,rpalla@upi,250.0,2026-07-22T12:56:00
9120335120,choudhurysanaya@upi,480.0,2026-08-05T01:34:00
9053036677,gangulyupma@upi,160.0,2026-07-14T09:02:00
9053036677,waida55@upi,1150.0,2026-08-03T06:16:00
9053036677,santzaid@upi,145.0,2026-08-18T09:18:00
9053036677,dugarshravya@upi,135.0,2026-08-04T15:19:00
9053036677,udarshsinghal@upi,35.0,2026-08-06T10:16:00
9053036677,uprabhakar@upi,620.0,2026-08-18T11:39:00
9053036677,ganga23@upi,1805.0,2026-07-29T04:09:00
9053036677,damini19@upi,290.0,2026-07-01T09:51:00
9053036677,advaysahota@upi,310.0,2026-07-06T06:18:00
9053036677,gaurichaudhuri@upi,2100.0,2026-08-29T22:45:00
9053036677,anmolthaker@upi,1450.0,2026-08-23T22:19:00
9738711379,balasubramanianvasana@upi,145.0,2026-08-12T20:43:00
9738711379,eganesh@upi,2635.0,2026-08-17T02:11:00
9738711379,tripathifrederick@upi,585.0,2026-07-03T13:02:00
9738711379,shroffosha@upi,1395.0,2026-07-07T04:51:00
9738711379,anshpal@upi,500.0,2026-07-26T13:11:00
9738711379,modyadvika@upi,620.0,2026-08-13T15:42:00
9738711379,upkaarpingle@upi,150.0,2026-07-12T22:33:00
9738711379,braranamika@upi,570.0,2026-08-02T07:24:00
9738711379,kadakiadayamai@upi,955.0,2026-08-09T00:32:00
9163673270,eesha30@upi,2620.0,2026-07-12T03:59:00
9163673270,hramanathan@upi,50.0,2026-08-07T16:58:00
9163673270,aachal27@upi,995.0,2026-08-02T07:25:00
9163673270,murtyradhika@upi,925.0,2026-08-19T04:19:00
9163673270,nazarethdamini@upi,140.0,2026-07-08T06:22:00
9163673270,yuvrajgupta@upi,40.0,2026-07-31T11:52:00
9163673270,saumya68@upi,1150.0,2026-07-29T09:35:00
9163673270,raksha03@upi,1225.0,2026-08-02T19:51:00
9163673270,bnaidu@upi,3015.0,2026-08-21T13:14:00
9163673270,bhanumatimunshi@upi,540.0,2026-08-19T06:22:00
9163673270,khoslaaditya@upi,660.0,2026-07-23T17:34:00
9163673270,samuel75@upi,905.0,2026-07-03T07:28:00
9200375438,kotaunni@upi,1895.0,2026-07-06T08:07:00
9200375438,hemallalla@upi,730.0,2026-08-02T17:29:00
9200375438,memonisaiah@upi,855.0,2026-07-13T10:19:00
9200375438,chanakyabala@upi,100.0,2026-07-13T04:34:00
9200375438,thakkarkamya@upi,455.0,2026-08-05T09:21:00
9200375438,ekalinga77@upi,105.0,2026-08-13T20:53:00
9200375438,ikbal30@upi,1075.0,2026-07-21T09:06:00
9200375438,brarelijah@upi,825.0,2026-08-17T00:37:00
9200375438,lborde@upi,240.0,2026-08-12T02:12:00
9200375438,chakrabartisamarth@upi,270.0,2026-07-02T01:48:00
9200375438,khannabalveer@upi,280.0,2026-08-02T19:44:00
9200375438,parsaayushman@upi,350.0,2026-08-03T01:34:00
9193547286,ndasgupta@upi,260.0,2026-07-13T02:40:00
9193547286,jatin98@upi,960.0,2026-08-20T04:49:00
9193547286,ldevi@upi,2860.0,2026-08-26T20:18:00
9193547286,vrinda42@upi,715.0,2026-07-28T14:50:00
9193547286,yahvisawhney@upi,320.0,2026-08-01T10:48:00
9193547286,gbose@upi,595.0,2026-07-29T12:01:00
9193547286,samraarunima@upi,395.0,2026-07-21T18:11:00
9193547286,agastya25@upi,250.0,2026-08-09T09:44:00
9193547286,keerabha@upi,480.0,2026-08-10T23:11:00
9193547286,chadwarinder@upi,60.0,2026-07-14T12:13:00
9193547286,yatankota@upi,145.0,2026-08-11T11:21:00
9193547286,patilzehaan@upi,180.0,2026-07-20T21:46:00
9193547286,uloke@upi,355.0,2026-08-06T03:03:00
9193547286,vigjairaj@upi,695.0,2026-07-07T19:42:00
9471958575,sekhonrachita@upi,350.0,2026-08-19T09:23:00
9471958575,kotaunni@upi,275.0,2026-08-21T19:13:00
9471958575,prasadpratyush@upi,285.0,2026-07-03T02:45:00
9471958575,gbose@upi,655.0,2026-08-29T00:50:00
9471958575,chakradharvarkey@upi,390.0,2026-07-26T08:20:00
9471958575,kala21@upi,605.0,2026-07-01T21:26:00
9471958575,eesharege@upi,2680.0,2026-07-26T10:47:00
9471958575,gangulybanjeet@upi,855.0,2026-07-31T16:12:00
9471958575,dashekavir@upi,690.0,2026-07-06T18:19:00
9471958575,jnarasimhan@upi,460.0,2026-08-03T00:04:00
9471958575,braranamika@upi,730.0,2026-08-25T03:52:00
9471958575,igarg@upi,700.0,2026-07-22T11:52:00
9471958575,shansuhani@upi,940.0,2026-07-18T08:19:00
9801970920,sachi68@upi,170.0,2026-08-08T08:28:00
9801970920,sachi68@upi,585.0,2026-08-19T00:38:00
9801970920,bgrover@upi,70.0,2026-07-09T19:25:00
9801970920,bhanumatimunshi@upi,540.0,2026-07-25T06:59:00
9801970920,rayekantika@upi,445.0,2026-08-18T06:09:00
9801970920,yashbath@upi,950.0,2026-07-09T17:54:00
9801970920,wrideshsengupta@upi,365.0,2026-07-20T08:24:00
9801970920,ramjonathan@upi,125.0,2026-07-13T23:41:00
9801970920,anusha49@upi,605.0,2026-08-26T04:27:00
9801970920,vamakshi87@upi,1380.0,2026-07-05T03:08:00
9801970920,shansuhani@upi,885.0,2026-08-19T02:29:00
9801970920,eesharege@upi,325.0,2026-07-06T03:32:00
9801970920,modysai@upi,1600.0,2026-07-10T05:38:00
9801970920,devika50@upi,825.0,2026-08-17T14:48:00
9801970920,kapurayaan@upi,480.0,2026-08-02T20:28:00
9801970920,anaybassi@upi,205.0,2026-08-14T01:33:00
9801970920,subramaniantheodore@upi,750.0,2026-08-09T16:31:00
9801970920,omkaarsundaram@upi,7420.0,2026-07-13T03:38:00
9801970920,riasuresh@upi,845.0,2026-08-17T06:51:00
9801970920,zpall@upi,1985.0,2026-07-01T13:32:00
9153514440,bamble@upi,425.0,2026-08-08T12:07:00
9153514440,advaysahota@upi,680.0,2026-08-22T05:44:00
9153514440,krishna04@upi,1465.0,2026-08-16T12:13:00
9153514440,nattshaurya@upi,60.0,2026-07-11T03:06:00
9153514440,shaharish@upi,395.0,2026-07-17T04:54:00
9153514440,hsagar@upi,835.0,2026-07-26T13:32:00
9153514440,bkanda@upi,1780.0,2026-08-25T16:29:00
9153514440,palanekaraj@upi,590.0,2026-07-18T00:38:00
9153514440,chakradharvarkey@upi,290.0,2026-08-07T06:10:00
9153514440,nshankar@upi,790.0,2026-07-15T15:55:00
9153514440,dsridhar@upi,605.0,2026-07-24T11:56:00
9153514440,khoslaaditya@upi,55.0,2026-08-20T11:50:00
9153514440,chadwarinder@upi,530.0,2026-08-16T22:11:00
9153514440,hmodi@upi,275.0,2026-08-26T00:30:00
9153514440,murtyradhika@upi,360.0,2026-08-19T18:01:00
9153514440,adya21@upi,9160.0,2026-07-24T21:51:00
9153514440,vrinda42@upi,1600.0,2026-07-10T04:50:00
9153514440,upkaarpingle@upi,510.0,2026-07-21T15:35:00
9153514440,alexander82@upi,425.0,2026-08-22T05:25:00
9153514440,keerpeter@upi,1465.0,2026-07-21T07:14:00
9462913511,aachal27@upi,230.0,2026-08-11T15:35:00
9462913511,jonathankhare@upi,410.0,2026-08-22T05:24:00
9462913511,brarelijah@upi,1780.0,2026-08-05T06:07:00
9462913511,ikbal30@upi,295.0,2026-07-11T15:33:00
9462913511,raksha36@upi,2200.0,2026-07-14T02:42:00
9462913511,braranamika@upi,2120.0,2026-08-20T12:57:00
9462913511,hmodi@upi,400.0,2026-08-26T05:35:00
9462913511,christopher87@upi,145.0,2026-07-02T04:16:00
9462913511,dhawannicholas@upi,65.0,2026-08-19T14:38:00
9257827965,yashicakapur@upi,3165.0,2026-08-10T09:07:00
9257827965,raudalbir@upi,480.0,2026-07-29T08:53:00
9257827965,mitali95@upi,750.0,2026-07-22T13:52:00
9257827965,indiraravi@upi,780.0,2026-08-20T07:59:00
9257827965,paiamara@upi,195.0,2026-07-26T05:31:00
9257827965,dtaneja@upi,625.0,2026-07-15T16:01:00
9257827965,modysai@upi,450.0,2026-07-03T04:25:00
9257827965,zbaral@upi,1325.0,2026-08-20T04:36:00
9257827965,dsridhar@upi,1135.0,2026-08-24T06:28:00
9257827965,yaminirout@upi,1285.0,2026-08-26T15:41:00
9257827965,sratti@upi,380.0,2026-08-23T07:38:00
9257827965,manthan74@upi,240.0,2026-08-10T19:10:00
9257827965,baghyawatikar@upi,1030.0,2026-07-17T15:45:00
9257827965,urishilla62@upi,230.0,2026-07-28T15:32:00
9257827965,gardejagrati@upi,175.0,2026-08-18T00:48:00
9391686645,palanekaraj@upi,65.0,2026-07-14T03:59:00
9391686645,yaminirout@upi,1205.0,2026-07-13T14:25:00
9391686645,raudalbir@upi,130.0,2026-08-26T01:50:00
9391686645,dugarfaqid@upi,925.0,2026-07-03T23:31:00
9391686645,avni81@upi,1255.0,2026-08-05T01:17:00
9391686645,nitesh70@upi,560.0,2026-08-24T10:49:00
9391686645,ndasgupta@upi,50.0,2026-07-04T13:45:00
9391686645,krishna04@upi,675.0,2026-08-28T20:46:00
9391686645,gollatejas@upi,1255.0,2026-08-06T07:05:00
9904845915,osarma@upi,1070.0,2026-08-15T12:11:00
9904845915,keerabha@upi,800.0,2026-07-20T22:53:00
9904845915,chavvi07@upi,775.0,2026-07-17T15:56:00
9904845915,nachiket67@upi,370.0,2026-08-12T08:30:00
9904845915,girindra52@upi,165.0,2026-07-11T13:53:00
9904845915,ramanathannirja@upi,215.0,2026-07-16T13:03:00
9904845915,gbansal@upi,255.0,2026-07-20T01:26:00
9904845915,chanakyabala@upi,1820.0,2026-08-11T23:29:00
9904845915,warhi15@upi,1350.0,2026-08-08T16:43:00
9904845915,krishmishra@upi,5065.0,2026-07-01T12:38:00
9904845915,eranganathan@upi,100.0,2026-07-02T15:01:00
9904845915,vasatikazachariah@upi,235.0,2026-08-16T23:19:00
9323687193,yoshitabatra@upi,315.0,2026-07-23T14:13:00
9323687193,anshborah@upi,1420.0,2026-07-30T23:43:00
9323687193,regesaanvi@upi,465.0,2026-08-02T00:47:00
9323687193,deoldevansh@upi,2025.0,2026-08-09T04:26:00
9323687193,bkanda@upi,1160.0,2026-08-09T16:53:00
9323687193,ssaxena@upi,2090.0,2026-07-06T23:25:00
9323687193,abhiram75@upi,1645.0,2026-08-29T20:10:00
9213297993,janinisha@upi,860.0,2026-07-12T04:42:00
9213297993,ocherian@upi,175.0,2026-07-29T02:19:00
9213297993,david08@upi,70.0,2026-07-25T18:17:00
9213297993,ganesanhitesh@upi,240.0,2026-07-12T02:51:00
9213297993,ikibe@upi,195.0,2026-07-20T01:07:00
9213297993,priyanatt@upi,1575.0,2026-07-14T04:49:00
9213297993,vyanjanabuch@upi,315.0,2026-07-22T11:32:00
9213297993,jhalakperi@upi,545.0,2026-07-16T18:35:00
9213297993,modyfalguni@upi,220.0,2026-08-26T01:55:00
9213297993,braranamika@upi,130.0,2026-08-30T07:01:00
9213297993,rdayal@upi,115.0,2026-08-15T14:34:00
9217455501,eganesh@upi,415.0,2026-07-14T11:42:00
9217455501,chakrabartisamarth@upi,1185.0,2026-08-25T10:39:00
9217455501,schander@upi,280.0,2026-07-22T03:55:00
9217455501,ishita92@upi,200.0,2026-07-23T02:11:00
9217455501,upkaar31@upi,590.0,2026-07-12T18:30:00
9217455501,kalavarenya@upi,435.0,2026-07-21T22:59:00
9217455501,parsaayushman@upi,185.0,2026-08-18T22:10:00
9217455501,rsarma@upi,1045.0,2026-07-03T05:21:00
9217455501,isharattan@upi,1850.0,2026-07-31T15:39:00
9854947319,chadwarinder@upi,775.0,2026-07-20T13:25:00
9854947319,rakshaborah@upi,65.0,2026-07-28T23:05:00
9854947319,zachariachasmum@upi,330.0,2026-08-25T04:48:00
9854947319,dnori@upi,125.0,2026-08-03T04:01:00
9854947319,vyanjanabuch@upi,1330.0,2026-08-29T05:05:00
9854947319,balvan95@upi,605.0,2026-08-03T02:01:00
9854947319,yahvitailor@upi,90.0,2026-07-30T02:37:00
9103825652,edhithaacharya@upi,1610.0,2026-07-22T02:13:00
9103825652,geraamara@upi,260.0,2026-07-19T06:25:00
9103825652,nchawla@upi,375.0,2026-07-18T09:36:00
9103825652,vivaanhora@upi,75.0,2026-07-29T18:11:00
9103825652,balvan95@upi,55.0,2026-08-30T08:07:00
9103825652,dhawannicholas@upi,175.0,2026-08-22T04:20:00
9103825652,jhabhavya@upi,435.0,2026-08-19T09:30:00
9103825652,iyerojasvi@upi,235.0,2026-07-13T04:40:00
9103825652,yuvraj24@upi,190.0,2026-08-06T08:49:00
9103825652,facharya@upi,2120.0,2026-08-26T12:25:00
9103825652,udarshdhillon@upi,1025.0,2026-07-19T17:45:00
9103825652,priyanatt@upi,3580.0,2026-08-07T10:54:00
9103825652,bosexalak@upi,165.0,2026-07-23T13:58:00
9103825652,tamanna27@upi,480.0,2026-08-14T13:47:00
9103825652,ekaraj32@upi,500.0,2026-07-12T12:33:00
9103825652,ikibe@upi,205.0,2026-08-23T10:59:00
9103825652,ocherian@upi,1505.0,2026-07-05T23:49:00
9103825652,brinda27@upi,3170.0,2026-07-27T07:38:00
9103825652,kiaan93@upi,315.0,2026-08-22T17:51:00
9103825652,girishwali@upi,4620.0,2026-07-04T15:50:00
9103825652,janinisha@upi,2775.0,2026-08-22T09:28:00
9103825652,aviparmer@upi,1320.0,2026-07-03T15:11:00
9103825652,ldara@upi,550.0,2026-08-07T09:34:00
9218695154,kkrishnamurthy@upi,540.0,2026-08-03T04:23:00
9218695154,saide@upi,3315.0,2026-07-14T15:09:00
9218695154,thamansamarth@upi,65.0,2026-07-21T15:06:00
9218695154,qabil75@upi,225.0,2026-08-20T09:44:00
9218695154,rchaudhary@upi,1310.0,2026-07-10T09:27:00
9218695154,ahujaazaan@upi,115.0,2026-08-15T22:28:00
9218695154,sai41@upi,295.0,2026-07-09T21:11:00
9487170800,sahaavni@upi,1340.0,2026-08-23T09:37:00
9487170800,uvasa@upi,3865.0,2026-07-25T10:23:00
9487170800,zbaral@upi,240.0,2026-08-26T14:47:00
9487170800,qramanathan@upi,1445.0,2026-07-17T16:25:00
9487170800,thakkarkamya@upi,735.0,2026-08-22T09:20:00
9487170800,garderiya@upi,630.0,2026-08-09T06:15:00
9487170800,turvi76@upi,555.0,2026-08-29T01:08:00
9487170800,anmolthaker@upi,50.0,2026-07-08T06:54:00
9487170800,nshankar@upi,915.0,2026-07-05T10:37:00
9487170800,rakshaborah@upi,1700.0,2026-08-21T05:18:00
9343802201,yatin82@upi,1800.0,2026-08-16T05:12:00
9343802201,bhanumatimunshi@upi,605.0,2026-07-01T12:06:00
9343802201,samraakshay@upi,315.0,2026-07-14T08:00:00
9343802201,vamakshi87@upi,855.0,2026-07-14T13:35:00
9343802201,dhruvde@upi,275.0,2026-08-11T07:19:00
9343802201,gollatejas@upi,115.0,2026-08-28T05:57:00
9175658769,raidhruv@upi,370.0,2026-08-09T06:44:00
9175658769,samuel75@upi,305.0,2026-07-30T23:43:00
9175658769,nirja02@upi,1215.0,2026-07-28T15:19:00
9175658769,panchalzinal@upi,395.0,2026-08-14T19:33:00
9175658769,bhaktakrisha@upi,670.0,2026-07-20T01:07:00
9175658769,pbir@upi,580.0,2026-07-17T01:49:00
9175658769,wsolanki@upi,150.0,2026-07-23T16:13:00
9175658769,abhachatterjee@upi,230.0,2026-07-07T11:38:00
9175658769,sundernitara@upi,405.0,2026-07-20T15:37:00
9175658769,hsagar@upi,500.0,2026-07-13T18:28:00
9175658769,garimagolla@upi,2005.0,2026-08-29T18:43:00
9892098543,dubeykaran@upi,415.0,2026-07-09T00:20:00
9892098543,adyajain@upi,8165.0,2026-07-22T14:54:00
9892098543,krishnadin@upi,1620.0,2026-07-26T06:50:00
9892098543,rnath@upi,2040.0,2026-08-10T18:53:00
9892098543,ikbal30@upi,230.0,2026-08-15T15:25:00
9892098543,bhaktakrisha@upi,1225.0,2026-07-01T20:31:00
9892098543,parikhucchal@upi,100.0,2026-08-25T08:17:00
9892098543,yashasvi16@upi,615.0,2026-08-13T20:18:00
9892098543,jhabhavya@upi,230.0,2026-08-12T03:56:00
9892098543,shroffosha@upi,2020.0,2026-08-24T06:52:00
9892098543,eganesh@upi,990.0,2026-07-25T07:10:00
9892098543,ipandit@upi,1235.0,2026-08-14T17:16:00
9432473370,dharnathaniel@upi,375.0,2026-07-05T20:59:00
9432473370,bhanumatimunshi@upi,460.0,2026-08-21T12:17:00
9432473370,kadejalsa@upi,435.0,2026-08-02T11:48:00
9432473370,parikhucchal@upi,1660.0,2026-07-10T05:15:00
9432473370,tripathifrederick@upi,170.0,2026-08-23T15:10:00
9432473370,asinghal@upi,380.0,2026-07-24T13:27:00
9432473370,urishilla62@upi,2170.0,2026-08-15T08:44:00
9432473370,charvi52@upi,510.0,2026-08-16T03:56:00
9432473370,qsinghal@upi,45.0,2026-07-23T20:29:00
9432473370,garariya@upi,815.0,2026-08-17T08:30:00
9432473370,dhruv18@upi,480.0,2026-08-25T09:29:00
9432473370,ishwar88@upi,3155.0,2026-07-21T21:24:00
9432473370,vasahenry@upi,340.0,2026-07-07T06:27:00
9432473370,forum60@upi,105.0,2026-08-13T08:22:00
9432473370,balvan95@upi,190.0,2026-08-16T02:27:00
9992023872,anshpal@upi,245.0,2026-08-07T07:42:00
9992023872,falan01@upi,240.0,2026-07-15T10:05:00
9992023872,anvi70@upi,470.0,2026-08-20T20:33:00
9992023872,anmol24@upi,330.0,2026-08-17T08:57:00
9992023872,advik18@upi,1395.0,2026-07-03T06:20:00
9992023872,fsibal@upi,295.0,2026-07-07T11:08:00
9992023872,ijaya67@upi,130.0,2026-07-18T11:08:00
9992023872,mgoyal@upi,800.0,2026-07-03T05:50:00
9992023872,eranganathan@upi,720.0,2026-08-25T11:28:00
9992023872,tparmar@upi,860.0,2026-08-13T11:25:00
9992023872,sai41@upi,145.0,2026-07-04T03:16:00
9992023872,vigjairaj@upi,260.0,2026-08-27T11:55:00
9992023872,enagar@upi,655.0,2026-07-22T23:03:00
9992023872,achahal@upi,1165.0,2026-07-16T02:34:00
9992023872,rbadami@upi,255.0,2026-08-02T10:52:00
9992023872,gardebalveer@upi,305.0,2026-07-23T19:07:00
9992023872,raidhruv@upi,480.0,2026-08-14T20:43:00
9915684975,sachi68@upi,275.0,2026-08-09T18:38:00
9915684975,dseshadri@upi,5440.0,2026-08-01T20:14:00
9915684975,dadachakradhar@upi,635.0,2026-07-21T14:36:00
9915684975,wsolanki@upi,230.0,2026-07-29T20:56:00
9915684975,khoslaaditya@upi,1610.0,2026-08-19T14:41:00
9915684975,rpalla@upi,2980.0,2026-07-24T20:07:00
9915684975,forumdalia@upi,315.0,2026-07-17T04:29:00
9915684975,garimagolla@upi,100.0,2026-08-10T02:45:00
9915684975,pingleforum@upi,370.0,2026-07-30T12:53:00
9915684975,rishi55@upi,1320.0,2026-08-16T23:05:00
9915684975,shaharish@upi,1235.0,2026-07-14T12:18:00
9915684975,wablefaqid@upi,430.0,2026-08-26T03:35:00
9915684975,tanish97@upi,70.0,2026-07-12T01:03:00
9915684975,sanayadara@upi,1105.0,2026-07-17T05:23:00
9915684975,rdayal@upi,775.0,2026-07-04T08:14:00
9915684975,bamble@upi,510.0,2026-07-13T22:17:00
9915684975,falan01@upi,890.0,2026-07-11T07:21:00
9943604188,dkanda@upi,1210.0,2026-08-10T13:46:00
9943604188,baljiwan69@upi,445.0,2026-07-14T20:48:00
9943604188,falankata@upi,665.0,2026-08-03T04:58:00
9943604188,wsami@upi,1990.0,2026-08-28T20:28:00
9943604188,chandguneet@upi,485.0,2026-07-28T23:16:00
9943604188,dayamai85@upi,1585.0,2026-07-19T11:29:00
9943604188,rajagopalancharles@upi,480.0,2026-07-20T09:09:00
9943604188,jyoti18@upi,155.0,2026-08-10T02:17:00
9943604188,choudharysaanvi@upi,2600.0,2026-07-02T12:12:00
9943604188,harshdube@upi,240.0,2026-07-19T10:10:00
9943604188,priyanatt@upi,195.0,2026-07-21T09:35:00
9943604188,kmangat@upi,3375.0,2026-08-24T21:49:00
9169655864,atwalrajeshri@upi,180.0,2026-08-14T06:07:00
9169655864,chasmum65@upi,995.0,2026-07-31T15:10:00
9169655864,bhanumatimunshi@upi,25.0,2026-08-09T02:28:00
9169655864,ranaaahana@upi,460.0,2026-07-08T20:50:00
9169655864,rayekantika@upi,165.0,2026-08-27T07:14:00
9169655864,baljiwan69@upi,350.0,2026-08-27T19:03:00
9054186775,logannaidu@upi,265.0,2026-07-25T20:21:00
9054186775,dsridhar@upi,80.0,2026-08-15T13:59:00
9054186775,sachi68@upi,395.0,2026-07-17T05:14:00
9054186775,tparmar@upi,245.0,2026-07-05T09:49:00
9054186775,reyanshmenon@upi,4010.0,2026-07-04T13:39:00
9054186775,gangulybanjeet@upi,545.0,2026-08-02T05:57:00
9054186775,rgulati@upi,205.0,2026-07-17T08:07:00
9054186775,patelaadhya@upi,640.0,2026-07-18T04:11:00
9054186775,mannanryan@upi,2205.0,2026-07-05T10:40:00
9054186775,hmodi@upi,1670.0,2026-08-05T21:14:00
9054186775,osidhu@upi,3425.0,2026-07-05T00:33:00
9054186775,mkari@upi,140.0,2026-07-22T00:08:00
9750044653,amolpal@upi,495.0,2026-07-27T16:41:00
9750044653,wmannan@upi,3600.0,2026-08-28T10:25:00
9750044653,dnadkarni@upi,1045.0,2026-07-30T15:00:00
9750044653,dseshadri@upi,1390.0,2026-08-29T13:20:00
9750044653,brijesh10@upi,630.0,2026-07-17T23:06:00
9750044653,bamble@upi,95.0,2026-08-09T20:09:00
9750044653,mitali95@upi,1320.0,2026-07-05T07:13:00
9750044653,ganga23@upi,490.0,2026-07-12T11:21:00
9750044653,tjha@upi,600.0,2026-08-21T20:19:00
9750044653,alexander71@upi,3575.0,2026-08-12T01:29:00
9750044653,ambleliam@upi,455.0,2026-07-13T00:08:00
9750044653,ladanthony@upi,720.0,2026-07-14T09:48:00
9031225357,manyathakur@upi,1680.0,2026-07-17T02:51:00
9031225357,ogupta@upi,335.0,2026-08-27T02:17:00
9031225357,ektachand@upi,930.0,2026-08-19T13:46:00
9031225357,kashvimahajan@upi,245.0,2026-07-24T11:14:00
9031225357,ansh65@upi,1895.0,2026-07-20T20:00:00
9031225357,balasubramanianvasana@upi,730.0,2026-08-04T08:55:00
9190777522,banerjeerayaan@upi,2065.0,2026-07-11T05:32:00
9190777522,jnarasimhan@upi,1825.0,2026-07-27T17:05:00
9190777522,banjeet07@upi,890.0,2026-08-25T10:12:00
9190777522,aayush88@upi,2250.0,2026-08-25T02:51:00
9190777522,aachal27@upi,645.0,2026-08-20T05:55:00
9190777522,teerthhalder@upi,285.0,2026-08-09T19:57:00
9190777522,prakashbhanumati@upi,200.0,2026-08-14T03:24:00
9190777522,jsura@upi,430.0,2026-07-24T08:23:00
9190777522,shroffsachi@upi,1600.0,2026-08-06T08:55:00
9190777522,aryanadig@upi,2065.0,2026-08-12T21:32:00
9190777522,gadejairaj@upi,590.0,2026-07-21T07:35:00
9190777522,sankaranvarsha@upi,2555.0,2026-07-18T17:17:00
9190777522,girindra52@upi,1375.0,2026-07-10T10:26:00
9459563596,rnath@upi,1840.0,2026-08-05T20:49:00
9459563596,bgrover@upi,5330.0,2026-08-21T06:43:00
9459563596,reyanshmenon@upi,265.0,2026-08-14T09:22:00
9459563596,mayasuri@upi,535.0,2026-07-23T05:28:00
9459563596,balvan90@upi,520.0,2026-08-12T13:00:00
9459563596,yashawini25@upi,210.0,2026-08-12T06:00:00
9459563596,bhavini64@upi,8145.0,2026-07-24T21:09:00
9459563596,rkant@upi,1170.0,2026-07-24T17:16:00
9459563596,ubika99@upi,345.0,2026-07-31T12:18:00
9459563596,brinda39@upi,1655.0,2026-07-04T06:42:00
9459563596,yatan39@upi,355.0,2026-08-10T08:04:00
9459563596,memonisaiah@upi,2120.0,2026-07-20T02:16:00
9459563596,ikaul@upi,175.0,2026-08-04T15:48:00
9892195305,bhavini64@upi,210.0,2026-08-11T18:43:00
9892195305,garariya@upi,670.0,2026-07-26T10:55:00
9892195305,chadwarinder@upi,655.0,2026-07-24T20:09:00
9892195305,widisharamaswamy@upi,1340.0,2026-08-24T10:03:00
9892195305,saumya98@upi,1630.0,2026-07-27T15:04:00
9892195305,zbajwa@upi,470.0,2026-07-14T02:19:00
9892195305,mkota@upi,285.0,2026-08-26T00:49:00
9892195305,ikaul@upi,1205.0,2026-07-02T09:00:00
9892195305,aryanadig@upi,55.0,2026-07-09T17:20:00
9892195305,dhruvde@upi,1000.0,2026-07-19T16:43:00
9892195305,banerjeerayaan@upi,1325.0,2026-08-08T10:22:00
9892195305,devika50@upi,380.0,2026-08-19T08:22:00
9130186709,bachittar25@upi,175.0,2026-07-29T03:59:00
9130186709,ekaraj32@upi,205.0,2026-08-04T00:14:00
9130186709,rpathak@upi,345.0,2026-07-23T17:18:00
9130186709,ramachandranvasana@upi,780.0,2026-08-14T19:15:00
9130186709,dattabhavna@upi,3385.0,2026-07-03T09:41:00
9130186709,aayush24@upi,1460.0,2026-08-20T05:11:00
9336062305,nnarayan@upi,200.0,2026-08-29T18:23:00
9336062305,bgrover@upi,210.0,2026-08-23T12:10:00
9336062305,gayathri42@upi,1170.0,2026-07-15T16:57:00
9336062305,eesha30@upi,1090.0,2026-08-07T16:44:00
9336062305,riya01@upi,3870.0,2026-07-16T06:00:00
9336062305,riya85@upi,2650.0,2026-07-19T05:51:00
9336062305,ikapoor@upi,760.0,2026-07-22T13:45:00
9336062305,zashil00@upi,4730.0,2026-08-17T09:54:00
9336062305,unnatiwagle@upi,770.0,2026-08-18T16:56:00
9336062305,harrison85@upi,900.0,2026-08-24T23:43:00
9336062305,gardejagrati@upi,1110.0,2026-07-23T16:01:00
9336062305,abhiramvig@upi,425.0,2026-08-01T08:11:00
9065301484,dayamaidoctor@upi,185.0,2026-07-23T09:48:00
9065301484,logan71@upi,795.0,2026-07-10T20:59:00
9065301484,hvenkataraman@upi,650.0,2026-08-24T09:06:00
9065301484,deshpandeniharika@upi,745.0,2026-08-10T15:23:00
9065301484,jacksonbalan@upi,540.0,2026-07-01T17:10:00
9065301484,aryanadig@upi,2220.0,2026-07-10T21:57:00
9065301484,tanvi78@upi,490.0,2026-08-23T04:15:00
9065301484,geraamara@upi,385.0,2026-08-02T15:25:00
9065301484,gadejairaj@upi,390.0,2026-08-29T02:49:00
9065301484,yatankota@upi,175.0,2026-08-05T08:04:00
9833592143,waida55@upi,335.0,2026-08-20T09:33:00
9833592143,kalahredhaan@upi,170.0,2026-07-05T02:03:00
9833592143,vsehgal@upi,100.0,2026-07-01T21:47:00
9833592143,amolpal@upi,185.0,2026-07-21T03:52:00
9833592143,bhaktakrisha@upi,410.0,2026-07-03T08:30:00
9833592143,ahujaazaan@upi,535.0,2026-07-21T23:38:00
9833592143,yashasvi16@upi,140.0,2026-08-01T16:12:00
9597685625,ykapur@upi,825.0,2026-07-17T10:57:00
9597685625,ijayawason@upi,180.0,2026-07-08T20:09:00
9597685625,gollatejas@upi,6695.0,2026-07-10T06:44:00
9597685625,balakrishnanyamini@upi,890.0,2026-07-26T00:45:00
9597685625,brarelijah@upi,190.0,2026-08-07T06:05:00
9597685625,baljiwan69@upi,930.0,2026-07-21T13:19:00
9597685625,mannetejas@upi,715.0,2026-08-25T08:22:00
9597685625,zmajumdar@upi,105.0,2026-08-04T09:18:00
9067351927,sanayadara@upi,3945.0,2026-07-10T02:30:00
9067351927,smital@upi,285.0,2026-07-13T23:08:00
9067351927,jeremiahmemon@upi,210.0,2026-07-02T20:38:00
9067351927,matthew58@upi,4355.0,2026-07-09T09:35:00
9067351927,fbiswas@upi,310.0,2026-08-22T10:00:00
9067351927,gaurichaudhuri@upi,895.0,2026-07-15T02:35:00
9067351927,jalsa37@upi,690.0,2026-07-05T11:39:00
9067351927,jalsa37@upi,1095.0,2026-07-21T05:57:00
9067351927,saumya68@upi,215.0,2026-08-29T10:53:00
9067351927,gangulybanjeet@upi,3340.0,2026-07-14T00:07:00
9067351927,ramanathannirja@upi,605.0,2026-08-18T11:46:00
9067351927,shauryanagarajan@upi,160.0,2026-08-17T06:00:00
9081392335,mkari@upi,395.0,2026-08-24T18:24:00
9081392335,xraman@upi,615.0,2026-07-03T20:02:00
9081392335,nirja02@upi,345.0,2026-07-27T06:09:00
9081392335,adyajain@upi,350.0,2026-08-28T01:26:00
9081392335,anshpal@upi,2545.0,2026-08-08T14:40:00
9081392335,gbansal@upi,860.0,2026-07-24T16:20:00
9081392335,munizehaan@upi,240.0,2026-08-22T00:11:00
9081392335,rmadan@upi,630.0,2026-08-18T02:01:00
9081392335,jatin98@upi,910.0,2026-07-17T20:15:00
9081392335,anthonybhasin@upi,985.0,2026-07-12T06:29:00
9898508685,atwalrajeshri@upi,155.0,2026-08-29T12:52:00
9898508685,niharikabhat@upi,340.0,2026-08-14T23:45:00
9898508685,karanlibni@upi,955.0,2026-07-19T08:51:00
9898508685,vsane@upi,375.0,2026-07-24T23:17:00
9898508685,brinda27@upi,155.0,2026-08-02T12:56:00
9898508685,ekalinga77@upi,165.0,2026-07-01T17:33:00
9898508685,charvi52@upi,185.0,2026-08-30T05:46:00
9898508685,desaianusha@upi,545.0,2026-08-11T02:00:00
9898508685,parikhucchal@upi,1740.0,2026-07-16T01:13:00
9898508685,dhawanbishakha@upi,1190.0,2026-08-18T20:46:00
9026954613,aryanadig@upi,1575.0,2026-08-16T09:37:00
9026954613,dhruv18@upi,3760.0,2026-08-06T20:56:00
9026954613,tchawla@upi,1210.0,2026-08-13T04:27:00
9026954613,sai41@upi,440.0,2026-08-07T19:18:00
9026954613,ogupta@upi,245.0,2026-08-20T07:08:00
9026954613,eesha30@upi,1995.0,2026-08-19T04:30:00
9026954613,thakkarkamya@upi,155.0,2026-07-16T15:26:00
9026954613,sraval@upi,3455.0,2026-07-26T00:48:00
9026954613,jai68@upi,1010.0,2026-07-04T15:12:00
9026954613,chakradhar97@upi,375.0,2026-07-21T00:00:00
9026954613,chandguneet@upi,1265.0,2026-07-24T09:40:00
9026954613,memonisaiah@upi,920.0,2026-08-12T05:42:00
9026954613,shansuhani@upi,765.0,2026-08-17T17:48:00
9026954613,matthewlata@upi,2065.0,2026-08-18T13:27:00
9865140121,guhaurishilla@upi,400.0,2026-07-28T14:14:00
9865140121,shansuhani@upi,665.0,2026-07-09T17:08:00
9865140121,garariya@upi,610.0,2026-07-31T00:31:00
9865140121,mangatdhruv@upi,410.0,2026-07-11T18:55:00
9865140121,bhavna58@upi,310.0,2026-07-23T01:57:00
9865140121,ukhurana@upi,365.0,2026-07-30T20:35:00
9865140121,nitara56@upi,7670.0,2026-08-18T06:21:00
9865140121,balansai@upi,1630.0,2026-08-09T20:01:00
9865140121,dhruvde@upi,300.0,2026-08-09T17:01:00
9865140121,adyajain@upi,390.0,2026-07-18T14:44:00
9805634296,uvasa@upi,940.0,2026-08-03T10:59:00
9805634296,vigjairaj@upi,2610.0,2026-07-05T21:10:00
9805634296,panchalzinal@upi,1075.0,2026-08-05T20:16:00
9805634296,vdugar@upi,3420.0,2026-08-28T17:55:00
9805634296,anmolthaker@upi,315.0,2026-08-01T00:32:00
9805634296,janakibarman@upi,1160.0,2026-08-16T21:08:00
9805634296,omkaarsundaram@upi,400.0,2026-07-05T20:41:00
9805634296,dharnathaniel@upi,185.0,2026-07-19T21:38:00
9601311183,lnarain@upi,985.0,2026-08-03T05:48:00
9601311183,sahaavni@upi,425.0,2026-08-14T06:06:00
9601311183,ansh65@upi,260.0,2026-07-13T06:47:00
9601311183,jagvi39@upi,1720.0,2026-08-21T00:41:00
9601311183,jonathankhare@upi,620.0,2026-08-10T14:36:00
9601311183,xmukhopadhyay@upi,45.0,2026-07-31T18:15:00
9601311183,krishmishra@upi,545.0,2026-07-09T08:41:00
9601311183,rishi55@upi,415.0,2026-07-01T23:21:00
9601311183,yoshitabatra@upi,155.0,2026-08-24T21:23:00
9601311183,gardedipta@upi,775.0,2026-08-15T22:08:00
9601311183,aviparmer@upi,240.0,2026-07-10T12:14:00
9350335680,goledeepa@upi,160.0,2026-08-17T04:10:00
9350335680,jchakrabarti@upi,590.0,2026-07-20T12:10:00
9350335680,aamble@upi,1355.0,2026-08-04T03:53:00
9350335680,girishwali@upi,8020.0,2026-07-26T06:39:00
9350335680,alexander71@upi,260.0,2026-07-24T23:00:00
9350335680,aviparmer@upi,1520.0,2026-07-23T08:23:00
9350335680,xkara@upi,70.0,2026-07-31T10:42:00
9350335680,ocherian@upi,1415.0,2026-07-25T20:18:00
9350335680,raksha36@upi,110.0,2026-07-06T03:30:00
9350335680,sagarnathan@upi,1655.0,2026-07-25T19:31:00
9350335680,niharikabhat@upi,890.0,2026-07-17T08:48:00
9350335680,bishakha20@upi,850.0,2026-07-22T10:32:00
9350335680,alkachahal@upi,2040.0,2026-07-14T07:01:00
9350335680,akshay45@upi,375.0,2026-07-13T05:44:00
9350335680,kadakiadayamai@upi,680.0,2026-08-15T18:32:00
9350335680,indiraravi@upi,105.0,2026-08-22T18:03:00
9350335680,ikalita@upi,785.0,2026-08-13T06:55:00
9735076512,qsinghal@upi,735.0,2026-08-15T16:16:00
9735076512,desaianusha@upi,150.0,2026-08-26T06:11:00
9735076512,yashasvi16@upi,595.0,2026-08-24T07:13:00
9735076512,fbiswas@upi,1090.0,2026-07-28T02:15:00
9735076512,dhriti23@upi,1905.0,2026-07-18T00:24:00
9735076512,atwalrajeshri@upi,165.0,2026-08-23T06:27:00
9735076512,ikbal30@upi,165.0,2026-07-21T23:13:00
9328566276,ikshitaissac@upi,2545.0,2026-07-12T21:44:00
9328566276,mohammedsavant@upi,195.0,2026-08-13T23:23:00
9328566276,tbhardwaj@upi,350.0,2026-07-21T20:47:00
9328566276,kalavarenya@upi,395.0,2026-08-28T11:19:00
9328566276,samraarunima@upi,520.0,2026-07-29T03:12:00
9328566276,abhachatterjee@upi,5950.0,2026-08-27T11:03:00
9328566276,luke99@upi,165.0,2026-08-15T08:11:00
9328566276,yashasvi16@upi,230.0,2026-08-17T11:13:00
9328566276,comarridhi@upi,1740.0,2026-07-04T05:50:00
9328566276,bhavna58@upi,580.0,2026-08-01T15:40:00
9328566276,borajagdish@upi,470.0,2026-08-27T11:27:00
9114542068,tripathifrederick@upi,1835.0,2026-07-02T15:50:00
9114542068,lekha01@upi,2400.0,2026-07-01T19:24:00
9114542068,gangulyupma@upi,2480.0,2026-07-21T04:58:00
9114542068,ubika99@upi,505.0,2026-07-16T12:23:00
9114542068,unnatiwagle@upi,735.0,2026-08-23T03:37:00
9114542068,zvora@upi,450.0,2026-07-31T17:49:00
9114542068,shankarkamala@upi,610.0,2026-07-08T20:08:00
9114542068,zagrawal@upi,1895.0,2026-07-16T19:15:00
9114542068,aggarwalgabriel@upi,2240.0,2026-08-02T08:53:00
9114542068,bhavna58@upi,595.0,2026-07-08T14:41:00
9114542068,ndasgupta@upi,165.0,2026-08-16T09:04:00
9258558771,jhabhavya@upi,1860.0,2026-08-13T22:15:00
9258558771,hemang56@upi,360.0,2026-08-17T03:02:00
9258558771,dhruvde@upi,1225.0,2026-07-21T09:56:00
9258558771,samakshshukla@upi,4075.0,2026-08-14T21:32:00
9258558771,nakul15@upi,1975.0,2026-07-14T21:51:00
9258558771,kmangat@upi,985.0,2026-08-20T01:33:00
9258558771,modysai@upi,530.0,2026-07-23T08:51:00
9258558771,balvan95@upi,405.0,2026-07-30T02:15:00
9258558771,yahvitailor@upi,400.0,2026-07-12T14:01:00
9258558771,aachal27@upi,70.0,2026-07-31T09:51:00
9258558771,wvarty@upi,205.0,2026-08-02T08:31:00
9258558771,aggarwalgabriel@upi,110.0,2026-08-28T15:34:00
9960574125,chavvi07@upi,430.0,2026-08-17T09:25:00
9960574125,khoslaaditya@upi,865.0,2026-08-26T06:57:00
9960574125,rakshaborah@upi,195.0,2026-08-06T07:37:00
9960574125,ikshitaissac@upi,830.0,2026-07-26T01:45:00
9960574125,wsami@upi,270.0,2026-07-15T00:09:00
9960574125,bajwamitali@upi,630.0,2026-08-13T08:53:00
9960574125,ldevi@upi,1225.0,2026-07-05T22:37:00
9375742874,pingleomaja@upi,830.0,2026-07-19T22:27:00
9375742874,sankaranvarsha@upi,640.0,2026-08-07T04:45:00
9375742874,comarridhi@upi,140.0,2026-07-17T10:09:00
9375742874,borajagdish@upi,260.0,2026-08-09T13:49:00
9375742874,gbansal@upi,310.0,2026-07-29T06:07:00
9375742874,bajwamitali@upi,365.0,2026-08-14T16:43:00
9375742874,pingleforum@upi,705.0,2026-07-27T13:23:00
9105343128,rpathak@upi,365.0,2026-07-03T09:47:00
9105343128,iyerojasvi@upi,740.0,2026-08-20T18:39:00
9105343128,neel66@upi,430.0,2026-08-24T21:49:00
9105343128,prakashbhanumati@upi,1545.0,2026-07-10T03:54:00
9105343128,gopal44@upi,1245.0,2026-08-04T01:52:00
9105343128,girindra52@upi,530.0,2026-08-08T06:56:00
9105343128,chakradharvarkey@upi,120.0,2026-08-11T04:24:00
9105343128,ranganathanhenry@upi,550.0,2026-08-16T19:37:00
9105343128,brinda39@upi,1835.0,2026-08-25T02:21:00
9105343128,xmitra@upi,185.0,2026-07-31T18:38:00
9105343128,chaitanyabuch@upi,2120.0,2026-08-10T09:58:00
9105343128,sbhavsar@upi,360.0,2026-08-04T01:37:00
9406454159,bhanumatimunshi@upi,490.0,2026-08-17T05:01:00
9406454159,vasatika07@upi,775.0,2026-07-13T20:36:00
9406454159,eesha30@upi,595.0,2026-08-17T19:01:00
9406454159,lsharma@upi,895.0,2026-07-20T05:49:00
9406454159,daveazaan@upi,4185.0,2026-08-08T13:54:00
9406454159,amolpal@upi,2570.0,2026-07-23T16:34:00
9406454159,mukhopadhyayjack@upi,1585.0,2026-07-30T14:07:00
9406454159,rbadami@upi,2145.0,2026-07-25T21:36:00
9406454159,bhavinimurthy@upi,160.0,2026-08-11T13:55:00
9406454159,kadakiadayamai@upi,2740.0,2026-07-26T20:19:00
9076549771,rajagopalancharles@upi,255.0,2026-08-22T08:14:00
9076549771,nandaaryan@upi,815.0,2026-08-02T16:08:00
9076549771,dkanda@upi,1235.0,2026-07-04T07:24:00
9076549771,samarthchokshi@upi,405.0,2026-07-28T11:50:00
9076549771,shivanibanik@upi,670.0,2026-08-15T15:08:00
9076549771,abhiramvig@upi,110.0,2026-08-23T16:56:00
9076549771,keyatripathi@upi,135.0,2026-08-28T11:03:00
9167649836,yashawini25@upi,1795.0,2026-08-10T23:50:00
9167649836,choudharysaanvi@upi,70.0,2026-07-27T18:53:00
9167649836,palanekaraj@upi,230.0,2026-07-01T22:08:00
9167649836,cherianinaya@upi,1095.0,2026-07-04T21:00:00
9167649836,kotaunni@upi,910.0,2026-07-07T17:55:00
9167649836,kala21@upi,80.0,2026-07-06T01:54:00
9167649836,ishaan67@upi,340.0,2026-07-22T20:08:00
9167649836,samraarunima@upi,725.0,2026-08-04T09:39:00
9167649836,keerpeter@upi,345.0,2026-08-08T15:51:00
9167649836,eesharege@upi,1710.0,2026-08-18T16:41:00
9167649836,rmadan@upi,325.0,2026-07-08T08:36:00
9167649836,surchakradhar@upi,185.0,2026-08-18T07:42:00
9347052967,khannabalveer@upi,155.0,2026-08-11T10:24:00
9347052967,jhalakperi@upi,730.0,2026-07-19T15:33:00
9347052967,matthewlata@upi,805.0,2026-07-03T23:25:00
9347052967,tparmar@upi,225.0,2026-07-07T20:06:00
9347052967,gabrieltak@upi,795.0,2026-07-29T18:12:00
9347052967,regesaanvi@upi,280.0,2026-08-06T06:41:00
9347052967,nnarayan@upi,555.0,2026-08-29T09:30:00
9347052967,bakhshi28@upi,700.0,2026-07-13T05:19:00
9974168056,garariya@upi,70.0,2026-08-15T11:25:00
9974168056,ssamra@upi,730.0,2026-07-16T17:07:00
9974168056,dayalviraj@upi,610.0,2026-08-07T22:04:00
9974168056,nitesh70@upi,1495.0,2026-08-27T06:55:00
9974168056,zagrawal@upi,2155.0,2026-07-26T11:46:00
9974168056,umang57@upi,500.0,2026-07-30T16:12:00
9974168056,hmodi@upi,1850.0,2026-07-07T08:50:00
9974168056,ramanathannirja@upi,25.0,2026-07-30T10:53:00
9974168056,anmol24@upi,1265.0,2026-08-11T04:00:00
9974168056,gardedipta@upi,835.0,2026-08-09T13:01:00
9974168056,ubika99@upi,110.0,2026-08-04T02:46:00
9602015781,ansh85@upi,155.0,2026-08-11T04:46:00
9602015781,chandanigade@upi,610.0,2026-08-10T06:06:00
9602015781,ndasgupta@upi,530.0,2026-07-30T07:51:00
9602015781,balansai@upi,2775.0,2026-07-04T02:54:00
9602015781,dadavrinda@upi,2135.0,2026-07-05T13:34:00
9602015781,dadavrinda@upi,2120.0,2026-07-20T01:07:00
9602015781,zdixit@upi,360.0,2026-08-23T12:09:00
9602015781,parsaayushman@upi,2480.0,2026-07-10T04:07:00
9602015781,qushimitra@upi,7240.0,2026-07-25T11:00:00
9602015781,yauvani39@upi,1345.0,2026-08-03T19:07:00
9602015781,comarridhi@upi,1115.0,2026-07-19T02:26:00
9265230098,tanish97@upi,445.0,2026-07-04T15:37:00
9265230098,urmigoswami@upi,765.0,2026-07-18T12:09:00
9265230098,tamanna27@upi,765.0,2026-08-18T19:37:00
9265230098,advaysahota@upi,410.0,2026-08-14T16:03:00
9265230098,abhiram75@upi,995.0,2026-07-17T18:03:00
9265230098,dattabhavna@upi,570.0,2026-08-14T10:09:00
9265230098,qedwin@upi,3570.0,2026-07-27T19:31:00
9265230098,balveer54@upi,175.0,2026-08-02T11:13:00
9265230098,galaisaac@upi,205.0,2026-07-03T15:39:00
9602138521,teerthhalder@upi,1185.0,2026-08-29T17:42:00
9602138521,jacksonbalan@upi,2475.0,2026-08-26T17:20:00
9602138521,rchaudhary@upi,1215.0,2026-08-22T06:04:00
9602138521,ishaan67@upi,740.0,2026-07-11T18:48:00
9602138521,dhruvde@upi,1745.0,2026-07-07T05:01:00
9602138521,bkanda@upi,1240.0,2026-08-29T02:23:00
9602138521,issacraksha@upi,185.0,2026-08-11T19:21:00
9602138521,murtyridhi@upi,635.0,2026-07-24T11:34:00
9602138521,dsridhar@upi,1145.0,2026-08-10T20:40:00
9602138521,qabil75@upi,660.0,2026-07-10T10:28:00
9274895219,agastya25@upi,2025.0,2026-07-07T12:57:00
9274895219,zayan77@upi,3665.0,2026-08-19T19:01:00
9274895219,alexander71@upi,300.0,2026-08-24T21:26:00
9274895219,mitali95@upi,225.0,2026-08-28T03:32:00
9274895219,dadachakradhar@upi,230.0,2026-07-03T03:05:00
9274895219,dhruv18@upi,485.0,2026-07-13T06:16:00
9274895219,duachakrika@upi,1080.0,2026-07-24T18:17:00
9819709768,tanish97@upi,100.0,2026-07-24T07:52:00
9819709768,aptemohammed@upi,930.0,2026-08-08T01:22:00
9819709768,qushi33@upi,2945.0,2026-07-15T09:39:00
9819709768,lghose@upi,1080.0,2026-07-11T20:26:00
9819709768,choudhurysanaya@upi,60.0,2026-08-24T08:37:00
9819709768,achahal@upi,165.0,2026-07-19T00:08:00
9819709768,urmigoswami@upi,955.0,2026-07-09T12:47:00
9911135766,pahalbhavsar@upi,235.0,2026-07-01T10:47:00
9911135766,brinda27@upi,1895.0,2026-07-12T12:49:00
9911135766,abhachatterjee@upi,185.0,2026-07-16T23:59:00
9911135766,ldara@upi,210.0,2026-08-15T03:41:00
9911135766,bamble@upi,360.0,2026-07-05T16:32:00
9911135766,xbobal@upi,3310.0,2026-08-01T02:17:00
9911135766,munigarima@upi,885.0,2026-07-23T19:13:00
9587463342,jai68@upi,1190.0,2026-08-07T03:48:00
9587463342,zayan77@upi,770.0,2026-07-27T12:36:00
9587463342,anikagopal@upi,235.0,2026-08-12T03:17:00
9587463342,dtripathi@upi,990.0,2026-08-02T06:48:00
9587463342,dtripathi@upi,885.0,2026-07-30T12:28:00
9587463342,ranveer60@upi,980.0,2026-07-03T03:44:00
9587463342,ishita92@upi,245.0,2026-08-19T01:04:00
9587463342,jacksonbalan@upi,240.0,2026-08-06T07:51:00
9587463342,qsinghal@upi,670.0,2026-07-05T19:58:00
9078522433,yaminibhatnagar@upi,430.0,2026-07-17T15:01:00
9078522433,oni66@upi,12045.0,2026-08-17T18:04:00
9078522433,udarshdhillon@upi,400.0,2026-08-19T20:00:00
9078522433,eesha30@upi,390.0,2026-08-08T06:52:00
9078522433,bachittar25@upi,480.0,2026-07-16T20:40:00
9078522433,gbansal@upi,25.0,2026-08-27T11:20:00
9078522433,kalavarenya@upi,2925.0,2026-08-04T14:54:00
9078522433,zpall@upi,745.0,2026-08-25T17:33:00
9078522433,jeremiahmemon@upi,365.0,2026-07-05T00:39:00
9078522433,aachal27@upi,195.0,2026-07-07T05:10:00
9078522433,chandguneet@upi,115.0,2026-07-31T16:28:00
9078522433,zbajwa@upi,410.0,2026-07-26T12:41:00
9078522433,anikagopal@upi,220.0,2026-08-03T02:02:00
9290181585,parikhucchal@upi,405.0,2026-07-13T01:20:00
9290181585,santzaid@upi,210.0,2026-08-10T06:59:00
9290181585,shroffosha@upi,530.0,2026-08-01T08:46:00
9290181585,wgarde@upi,580.0,2026-08-17T02:09:00
9290181585,priyanatt@upi,580.0,2026-07-17T05:14:00
9290181585,henrymenon@upi,840.0,2026-08-15T21:15:00
9290181585,dsridhar@upi,17325.0,2026-07-19T08:03:00
9290181585,yauvani39@upi,1185.0,2026-07-05T18:47:00
9290181585,gollatejas@upi,220.0,2026-08-29T12:59:00
9290181585,borajagdish@upi,775.0,2026-07-23T11:26:00
9705629519,galaisaac@upi,1020.0,2026-08-08T17:19:00
9705629519,wvarty@upi,200.0,2026-07-22T09:34:00
9705629519,gollatejas@upi,960.0,2026-07-21T03:48:00
9705629519,gopal44@upi,775.0,2026-07-06T10:38:00
9705629519,goledeepa@upi,830.0,2026-08-14T19:45:00
9705629519,darika92@upi,230.0,2026-08-11T07:45:00
9705629519,kalavarenya@upi,120.0,2026-08-05T01:27:00
9705629519,tamanna27@upi,1490.0,2026-07-26T20:39:00
9705629519,dtaneja@upi,2720.0,2026-07-01T22:32:00
9705629519,yahvisawhney@upi,285.0,2026-08-03T02:47:00
9983671609,chandanigade@upi,1915.0,2026-07-29T21:28:00
9983671609,krishmishra@upi,300.0,2026-07-06T15:15:00
9983671609,choudharysaanvi@upi,1345.0,2026-07-28T14:06:00
9983671609,vigjairaj@upi,890.0,2026-07-07T02:45:00
9983671609,shaharish@upi,950.0,2026-08-08T15:23:00
9983671609,rajagopalanvi@upi,535.0,2026-07-29T02:48:00
9983671609,kalavarenya@upi,770.0,2026-08-22T06:37:00
9983671609,gaurichaudhuri@upi,5220.0,2026-08-29T05:43:00
9983671609,samraarunima@upi,1330.0,2026-08-18T13:50:00
9983671609,aarnajohal@upi,1015.0,2026-07-19T20:33:00
9983671609,nshankar@upi,530.0,2026-07-03T21:16:00
9983671609,rayekantika@upi,245.0,2026-08-22T13:02:00
9983671609,jagat44@upi,240.0,2026-08-26T13:19:00
9983671609,jagvigoel@upi,445.0,2026-08-20T20:03:00
9707711861,shivanibanik@upi,1840.0,2026-07-24T23:58:00
9707711861,pingleomaja@upi,2060.0,2026-07-06T20:44:00
9707711861,wsami@upi,620.0,2026-08-02T03:12:00
9707711861,khannaekani@upi,585.0,2026-08-11T13:58:00
9707711861,jai68@upi,2620.0,2026-07-07T09:04:00
9707711861,ikibe@upi,425.0,2026-07-25T05:00:00
9707711861,banerjeerayaan@upi,100.0,2026-08-20T14:48:00
9707711861,chavvi07@upi,545.0,2026-08-22T20:48:00
9586592627,nicholas33@upi,195.0,2026-07-06T04:34:00
9586592627,nitara56@upi,320.0,2026-08-26T11:03:00
9586592627,kiaan93@upi,135.0,2026-07-02T12:24:00
9586592627,rpalla@upi,60.0,2026-07-12T18:28:00
9586592627,jagvigoel@upi,2090.0,2026-07-27T20:02:00
9586592627,dugarbishakha@upi,1320.0,2026-08-25T14:12:00
9586592627,deoldevansh@upi,910.0,2026-08-07T00:01:00
9586592627,devika43@upi,1360.0,2026-07-10T14:20:00
9586592627,riya01@upi,1000.0,2026-07-21T00:32:00
9586592627,shroffsachi@upi,560.0,2026-07-16T07:04:00
9586592627,jhabhavya@upi,1255.0,2026-07-29T02:48:00
9320016462,ranveer60@upi,885.0,2026-07-17T20:26:00
9320016462,vasahenry@upi,810.0,2026-08-24T15:45:00
9320016462,vamakshi87@upi,695.0,2026-08-14T17:18:00
9320016462,falan01@upi,1855.0,2026-08-09T21:01:00
9320016462,jai68@upi,2465.0,2026-08-23T06:45:00
9320016462,kpillai@upi,535.0,2026-07-07T10:22:00
9320016462,uvasa@upi,600.0,2026-08-24T23:51:00
9320016462,dharnathaniel@upi,575.0,2026-07-12T02:50:00
9320016462,alexander71@upi,445.0,2026-08-07T23:00:00
9320016462,chaitanyabuch@upi,1745.0,2026-07-16T23:06:00
9320016462,nandawakeeta@upi,735.0,2026-08-17T05:11:00
9320016462,shivanibanik@upi,320.0,2026-07-28T08:14:00
9320016462,chokshiisaac@upi,740.0,2026-07-04T18:26:00
9564099477,samakshshukla@upi,155.0,2026-08-23T13:18:00
9564099477,chadwarinder@upi,400.0,2026-07-28T07:37:00
9564099477,adya21@upi,690.0,2026-08-26T20:09:00
9564099477,kalahredhaan@upi,800.0,2026-07-22T05:15:00
9564099477,abhiram24@upi,4430.0,2026-08-29T02:55:00
9564099477,mangalikbal@upi,285.0,2026-07-20T17:03:00
9564099477,samraarunima@upi,540.0,2026-07-03T07:08:00
9564099477,yuvraj24@upi,845.0,2026-07-27T10:23:00
9770490673,prege@upi,220.0,2026-07-09T00:14:00
9770490673,daniel61@upi,360.0,2026-08-25T22:15:00
9770490673,munijasmit@upi,980.0,2026-08-28T03:17:00
9770490673,balveer54@upi,115.0,2026-08-09T21:39:00
9770490673,gardebalveer@upi,1535.0,2026-08-07T11:30:00
9770490673,jagvigoel@upi,1075.0,2026-08-21T12:08:00
9770490673,kkata@upi,190.0,2026-08-01T20:37:00
9770490673,guhaurishilla@upi,380.0,2026-07-29T00:16:00
9770490673,patelshivansh@upi,1290.0,2026-07-08T10:01:00
9279851207,nandaaryan@upi,260.0,2026-07-28T14:02:00
9279851207,riasuresh@upi,2975.0,2026-07-06T19:44:00
9279851207,vbhatnagar@upi,1265.0,2026-07-07T11:14:00
9279851207,kashvimahajan@upi,370.0,2026-08-19T16:57:00
9279851207,srinivasabeer@upi,840.0,2026-07-06T23:32:00
9111007715,mitraabdul@upi,805.0,2026-08-28T15:55:00
9111007715,deoldevansh@upi,215.0,2026-07-19T22:31:00
9111007715,ahegde@upi,1065.0,2026-07-04T17:31:00
9111007715,khoslaaditya@upi,640.0,2026-07-22T04:57:00
9111007715,avni81@upi,80.0,2026-08-10T06:39:00
9111007715,sagarnathan@upi,285.0,2026-08-10T10:37:00
9111007715,aarnajohal@upi,2095.0,2026-07-11T10:34:00
9111007715,patrickkuruvilla@upi,1560.0,2026-07-11T05:19:00
9111007715,logannaidu@upi,1535.0,2026-08-11T00:01:00
9111007715,daveazaan@upi,190.0,2026-07-19T09:04:00
9111007715,esrinivasan@upi,375.0,2026-08-29T02:51:00
9863248414,kkrishnamurthy@upi,2000.0,2026-08-28T06:52:00
9863248414,sachi68@upi,475.0,2026-07-04T10:49:00
9863248414,dtripathi@upi,1375.0,2026-07-11T03:43:00
9863248414,neelimabalay@upi,585.0,2026-07-18T18:21:00
9863248414,sbhavsar@upi,895.0,2026-07-22T14:12:00
9863248414,raudalbir@upi,315.0,2026-07-19T01:04:00
9863248414,pingleomaja@upi,1035.0,2026-08-04T21:19:00
9863248414,kalavarenya@upi,2190.0,2026-07-28T03:21:00
9863248414,gayathri23@upi,845.0,2026-07-19T13:47:00
9889801878,finalpoint.cashout@upi,25000.0,2026-08-25T14:04:00
9889801878,swiftcash.mule2@upi,22000.0,2026-08-25T14:03:00
9014685172,wvarty@upi,1435.0,2026-08-15T05:38:00
9014685172,ikshitaissac@upi,950.0,2026-07-14T10:08:00
9014685172,choudharysaanvi@upi,1120.0,2026-08-18T17:38:00
9014685172,murtyridhi@upi,450.0,2026-07-16T06:20:00
9014685172,murtyridhi@upi,1010.0,2026-08-13T21:13:00
9014685172,chokshiekaja@upi,240.0,2026-07-25T15:38:00
9014685172,muttizarna@upi,1185.0,2026-08-10T22:04:00
9014685172,omkaarsundaram@upi,710.0,2026-08-14T16:02:00
9014685172,tamanna27@upi,710.0,2026-08-01T05:56:00
9014685172,semteerth@upi,470.0,2026-08-08T18:38:00
9014685172,unnatiwagle@upi,145.0,2026-08-24T00:12:00
9014685172,parmeraahana@upi,4755.0,2026-07-31T21:53:00
9876475967,daveazaan@upi,375.0,2026-08-21T13:38:00
9876475967,nitara56@upi,110.0,2026-07-02T23:47:00
9876475967,ssamra@upi,155.0,2026-08-17T15:57:00
9876475967,pingleomaja@upi,185.0,2026-08-26T15:56:00
9876475967,lborde@upi,2740.0,2026-08-16T23:41:00
9876475967,dnori@upi,760.0,2026-08-19T06:20:00
9876475967,yahvitailor@upi,1335.0,2026-07-12T20:04:00
9485847011,yuvrajgupta@upi,660.0,2026-07-20T14:11:00
9485847011,ekaraj32@upi,335.0,2026-08-28T18:23:00
9485847011,alexander71@upi,130.0,2026-07-18T03:57:00
9485847011,deshpandeniharika@upi,425.0,2026-08-22T21:01:00
9485847011,tanish97@upi,150.0,2026-08-10T18:05:00
9485847011,balveer54@upi,1130.0,2026-07-04T03:21:00
9485847011,wardasoni@upi,1170.0,2026-08-11T15:35:00
9485847011,ektachand@upi,765.0,2026-07-21T08:37:00
9468692379,anshborah@upi,1830.0,2026-07-01T23:28:00
9468692379,samraakshay@upi,340.0,2026-07-17T18:23:00
9468692379,meghanakapur@upi,90.0,2026-08-18T01:15:00
9468692379,raghav60@upi,1105.0,2026-08-17T02:29:00
9468692379,samraarunima@upi,2980.0,2026-08-14T15:05:00
9468692379,shroffosha@upi,1185.0,2026-08-17T00:43:00
9468692379,jalsa37@upi,250.0,2026-07-28T07:28:00
9622739459,widisha49@upi,350.0,2026-07-17T07:16:00
9622739459,venkateshkrishna@upi,2105.0,2026-07-13T23:32:00
9622739459,raudalbir@upi,3220.0,2026-07-10T20:15:00
9622739459,modyadvika@upi,185.0,2026-08-02T11:09:00
9622739459,divya58@upi,405.0,2026-07-20T11:57:00
9622739459,nirja02@upi,355.0,2026-08-29T14:51:00
9622739459,nazarethdamini@upi,70.0,2026-07-31T11:03:00
9622739459,rbakshi@upi,1585.0,2026-07-27T06:00:00
9562679527,vaidyalogan@upi,305.0,2026-08-08T20:01:00
9562679527,muttizarna@upi,130.0,2026-07-07T11:05:00
9562679527,abhachatterjee@upi,1010.0,2026-08-21T00:20:00
9562679527,daniel61@upi,505.0,2026-07-07T23:29:00
9562679527,singhshaurya@upi,115.0,2026-07-30T07:30:00
9562679527,wsami@upi,80.0,2026-08-28T11:46:00
9562679527,ucchalganesh@upi,1055.0,2026-07-27T17:17:00
9562679527,hmodi@upi,450.0,2026-07-04T09:37:00
9562679527,choudharysaanvi@upi,555.0,2026-07-20T18:20:00
9562679527,shaharish@upi,645.0,2026-07-10T05:05:00
9562679527,lokeyochana@upi,50.0,2026-08-23T00:19:00
9021337833,munizehaan@upi,2660.0,2026-08-26T19:28:00
9021337833,kashvimahajan@upi,250.0,2026-07-20T05:19:00
9021337833,munijasmit@upi,1230.0,2026-07-05T08:04:00
9021337833,sratti@upi,2150.0,2026-08-01T11:05:00
9021337833,kkrishnamurthy@upi,210.0,2026-07-08T09:34:00
9021337833,alexander71@upi,90.0,2026-08-02T09:24:00
9021337833,nattshaurya@upi,190.0,2026-07-31T09:50:00
9021337833,pahalbhavsar@upi,1260.0,2026-07-22T02:55:00
9021337833,wsami@upi,1505.0,2026-07-24T21:28:00
9021337833,facharya@upi,1470.0,2026-08-12T21:46:00
9021337833,semteerth@upi,1160.0,2026-07-16T18:20:00
9021337833,achahal@upi,2975.0,2026-07-30T10:36:00
9198393549,deshpandeniharika@upi,1235.0,2026-08-06T08:45:00
9198393549,ksolanki@upi,1145.0,2026-08-29T10:24:00
9198393549,udarshsinghal@upi,270.0,2026-08-24T21:08:00
9198393549,achahal@upi,210.0,2026-07-27T12:11:00
9198393549,zbaral@upi,620.0,2026-07-06T03:24:00
9198393549,hparmar@upi,660.0,2026-08-26T10:02:00
9198393549,uloke@upi,215.0,2026-07-17T11:50:00
9198393549,wriddhish67@upi,530.0,2026-07-30T14:09:00
9198393549,vaishnavitara@upi,1220.0,2026-07-14T05:34:00
9198393549,asinghal@upi,400.0,2026-07-09T05:08:00
9198393549,qushi33@upi,280.0,2026-07-10T11:30:00
9198393549,jnagar@upi,1500.0,2026-08-24T17:36:00
9198393549,mitali95@upi,2735.0,2026-08-06T18:46:00
9182077024,munizehaan@upi,1870.0,2026-07-29T16:42:00
9182077024,dayalviraj@upi,505.0,2026-08-17T05:35:00
9182077024,dmerchant@upi,720.0,2026-07-23T18:22:00
9182077024,rajagopalnisha@upi,1585.0,2026-08-18T01:32:00
9182077024,adyajain@upi,785.0,2026-08-27T13:45:00
9182077024,sudiksha13@upi,370.0,2026-07-31T20:40:00
9182077024,rdayal@upi,350.0,2026-07-12T15:06:00
9182077024,grewalabeer@upi,1385.0,2026-07-22T22:01:00
9052248897,surchakradhar@upi,255.0,2026-08-07T21:39:00
9052248897,chakradhar97@upi,940.0,2026-08-15T19:55:00
9052248897,yaminibhatnagar@upi,270.0,2026-08-30T06:55:00
9052248897,dhriti23@upi,285.0,2026-07-30T04:41:00
9299090911,waida55@upi,645.0,2026-08-18T08:09:00
9299090911,nandini88@upi,1410.0,2026-07-26T09:26:00
9299090911,modyadvika@upi,725.0,2026-07-15T12:35:00
9299090911,sahaavni@upi,305.0,2026-07-05T18:56:00
9299090911,sethitriveni@upi,1000.0,2026-07-17T02:09:00
9299090911,wsolanki@upi,930.0,2026-07-26T08:26:00
9001971594,turvi76@upi,1915.0,2026-07-11T04:25:00
9001971594,teerthhalder@upi,365.0,2026-08-15T01:09:00
9001971594,yashawini25@upi,800.0,2026-08-08T16:42:00
9001971594,kevinraja@upi,670.0,2026-08-16T20:28:00
9001971594,igarg@upi,840.0,2026-07-04T16:58:00
9001971594,chokshiekaja@upi,395.0,2026-08-21T00:41:00
9001971594,neel90@upi,1050.0,2026-08-13T15:42:00
9666442915,nachiket67@upi,100.0,2026-08-17T19:00:00
9666442915,balvan95@upi,810.0,2026-07-23T06:00:00
9666442915,pingleomaja@upi,1035.0,2026-07-20T06:13:00
9666442915,samuel75@upi,570.0,2026-08-17T17:43:00
9666442915,sudiksha13@upi,290.0,2026-08-17T03:04:00
9666442915,chakrabartisamarth@upi,2275.0,2026-08-02T13:52:00
9666442915,ikshitaissac@upi,435.0,2026-07-02T23:32:00
9028267486,dhruv18@upi,1825.0,2026-07-30T00:58:00
9028267486,samraarunima@upi,790.0,2026-08-23T14:29:00
9028267486,achahal@upi,1420.0,2026-07-20T00:49:00
9028267486,eesha58@upi,695.0,2026-08-23T02:34:00
9648241344,issacraksha@upi,1720.0,2026-07-09T07:45:00
9648241344,ramjonathan@upi,585.0,2026-07-11T07:29:00
9648241344,karanlibni@upi,510.0,2026-07-26T13:11:00
9648241344,nayakwahab@upi,5515.0,2026-08-03T15:22:00
9691846146,shaharish@upi,1460.0,2026-07-11T13:55:00
9691846146,shroffsachi@upi,310.0,2026-08-17T18:16:00
9691846146,zvora@upi,460.0,2026-08-08T09:33:00
9691846146,rkant@upi,3415.0,2026-08-07T01:48:00
9691846146,mangatdhruv@upi,4845.0,2026-08-23T14:14:00
9691846146,cheriannikita@upi,1400.0,2026-07-11T11:36:00
9691846146,uvasa@upi,865.0,2026-08-04T18:07:00
9057062130,agastya25@upi,155.0,2026-08-20T09:51:00
9057062130,bosexalak@upi,340.0,2026-08-09T20:01:00
9057062130,zbaral@upi,130.0,2026-07-23T12:33:00
9057062130,ishaan67@upi,1265.0,2026-07-17T20:37:00
9057062130,gagandey@upi,140.0,2026-07-13T13:14:00
9057062130,kotaunni@upi,525.0,2026-08-07T16:45:00
9057062130,kuruvillaisaiah@upi,720.0,2026-07-03T17:56:00
9057062130,dmerchant@upi,115.0,2026-08-25T06:27:00
9057062130,qramanathan@upi,255.0,2026-08-01T02:12:00
9057062130,alexander71@upi,130.0,2026-08-25T04:33:00
9057062130,raveloliver@upi,585.0,2026-08-26T08:40:00
9905828031,priyanatt@upi,150.0,2026-07-31T22:10:00
9905828031,samuel75@upi,1045.0,2026-07-31T07:36:00
9905828031,uvasa@upi,1160.0,2026-07-06T03:48:00
9905828031,neel66@upi,350.0,2026-07-21T18:36:00
9905828031,gabrieltak@upi,455.0,2026-08-04T17:06:00
9905828031,schander@upi,535.0,2026-07-19T03:23:00
9905828031,xbobal@upi,605.0,2026-08-11T17:37:00
9905828031,vasatikazachariah@upi,470.0,2026-07-04T04:43:00
9905828031,balomkaar@upi,1750.0,2026-08-12T15:23:00
9905828031,ssaxena@upi,220.0,2026-07-17T04:24:00
9905828031,jonathankhare@upi,1030.0,2026-07-24T19:02:00
9905828031,mannetejas@upi,1285.0,2026-07-25T05:25:00
9905828031,kabir98@upi,405.0,2026-07-05T09:01:00
9784533346,anmolthaker@upi,910.0,2026-08-09T13:47:00
9784533346,garariya@upi,155.0,2026-08-14T13:46:00
9784533346,samarthchokshi@upi,540.0,2026-08-04T15:01:00
9784533346,ansh85@upi,4345.0,2026-07-16T07:08:00
9784533346,nirja02@upi,1160.0,2026-08-09T07:23:00
9784533346,zinalswamy@upi,835.0,2026-07-18T08:02:00
9784533346,kevinraja@upi,1345.0,2026-07-23T11:41:00
9784533346,kiaan93@upi,755.0,2026-08-04T03:20:00
9784533346,khannaekani@upi,2210.0,2026-07-21T19:18:00
9784533346,rayaan02@upi,1165.0,2026-08-25T01:02:00
9127592756,quickpay.mule1@upi,48000.0,2026-08-25T14:00:00
9188404618,aviparmer@upi,600.0,2026-08-03T10:15:00
9188404618,ranaaahana@upi,350.0,2026-08-27T12:09:00
9188404618,chandguneet@upi,1300.0,2026-07-13T09:00:00
9188404618,regesaanvi@upi,375.0,2026-07-02T08:15:00
9188404618,niharikabhat@upi,390.0,2026-08-17T22:42:00
9188404618,wsami@upi,3005.0,2026-07-08T05:31:00
9188404618,patelshivansh@upi,350.0,2026-07-14T10:46:00
9188404618,forumdalia@upi,1000.0,2026-07-26T01:57:00
9188404618,sahaavni@upi,2795.0,2026-07-30T11:19:00
9040444112,ikaul@upi,260.0,2026-07-16T01:40:00
9040444112,gautam72@upi,1725.0,2026-08-21T09:52:00
9040444112,sahaavni@upi,1320.0,2026-07-01T16:05:00
9040444112,alexander82@upi,95.0,2026-08-07T05:35:00
9040444112,anaybassi@upi,1200.0,2026-08-02T14:48:00
9040444112,dhruvde@upi,2890.0,2026-08-26T16:15:00
9220969700,chakrabartisamarth@upi,505.0,2026-07-17T16:37:00
9220969700,vyanjanabuch@upi,940.0,2026-07-31T04:16:00
9220969700,zbaral@upi,575.0,2026-08-04T21:39:00
9220969700,zbaral@upi,2465.0,2026-07-16T16:48:00
9220969700,qasim83@upi,1790.0,2026-08-11T14:37:00
9220969700,qasim83@upi,2675.0,2026-07-05T07:59:00
9220969700,dadavrinda@upi,120.0,2026-08-27T22:09:00
9220969700,teerthhalder@upi,160.0,2026-07-10T08:14:00
9220969700,girishdeshpande@upi,1305.0,2026-07-05T00:11:00
9220969700,chokshiisaac@upi,945.0,2026-08-01T15:16:00
9220969700,jhalakshah@upi,2760.0,2026-08-22T17:55:00
9206752746,yadavidugar@upi,335.0,2026-07-17T15:34:00
9206752746,jsura@upi,2685.0,2026-07-05T13:27:00
9206752746,srinivasabeer@upi,730.0,2026-08-21T07:14:00
9206752746,hpatel@upi,215.0,2026-08-09T20:21:00
9206752746,ektachand@upi,3275.0,2026-08-21T00:26:00
9206752746,devansh61@upi,125.0,2026-08-25T07:25:00
9206752746,brinda27@upi,270.0,2026-08-08T01:16:00
9695618974,alkachahal@upi,155.0,2026-08-06T21:36:00
9695618974,yadavidugar@upi,6575.0,2026-08-26T05:48:00
9695618974,dasguptabalendra@upi,355.0,2026-08-20T02:01:00
9695618974,urishilla62@upi,835.0,2026-07-23T04:07:00
9695618974,kevinraja@upi,2330.0,2026-07-29T21:06:00
9695618974,rajagopalnisha@upi,345.0,2026-07-07T23:53:00
9695618974,jai68@upi,445.0,2026-08-02T02:58:00
9695618974,munigarima@upi,375.0,2026-08-15T11:15:00
9695618974,forumdalia@upi,175.0,2026-07-19T18:22:00
9695618974,choudharysaanvi@upi,2985.0,2026-07-09T08:35:00
9695618974,ansh85@upi,1005.0,2026-07-18T10:45:00
9542905882,dipta37@upi,150.0,2026-07-20T11:35:00
9542905882,ishaan67@upi,2140.0,2026-07-30T16:53:00
9542905882,tbhardwaj@upi,220.0,2026-07-24T11:30:00
9955906003,bhavinimurthy@upi,450.0,2026-08-28T11:44:00
9955906003,kiaan93@upi,200.0,2026-07-29T14:55:00
9955906003,wbasu@upi,165.0,2026-08-29T11:13:00
9955906003,kamdarosha@upi,1525.0,2026-08-10T09:18:00
9955906003,chaitanya83@upi,145.0,2026-07-08T00:47:00
9955906003,dugarfaqid@upi,355.0,2026-07-25T06:18:00
9955906003,dhruv18@upi,3715.0,2026-07-26T00:53:00
9368290911,desaianusha@upi,150.0,2026-07-21T15:44:00
9368290911,alexander82@upi,145.0,2026-07-21T15:44:00
9368290911,jhalakperi@upi,665.0,2026-07-18T20:35:00
9368290911,eranganathan@upi,290.0,2026-08-25T22:01:00
9368290911,qganesan@upi,430.0,2026-07-01T10:52:00
9368290911,janinisha@upi,2560.0,2026-08-24T00:01:00
9368290911,maanavsubramaniam@upi,180.0,2026-08-29T10:18:00
9368290911,dhruvde@upi,175.0,2026-07-18T20:47:00
9368290911,bhanumatihayer@upi,915.0,2026-08-27T02:15:00
9368290911,ansh85@upi,1420.0,2026-08-04T14:09:00
9120560038,finalpoint.cashout@upi,21000.0,2026-08-25T14:09:00
