entity_id,entity_type,imei,imsi,timestamp,tower_id,source_file
9904220310,phone,IMEI-2722872527,IMSI-2398195726,2026-08-08T19:22:00,TWR-156,telecom_cdr.csv
9677217388,phone,IMEI-8717105032,IMSI-9266491300,2026-07-21T07:06:00,TWR-143,telecom_cdr.csv
9419499003,phone,IMEI-4927002694,IMSI-4402857394,2026-08-19T07:30:00,TWR-106,telecom_cdr.csv
9204871729,phone,IMEI-9592712584,IMSI-1866308160,2026-08-16T20:53:00,TWR-154,telecom_cdr.csv
9723948025,phone,IMEI-0710359181,IMSI-0826371021,2026-07-27T22:23:00,TWR-168,telecom_cdr.csv
9790275345,phone,IMEI-7129712637,IMSI-2343745828,2026-07-21T01:40:00,TWR-177,telecom_cdr.csv
9993223299,phone,IMEI-5377169903,IMSI-7137375657,2026-07-10T11:27:00,TWR-113,telecom_cdr.csv
9328566276,phone,IMEI-4171456569,IMSI-4413361718,2026-08-16T03:09:00,TWR-171,telecom_cdr.csv
9014685172,phone,IMEI-5531176811,IMSI-1537511506,2026-07-31T08:03:00,TWR-130,telecom_cdr.csv
9485267539,phone,IMEI-9023724787,IMSI-3090571081,2026-08-23T23:25:00,TWR-128,telecom_cdr.csv
9123825217,phone,IMEI-7188595163,IMSI-9914575113,2026-07-29T13:09:00,TWR-137,telecom_cdr.csv
9233839146,phone,IMEI-6759945492,IMSI-2643409792,2026-08-18T09:02:00,TWR-120,telecom_cdr.csv
9108252674,phone,IMEI-8973790545,IMSI-4816752486,2026-08-26T17:53:00,TWR-131,telecom_cdr.csv
9327371243,phone,IMEI-0706366806,IMSI-9463467046,2026-07-08T21:45:00,TWR-111,telecom_cdr.csv
9623701950,phone,IMEI-1007524639,IMSI-3459351007,2026-07-01T20:43:00,TWR-143,telecom_cdr.csv
9220969700,phone,IMEI-2355180961,IMSI-2592684647,2026-08-09T04:45:00,TWR-161,telecom_cdr.csv
9874249954,phone,IMEI-4200352328,IMSI-3148847499,2026-08-27T20:28:00,TWR-149,telecom_cdr.csv
9106672436,phone,IMEI-7571316002,IMSI-9913913475,2026-08-26T10:28:00,TWR-105,telecom_cdr.csv
9622739459,phone,IMEI-2489524924,IMSI-8155071615,2026-07-05T23:47:00,TWR-165,telecom_cdr.csv
9036057232,phone,IMEI-9429354641,IMSI-9250384488,2026-07-27T22:46:00,TWR-164,telecom_cdr.csv
9891712996,phone,IMEI-2417841663,IMSI-9782591182,2026-07-11T20:57:00,TWR-191,telecom_cdr.csv
9153514440,phone,IMEI-2811772442,IMSI-9051485715,2026-07-09T14:54:00,TWR-189,telecom_cdr.csv
9084209783,phone,IMEI-7684964261,IMSI-7877783732,2026-07-04T18:25:00,TWR-122,telecom_cdr.csv
9199646627,phone,IMEI-8703526006,IMSI-2286385757,2026-08-04T00:47:00,TWR-107,telecom_cdr.csv
9714322405,phone,IMEI-2563370156,IMSI-2549786229,2026-08-05T09:02:00,TWR-176,telecom_cdr.csv
9950712865,phone,IMEI-7429481661,IMSI-9887989570,2026-08-11T17:40:00,TWR-173,telecom_cdr.csv
9993223299,phone,IMEI-5377169903,IMSI-7137375657,2026-07-20T06:28:00,TWR-199,telecom_cdr.csv
9961618335,phone,IMEI-5752734493,IMSI-8298823460,2026-07-15T23:26:00,TWR-125,telecom_cdr.csv
9790275345,phone,IMEI-7129712637,IMSI-2343745828,2026-08-01T18:55:00,TWR-102,telecom_cdr.csv
9559321940,phone,IMEI-7522970723,IMSI-5449490568,2026-08-21T19:31:00,TWR-182,telecom_cdr.csv
9954882339,phone,IMEI-9986404688,IMSI-6508308241,2026-07-07T18:42:00,TWR-162,telecom_cdr.csv
9921873448,phone,IMEI-5665790813,IMSI-0402416184,2026-08-02T04:59:00,TWR-124,telecom_cdr.csv
9234395369,phone,IMEI-6790078680,IMSI-6560719571,2026-08-22T21:09:00,TWR-102,telecom_cdr.csv
9968318989,phone,IMEI-2473063861,IMSI-6996267363,2026-08-15T15:51:00,TWR-196,telecom_cdr.csv
9127967516,phone,IMEI-2146882817,IMSI-9733129100,2026-07-09T21:12:00,TWR-118,telecom_cdr.csv
9965191353,phone,IMEI-5893787421,IMSI-6214960586,2026-07-22T19:41:00,TWR-115,telecom_cdr.csv
9859713678,phone,IMEI-7927657928,IMSI-4020734838,2026-07-04T22:15:00,TWR-193,telecom_cdr.csv
9098713669,phone,IMEI-0583990102,IMSI-7629708285,2026-07-10T18:09:00,TWR-163,telecom_cdr.csv
9350335680,phone,IMEI-5155214360,IMSI-3276562475,2026-07-22T23:25:00,TWR-120,telecom_cdr.csv
9763462687,phone,IMEI-0158770989,IMSI-9062509835,2026-08-28T06:13:00,TWR-132,telecom_cdr.csv
9420863611,phone,IMEI-4537963191,IMSI-3558536002,2026-08-29T09:12:00,TWR-199,telecom_cdr.csv
9323687193,phone,IMEI-3470857301,IMSI-1027718079,2026-07-23T02:38:00,TWR-156,telecom_cdr.csv
9200234695,phone,IMEI-3610403394,IMSI-1168400464,2026-07-08T02:18:00,TWR-116,telecom_cdr.csv
9594924991,phone,IMEI-3630121292,IMSI-8018351121,2026-08-28T01:14:00,TWR-114,telecom_cdr.csv
9468349143,phone,IMEI-3914369758,IMSI-1719948146,2026-08-14T21:39:00,TWR-171,telecom_cdr.csv
9198393549,phone,IMEI-3816300190,IMSI-6270974989,2026-08-19T07:28:00,TWR-103,telecom_cdr.csv
9480993572,phone,IMEI-2381321447,IMSI-8222237676,2026-07-16T14:42:00,TWR-181,telecom_cdr.csv
9814488986,phone,IMEI-8402450836,IMSI-9997976132,2026-08-23T15:25:00,TWR-193,telecom_cdr.csv
9872663192,phone,IMEI-6090316066,IMSI-6630000599,2026-08-07T13:56:00,TWR-100,telecom_cdr.csv
9052248897,phone,IMEI-9323304340,IMSI-9102154726,2026-07-23T04:16:00,TWR-143,telecom_cdr.csv
9428025968,phone,IMEI-5595534505,IMSI-3593963620,2026-07-07T03:30:00,TWR-138,telecom_cdr.csv
9210244612,phone,IMEI-6189465100,IMSI-7205358651,2026-07-02T18:46:00,TWR-124,telecom_cdr.csv
9683509307,phone,IMEI-2052204318,IMSI-5650646676,2026-08-13T13:32:00,TWR-108,telecom_cdr.csv
9188180702,phone,IMEI-9453874896,IMSI-7885652348,2026-08-03T08:55:00,TWR-188,telecom_cdr.csv
9563850020,phone,IMEI-6954138012,IMSI-9172128616,2026-07-21T11:06:00,TWR-171,telecom_cdr.csv
9666442915,phone,IMEI-0804775625,IMSI-2115641857,2026-08-17T17:11:00,TWR-122,telecom_cdr.csv
9432789553,phone,IMEI-7581615382,IMSI-6059787584,2026-07-28T23:28:00,TWR-169,telecom_cdr.csv
9943604188,phone,IMEI-6668635297,IMSI-7520017429,2026-07-13T17:43:00,TWR-119,telecom_cdr.csv
9500923243,phone,IMEI-3208327507,IMSI-7648870743,2026-08-10T22:14:00,TWR-118,telecom_cdr.csv
9614873003,phone,IMEI-9543337149,IMSI-0980310371,2026-08-13T13:22:00,TWR-145,telecom_cdr.csv
9641643119,phone,IMEI-9263370349,IMSI-4083002667,2026-08-06T10:21:00,TWR-172,telecom_cdr.csv
9282096728,phone,IMEI-0338852094,IMSI-8039563622,2026-07-04T23:00:00,TWR-114,telecom_cdr.csv
9482868447,phone,IMEI-9645744869,IMSI-4659880035,2026-07-20T03:44:00,TWR-137,telecom_cdr.csv
9841230544,phone,IMEI-3688762066,IMSI-0985232117,2026-07-09T02:39:00,TWR-100,telecom_cdr.csv
9581891703,phone,IMEI-5852870877,IMSI-0584119856,2026-07-08T03:15:00,TWR-188,telecom_cdr.csv
9320016462,phone,IMEI-8797199572,IMSI-9747405916,2026-07-02T07:40:00,TWR-183,telecom_cdr.csv
9953419276,phone,IMEI-5346925695,IMSI-3961747123,2026-07-12T03:28:00,TWR-123,telecom_cdr.csv
9213633365,phone,IMEI-6550090413,IMSI-3490436468,2026-08-09T14:23:00,TWR-144,telecom_cdr.csv
9105343128,phone,IMEI-3567086541,IMSI-9854147217,2026-07-26T23:01:00,TWR-142,telecom_cdr.csv
9484655639,phone,IMEI-3302054243,IMSI-7587867528,2026-07-14T12:23:00,TWR-154,telecom_cdr.csv
9785939510,phone,IMEI-9982973259,IMSI-4386805117,2026-08-19T18:24:00,TWR-166,telecom_cdr.csv
9960574125,phone,IMEI-3834356980,IMSI-0974141228,2026-08-29T05:34:00,TWR-149,telecom_cdr.csv
9446485809,phone,IMEI-8567624422,IMSI-1677292965,2026-07-24T02:03:00,TWR-165,telecom_cdr.csv
9943604188,phone,IMEI-6668635297,IMSI-7520017429,2026-07-25T12:12:00,TWR-125,telecom_cdr.csv
9752820266,phone,IMEI-6368625769,IMSI-7937917527,2026-07-02T18:14:00,TWR-146,telecom_cdr.csv
9037548430,phone,IMEI-3229544495,IMSI-5683183539,2026-08-20T07:12:00,TWR-166,telecom_cdr.csv
9347052967,phone,IMEI-5448119712,IMSI-9901365634,2026-08-14T06:07:00,TWR-107,telecom_cdr.csv
9514716369,phone,IMEI-5142856644,IMSI-6005250896,2026-07-30T23:03:00,TWR-106,telecom_cdr.csv
9026954613,phone,IMEI-9561082774,IMSI-4696531085,2026-07-05T21:20:00,TWR-144,telecom_cdr.csv
9120335120,phone,IMEI-2330603798,IMSI-0031911878,2026-07-20T06:26:00,TWR-181,telecom_cdr.csv
9744055026,phone,IMEI-1615000391,IMSI-6960935422,2026-08-12T04:41:00,TWR-135,telecom_cdr.csv
9271253582,phone,IMEI-9510152690,IMSI-1089208945,2026-08-10T09:48:00,TWR-177,telecom_cdr.csv
9983671609,phone,IMEI-9158653821,IMSI-6422000383,2026-08-25T20:41:00,TWR-112,telecom_cdr.csv
9683847079,phone,IMEI-0600083514,IMSI-3429687054,2026-08-08T00:02:00,TWR-199,telecom_cdr.csv
9245911056,phone,IMEI-4589252588,IMSI-5987999575,2026-07-31T09:14:00,TWR-111,telecom_cdr.csv
9295361047,phone,IMEI-1434102396,IMSI-8150726368,2026-07-15T07:11:00,TWR-184,telecom_cdr.csv
9118141811,phone,IMEI-5728459382,IMSI-1499318085,2026-08-06T21:51:00,TWR-136,telecom_cdr.csv
9973381637,phone,IMEI-4477037948,IMSI-0565775093,2026-08-29T12:44:00,TWR-144,telecom_cdr.csv
9814631059,phone,IMEI-4248529289,IMSI-4803891302,2026-07-23T12:12:00,TWR-167,telecom_cdr.csv
9075311300,phone,IMEI-4408601965,IMSI-9308588860,2026-07-05T19:52:00,TWR-148,telecom_cdr.csv
9655734481,phone,IMEI-8354977365,IMSI-9857964228,2026-07-15T05:45:00,TWR-121,telecom_cdr.csv
9521573651,phone,IMEI-7083136462,IMSI-2216591960,2026-08-08T05:30:00,TWR-120,telecom_cdr.csv
9048233130,phone,IMEI-7341196897,IMSI-1521336548,2026-07-21T00:15:00,TWR-196,telecom_cdr.csv
9013502707,phone,IMEI-7216113408,IMSI-9257382205,2026-08-02T07:18:00,TWR-127,telecom_cdr.csv
9780874168,phone,IMEI-1814714635,IMSI-9283753410,2026-07-02T06:02:00,TWR-142,telecom_cdr.csv
9292869007,phone,IMEI-0943331952,IMSI-4641712705,2026-07-08T07:22:00,TWR-126,telecom_cdr.csv
9905828031,phone,IMEI-0781238549,IMSI-4012237783,2026-07-04T04:20:00,TWR-161,telecom_cdr.csv
9347052967,phone,IMEI-5448119712,IMSI-9901365634,2026-07-29T23:34:00,TWR-100,telecom_cdr.csv
9943604188,phone,IMEI-6668635297,IMSI-7520017429,2026-08-16T12:43:00,TWR-186,telecom_cdr.csv
9886247321,phone,IMEI-3732677445,IMSI-6782052055,2026-08-24T17:17:00,TWR-163,telecom_cdr.csv
9183540946,phone,IMEI-1864747755,IMSI-3269121712,2026-07-24T05:37:00,TWR-164,telecom_cdr.csv
9636952352,phone,IMEI-6383558287,IMSI-0249322336,2026-07-23T00:48:00,TWR-178,telecom_cdr.csv
9200139158,phone,IMEI-0054870777,IMSI-4754723180,2026-08-19T14:54:00,TWR-156,telecom_cdr.csv
9651699247,phone,IMEI-7391912109,IMSI-5628934186,2026-07-01T20:06:00,TWR-138,telecom_cdr.csv
9375742874,phone,IMEI-3310813747,IMSI-0244709152,2026-08-21T00:21:00,TWR-112,telecom_cdr.csv
9114542068,phone,IMEI-9239938505,IMSI-7368720283,2026-08-12T14:55:00,TWR-102,telecom_cdr.csv
9941262446,phone,IMEI-4415336975,IMSI-5893841131,2026-08-05T19:03:00,TWR-130,telecom_cdr.csv
9291560480,phone,IMEI-6197984381,IMSI-7712208365,2026-08-21T09:48:00,TWR-104,telecom_cdr.csv
9620805495,phone,IMEI-9798503611,IMSI-7553029147,2026-07-26T02:18:00,TWR-183,telecom_cdr.csv
9891184672,phone,IMEI-0027364086,IMSI-7196040460,2026-08-25T22:08:00,TWR-129,telecom_cdr.csv
9683509307,phone,IMEI-2052204318,IMSI-5650646676,2026-08-09T22:18:00,TWR-192,telecom_cdr.csv
9271253582,phone,IMEI-9510152690,IMSI-1089208945,2026-08-16T01:09:00,TWR-124,telecom_cdr.csv
9800529753,phone,IMEI-2023051743,IMSI-8062170797,2026-07-18T15:59:00,TWR-119,telecom_cdr.csv
9234395369,phone,IMEI-6790078680,IMSI-6560719571,2026-07-07T20:33:00,TWR-123,telecom_cdr.csv
9202854808,phone,IMEI-3759034903,IMSI-6891418260,2026-07-31T23:53:00,TWR-139,telecom_cdr.csv
9876475967,phone,IMEI-3138720991,IMSI-5507487276,2026-07-29T08:49:00,TWR-145,telecom_cdr.csv
9954882339,phone,IMEI-9986404688,IMSI-6508308241,2026-07-04T23:09:00,TWR-165,telecom_cdr.csv
9349613120,phone,IMEI-7120450068,IMSI-1755976326,2026-07-08T19:29:00,TWR-165,telecom_cdr.csv
9814488986,phone,IMEI-8402450836,IMSI-9997976132,2026-07-05T18:42:00,TWR-186,telecom_cdr.csv
9586592627,phone,IMEI-9592646825,IMSI-6747179784,2026-07-24T06:21:00,TWR-109,telecom_cdr.csv
9119797995,phone,IMEI-5706195678,IMSI-2254105709,2026-08-25T11:11:00,TWR-164,telecom_cdr.csv
9406454159,phone,IMEI-5200339415,IMSI-3882619019,2026-08-15T06:11:00,TWR-173,telecom_cdr.csv
9218695154,phone,IMEI-6064697905,IMSI-4183599345,2026-07-10T15:40:00,TWR-191,telecom_cdr.csv
9416151222,phone,IMEI-8768119539,IMSI-3558405416,2026-07-28T14:52:00,TWR-108,telecom_cdr.csv
9676650588,phone,IMEI-2535874395,IMSI-7029071889,2026-07-08T14:53:00,TWR-152,telecom_cdr.csv
9432473370,phone,IMEI-4360642625,IMSI-9597368029,2026-08-19T06:30:00,TWR-161,telecom_cdr.csv
9815172061,phone,IMEI-7892314815,IMSI-3616881557,2026-08-22T23:42:00,TWR-142,telecom_cdr.csv
9678920670,phone,IMEI-6615710243,IMSI-4687231211,2026-07-06T10:34:00,TWR-119,telecom_cdr.csv
9814488986,phone,IMEI-8402450836,IMSI-9997976132,2026-07-17T05:06:00,TWR-102,telecom_cdr.csv
9495481440,phone,IMEI-7343978348,IMSI-7299004607,2026-07-21T12:33:00,TWR-138,telecom_cdr.csv
9308845429,phone,IMEI-7694229206,IMSI-6769302918,2026-08-04T23:21:00,TWR-140,telecom_cdr.csv
9375742874,phone,IMEI-3310813747,IMSI-0244709152,2026-07-24T18:43:00,TWR-151,telecom_cdr.csv
9325983817,phone,IMEI-3400499804,IMSI-0005369733,2026-08-13T16:41:00,TWR-174,telecom_cdr.csv
9792178365,phone,IMEI-5340830680,IMSI-1385621710,2026-08-04T15:47:00,TWR-187,telecom_cdr.csv
9200234695,phone,IMEI-3610403394,IMSI-1168400464,2026-07-03T14:25:00,TWR-140,telecom_cdr.csv
9048671311,phone,IMEI-7087479062,IMSI-9129449046,2026-07-29T00:15:00,TWR-177,telecom_cdr.csv
9420863611,phone,IMEI-4537963191,IMSI-3558536002,2026-07-17T07:09:00,TWR-179,telecom_cdr.csv
9595026413,phone,IMEI-4335200281,IMSI-3118571879,2026-07-22T16:58:00,TWR-185,telecom_cdr.csv
9113894274,phone,IMEI-2146302492,IMSI-0540358963,2026-07-15T14:25:00,TWR-151,telecom_cdr.csv
9648698389,phone,IMEI-2911823345,IMSI-3313210986,2026-08-11T23:20:00,TWR-121,telecom_cdr.csv
9559321940,phone,IMEI-7522970723,IMSI-5449490568,2026-08-27T14:25:00,TWR-180,telecom_cdr.csv
9023392439,phone,IMEI-9298268023,IMSI-3857347696,2026-08-14T20:28:00,TWR-112,telecom_cdr.csv
9971996767,phone,IMEI-7476825008,IMSI-5434181641,2026-08-20T23:44:00,TWR-106,telecom_cdr.csv
9623121500,phone,IMEI-0108792131,IMSI-6877336484,2026-07-27T02:35:00,TWR-189,telecom_cdr.csv
9349613120,phone,IMEI-7120450068,IMSI-1755976326,2026-07-02T20:13:00,TWR-163,telecom_cdr.csv
9587103048,phone,IMEI-7484745666,IMSI-4961482864,2026-08-21T03:09:00,TWR-171,telecom_cdr.csv
9562679527,phone,IMEI-5177175824,IMSI-9150100589,2026-07-23T07:57:00,TWR-112,telecom_cdr.csv
9770093141,phone,IMEI-0840929222,IMSI-0710788208,2026-08-19T12:09:00,TWR-118,telecom_cdr.csv
9200234695,phone,IMEI-3610403394,IMSI-1168400464,2026-07-07T01:07:00,TWR-177,telecom_cdr.csv
9215138019,phone,IMEI-1469630754,IMSI-5640016715,2026-07-02T03:53:00,TWR-187,telecom_cdr.csv
9566917456,phone,IMEI-2146515992,IMSI-4568631912,2026-08-18T02:42:00,TWR-106,telecom_cdr.csv
9423639948,phone,IMEI-4618232726,IMSI-5795032358,2026-07-11T05:08:00,TWR-116,telecom_cdr.csv
9337047649,phone,IMEI-1256700988,IMSI-3177469602,2026-07-19T07:34:00,TWR-184,telecom_cdr.csv
9234395369,phone,IMEI-6790078680,IMSI-6560719571,2026-07-22T06:43:00,TWR-114,telecom_cdr.csv
9325983817,phone,IMEI-3400499804,IMSI-0005369733,2026-07-03T16:02:00,TWR-194,telecom_cdr.csv
9544975157,phone,IMEI-6465259090,IMSI-4961892459,2026-07-23T17:00:00,TWR-123,telecom_cdr.csv
9657812846,phone,IMEI-9765732617,IMSI-8249332885,2026-08-13T02:01:00,TWR-169,telecom_cdr.csv
9566917456,phone,IMEI-2146515992,IMSI-4568631912,2026-07-08T09:24:00,TWR-160,telecom_cdr.csv
9364540204,phone,IMEI-7194965681,IMSI-8534759259,2026-08-23T04:39:00,TWR-124,telecom_cdr.csv
9024707036,phone,IMEI-7347992008,IMSI-2888843616,2026-07-23T23:15:00,TWR-118,telecom_cdr.csv
9535106651,phone,IMEI-2563415290,IMSI-5522573387,2026-07-16T19:26:00,TWR-187,telecom_cdr.csv
9048184584,phone,IMEI-5556194327,IMSI-0612124765,2026-08-02T04:18:00,TWR-114,telecom_cdr.csv
9290816302,phone,IMEI-2542781927,IMSI-4339504550,2026-07-17T17:36:00,TWR-109,telecom_cdr.csv
9481010893,phone,IMEI-2446511237,IMSI-7094747437,2026-07-01T10:38:00,TWR-153,telecom_cdr.csv
9054186775,phone,IMEI-9137435913,IMSI-3429537630,2026-08-14T02:05:00,TWR-130,telecom_cdr.csv
9562679527,phone,IMEI-5177175824,IMSI-9150100589,2026-07-08T20:00:00,TWR-138,telecom_cdr.csv
9973381637,phone,IMEI-4477037948,IMSI-0565775093,2026-08-15T19:47:00,TWR-177,telecom_cdr.csv
9388850469,phone,IMEI-4386804296,IMSI-9841550156,2026-08-03T11:17:00,TWR-171,telecom_cdr.csv
9232997749,phone,IMEI-4003336104,IMSI-2045768429,2026-08-22T13:24:00,TWR-122,telecom_cdr.csv
9353907400,phone,IMEI-6539442892,IMSI-8146537124,2026-08-21T12:16:00,TWR-115,telecom_cdr.csv
9391686645,phone,IMEI-0016973796,IMSI-5574013757,2026-08-06T00:05:00,TWR-188,telecom_cdr.csv
9233839146,phone,IMEI-6759945492,IMSI-2643409792,2026-08-10T06:36:00,TWR-110,telecom_cdr.csv
9960574125,phone,IMEI-3834356980,IMSI-0974141228,2026-07-18T09:47:00,TWR-161,telecom_cdr.csv
9364091457,phone,IMEI-8369176916,IMSI-5797981795,2026-07-29T05:36:00,TWR-107,telecom_cdr.csv
9933390585,phone,IMEI-8541751229,IMSI-9861048331,2026-08-04T10:13:00,TWR-166,telecom_cdr.csv
9048671311,phone,IMEI-7087479062,IMSI-9129449046,2026-07-19T00:40:00,TWR-114,telecom_cdr.csv
9555807068,phone,IMEI-5801122849,IMSI-2995018542,2026-07-10T16:19:00,TWR-136,telecom_cdr.csv
9822745513,phone,IMEI-0197789236,IMSI-6673910180,2026-07-07T01:57:00,TWR-168,telecom_cdr.csv
9876475967,phone,IMEI-3138720991,IMSI-5507487276,2026-08-11T01:12:00,TWR-131,telecom_cdr.csv
9028267486,phone,IMEI-0990287722,IMSI-1904848888,2026-08-19T03:28:00,TWR-115,telecom_cdr.csv
9373613848,phone,IMEI-8051756948,IMSI-5607949860,2026-08-24T04:23:00,TWR-185,telecom_cdr.csv
9874249954,phone,IMEI-4200352328,IMSI-3148847499,2026-07-31T21:37:00,TWR-128,telecom_cdr.csv
9603548538,phone,IMEI-1415166901,IMSI-2146809813,2026-07-30T11:26:00,TWR-167,telecom_cdr.csv
9098471173,phone,IMEI-7271949408,IMSI-1881818368,2026-07-04T11:27:00,TWR-182,telecom_cdr.csv
9429522889,phone,IMEI-3067396449,IMSI-4994327666,2026-07-20T06:51:00,TWR-127,telecom_cdr.csv
9992206411,phone,IMEI-9575813014,IMSI-2848717749,2026-07-03T23:25:00,TWR-119,telecom_cdr.csv
9988853930,phone,IMEI-2215295848,IMSI-3024275776,2026-08-10T07:27:00,TWR-143,telecom_cdr.csv
9904220310,phone,IMEI-2722872527,IMSI-2398195726,2026-08-20T01:08:00,TWR-118,telecom_cdr.csv
9582184249,phone,IMEI-3779525637,IMSI-7246178112,2026-08-24T10:25:00,TWR-182,telecom_cdr.csv
9754074724,phone,IMEI-0474251131,IMSI-2798903733,2026-08-08T21:54:00,TWR-156,telecom_cdr.csv
9364540204,phone,IMEI-7194965681,IMSI-8534759259,2026-08-02T10:45:00,TWR-114,telecom_cdr.csv
9785939510,phone,IMEI-9982973259,IMSI-4386805117,2026-08-15T02:33:00,TWR-191,telecom_cdr.csv
9601311183,phone,IMEI-0340657742,IMSI-9412347573,2026-07-29T10:43:00,TWR-147,telecom_cdr.csv
9052116857,phone,IMEI-9870175705,IMSI-0972807590,2026-07-04T11:11:00,TWR-198,telecom_cdr.csv
9920240606,phone,IMEI-5708662937,IMSI-3953132652,2026-08-23T20:36:00,TWR-116,telecom_cdr.csv
9859713678,phone,IMEI-7927657928,IMSI-4020734838,2026-08-19T16:27:00,TWR-109,telecom_cdr.csv
9402438050,phone,IMEI-2411119216,IMSI-4050734844,2026-08-05T16:41:00,TWR-190,telecom_cdr.csv
9871873991,phone,IMEI-0075092476,IMSI-8776904064,2026-08-10T19:43:00,TWR-107,telecom_cdr.csv
9819214001,phone,IMEI-1646085124,IMSI-6480506350,2026-07-14T10:32:00,TWR-116,telecom_cdr.csv
9507598515,phone,IMEI-5650545635,IMSI-1175969441,2026-07-30T08:46:00,TWR-126,telecom_cdr.csv
9266407928,phone,IMEI-1315633685,IMSI-6515307291,2026-08-06T00:57:00,TWR-108,telecom_cdr.csv
9991205817,phone,IMEI-9329436732,IMSI-9249137229,2026-07-15T05:54:00,TWR-164,telecom_cdr.csv
9089204157,phone,IMEI-1891015126,IMSI-6860080383,2026-07-12T18:56:00,TWR-112,telecom_cdr.csv
9798271778,phone,IMEI-6338109511,IMSI-1483709143,2026-07-02T22:19:00,TWR-166,telecom_cdr.csv
9662883030,phone,IMEI-9793759340,IMSI-0978942284,2026-07-18T08:58:00,TWR-116,telecom_cdr.csv
9167649836,phone,IMEI-3998783293,IMSI-5271989094,2026-08-03T16:42:00,TWR-164,telecom_cdr.csv
9717964393,phone,IMEI-1336166221,IMSI-3798227162,2026-07-22T21:00:00,TWR-197,telecom_cdr.csv
9626296040,phone,IMEI-8392209518,IMSI-3728872159,2026-08-15T03:25:00,TWR-143,telecom_cdr.csv
9595026413,phone,IMEI-4335200281,IMSI-3118571879,2026-07-01T11:05:00,TWR-133,telecom_cdr.csv
9521820994,phone,IMEI-2715093351,IMSI-4565984056,2026-08-10T04:07:00,TWR-104,telecom_cdr.csv
9781499194,phone,IMEI-6669642686,IMSI-3835370494,2026-07-09T13:36:00,TWR-162,telecom_cdr.csv
9905828031,phone,IMEI-0781238549,IMSI-4012237783,2026-08-24T17:22:00,TWR-115,telecom_cdr.csv
9480993572,phone,IMEI-2381321447,IMSI-8222237676,2026-07-25T11:21:00,TWR-164,telecom_cdr.csv
9587463342,phone,IMEI-7113682872,IMSI-7384833540,2026-07-19T15:34:00,TWR-169,telecom_cdr.csv
9927033369,phone,IMEI-7870679587,IMSI-9719498305,2026-08-13T14:00:00,TWR-165,telecom_cdr.csv
9362272684,phone,IMEI-5958935981,IMSI-2951362368,2026-08-25T07:59:00,TWR-161,telecom_cdr.csv
9423639948,phone,IMEI-4618232726,IMSI-5795032358,2026-07-14T23:07:00,TWR-174,telecom_cdr.csv
9323048675,phone,IMEI-0866984245,IMSI-7340621185,2026-07-22T01:48:00,TWR-118,telecom_cdr.csv
9014685172,phone,IMEI-5531176811,IMSI-1537511506,2026-07-11T05:24:00,TWR-165,telecom_cdr.csv
9502624719,phone,IMEI-5003891237,IMSI-9635494234,2026-07-08T07:53:00,TWR-138,telecom_cdr.csv
9568945147,phone,IMEI-3313579640,IMSI-8087521525,2026-08-25T18:19:00,TWR-154,telecom_cdr.csv
9613879165,phone,IMEI-8541925296,IMSI-6940659123,2026-07-22T08:07:00,TWR-182,telecom_cdr.csv
9731033395,phone,IMEI-1123291676,IMSI-2226558836,2026-07-09T23:23:00,TWR-146,telecom_cdr.csv
9111007715,phone,IMEI-2993553676,IMSI-6251384966,2026-07-02T07:40:00,TWR-162,telecom_cdr.csv
9052116857,phone,IMEI-9870175705,IMSI-0972807590,2026-08-09T13:39:00,TWR-155,telecom_cdr.csv
9416151222,phone,IMEI-8768119539,IMSI-3558405416,2026-08-15T00:48:00,TWR-168,telecom_cdr.csv
9917643972,phone,IMEI-7312323584,IMSI-2916220010,2026-08-13T08:27:00,TWR-174,telecom_cdr.csv
9251924510,phone,IMEI-7177124242,IMSI-2693810245,2026-07-31T04:11:00,TWR-188,telecom_cdr.csv
9451525376,phone,IMEI-8511467861,IMSI-3331904361,2026-08-04T05:52:00,TWR-126,telecom_cdr.csv
9485847011,phone,IMEI-3616414782,IMSI-7156462613,2026-08-11T04:16:00,TWR-190,telecom_cdr.csv
9910619958,phone,IMEI-5465799488,IMSI-1223516197,2026-08-11T21:57:00,TWR-122,telecom_cdr.csv
9665069854,phone,IMEI-0252360147,IMSI-4268227945,2026-08-05T06:07:00,TWR-103,telecom_cdr.csv
9566917456,phone,IMEI-2146515992,IMSI-4568631912,2026-07-25T08:11:00,TWR-100,telecom_cdr.csv
9114542068,phone,IMEI-9239938505,IMSI-7368720283,2026-07-22T01:02:00,TWR-108,telecom_cdr.csv
9183357251,phone,IMEI-9542888361,IMSI-9383065515,2026-08-07T16:31:00,TWR-183,telecom_cdr.csv
9327888369,phone,IMEI-7698981986,IMSI-6354953088,2026-08-15T17:42:00,TWR-188,telecom_cdr.csv
9273451778,phone,IMEI-3536885796,IMSI-4887200854,2026-08-02T13:16:00,TWR-140,telecom_cdr.csv
9641643119,phone,IMEI-9263370349,IMSI-4083002667,2026-07-19T13:16:00,TWR-102,telecom_cdr.csv
9853795114,phone,IMEI-1352490271,IMSI-3408296210,2026-08-04T05:58:00,TWR-181,telecom_cdr.csv
9568945147,phone,IMEI-3313579640,IMSI-8087521525,2026-07-07T23:41:00,TWR-137,telecom_cdr.csv
9156043823,phone,IMEI-0151934166,IMSI-9047151207,2026-07-28T06:21:00,TWR-137,telecom_cdr.csv
9119689122,phone,IMEI-4968221667,IMSI-5571547255,2026-08-27T13:24:00,TWR-157,telecom_cdr.csv
9241105711,phone,IMEI-9803656515,IMSI-7082186948,2026-07-24T08:54:00,TWR-108,telecom_cdr.csv
9597685625,phone,IMEI-4686630566,IMSI-6009527101,2026-08-25T03:54:00,TWR-153,telecom_cdr.csv
9419499003,phone,IMEI-4927002694,IMSI-4402857394,2026-08-29T03:55:00,TWR-122,telecom_cdr.csv
9925397865,phone,IMEI-3898523377,IMSI-3949130418,2026-07-30T19:45:00,TWR-167,telecom_cdr.csv
9437723988,phone,IMEI-4298782594,IMSI-8119107350,2026-08-12T19:02:00,TWR-135,telecom_cdr.csv
9551393227,phone,IMEI-5780546754,IMSI-2445620930,2026-07-26T05:23:00,TWR-175,telecom_cdr.csv
9021337833,phone,IMEI-4115577692,IMSI-3726160042,2026-07-22T13:45:00,TWR-105,telecom_cdr.csv
9897114683,phone,IMEI-8939275552,IMSI-7241239884,2026-08-28T17:11:00,TWR-156,telecom_cdr.csv
9792178365,phone,IMEI-5340830680,IMSI-1385621710,2026-08-22T15:56:00,TWR-192,telecom_cdr.csv
9594924991,phone,IMEI-3630121292,IMSI-8018351121,2026-07-08T09:04:00,TWR-171,telecom_cdr.csv
9863626383,phone,IMEI-3156686324,IMSI-3105190338,2026-08-29T03:52:00,TWR-178,telecom_cdr.csv
9053036677,phone,IMEI-5162495928,IMSI-8796626944,2026-07-08T12:53:00,TWR-163,telecom_cdr.csv
9835358094,phone,IMEI-4314635019,IMSI-0245519763,2026-08-09T20:36:00,TWR-118,telecom_cdr.csv
9692552797,phone,IMEI-1764458848,IMSI-3966457784,2026-07-15T07:34:00,TWR-108,telecom_cdr.csv
9156490709,phone,IMEI-2198278959,IMSI-7494703100,2026-08-14T22:08:00,TWR-125,telecom_cdr.csv
9468748835,phone,IMEI-5361336908,IMSI-4651458287,2026-08-26T15:15:00,TWR-182,telecom_cdr.csv
9235973021,phone,IMEI-2583943185,IMSI-8616009985,2026-08-02T23:12:00,TWR-120,telecom_cdr.csv
9206752746,phone,IMEI-5711397258,IMSI-7467067157,2026-08-04T18:02:00,TWR-149,telecom_cdr.csv
9533492995,phone,IMEI-3442653754,IMSI-7225620982,2026-08-27T15:44:00,TWR-102,telecom_cdr.csv
9032926051,phone,IMEI-6529088324,IMSI-0974431797,2026-08-18T17:14:00,TWR-111,telecom_cdr.csv
9490684265,phone,IMEI-6725708846,IMSI-3251399263,2026-08-08T19:39:00,TWR-129,telecom_cdr.csv
9347052967,phone,IMEI-5448119712,IMSI-9901365634,2026-07-23T00:45:00,TWR-153,telecom_cdr.csv
9641445280,phone,IMEI-6990651019,IMSI-4884701240,2026-07-13T08:33:00,TWR-162,telecom_cdr.csv
9904918041,phone,IMEI-9240363234,IMSI-6447246867,2026-07-03T19:19:00,TWR-116,telecom_cdr.csv
9809362966,phone,IMEI-6207009819,IMSI-1302045948,2026-08-11T03:58:00,TWR-109,telecom_cdr.csv
9824810215,phone,IMEI-6544511135,IMSI-2088992459,2026-07-22T20:55:00,TWR-138,telecom_cdr.csv
9169655864,phone,IMEI-1253979739,IMSI-7565164348,2026-07-31T09:48:00,TWR-174,telecom_cdr.csv
9207971522,phone,IMEI-7443674400,IMSI-3923742160,2026-07-24T23:56:00,TWR-139,telecom_cdr.csv
9974289528,phone,IMEI-9081698993,IMSI-7754855127,2026-07-07T19:54:00,TWR-178,telecom_cdr.csv
9539232741,phone,IMEI-0531647418,IMSI-3346879319,2026-07-18T02:32:00,TWR-194,telecom_cdr.csv
9694458096,phone,IMEI-8042671714,IMSI-3468585288,2026-08-01T12:06:00,TWR-163,telecom_cdr.csv
9524417224,phone,IMEI-0151188291,IMSI-1260342701,2026-07-05T03:43:00,TWR-179,telecom_cdr.csv
9215138019,phone,IMEI-1469630754,IMSI-5640016715,2026-07-31T08:29:00,TWR-161,telecom_cdr.csv
9743555336,phone,IMEI-1879763705,IMSI-9643160587,2026-08-12T07:58:00,TWR-181,telecom_cdr.csv
9190777522,phone,IMEI-6160323305,IMSI-9254337711,2026-07-21T14:17:00,TWR-181,telecom_cdr.csv
9780874168,phone,IMEI-1814714635,IMSI-9283753410,2026-08-06T06:27:00,TWR-113,telecom_cdr.csv
9386896000,phone,IMEI-4962986758,IMSI-2471331430,2026-08-26T20:19:00,TWR-108,telecom_cdr.csv
9563850020,phone,IMEI-6954138012,IMSI-9172128616,2026-07-20T10:01:00,TWR-146,telecom_cdr.csv
9597122314,phone,IMEI-8709746261,IMSI-0634704633,2026-07-17T07:06:00,TWR-155,telecom_cdr.csv
9199646627,phone,IMEI-8703526006,IMSI-2286385757,2026-08-03T23:18:00,TWR-134,telecom_cdr.csv
9375742874,phone,IMEI-3310813747,IMSI-0244709152,2026-07-29T01:47:00,TWR-160,telecom_cdr.csv
9636579261,phone,IMEI-7647856716,IMSI-6153608435,2026-08-28T23:30:00,TWR-105,telecom_cdr.csv
9482868447,phone,IMEI-9645744869,IMSI-4659880035,2026-07-21T12:56:00,TWR-101,telecom_cdr.csv
9983142650,phone,IMEI-9388404548,IMSI-4148752876,2026-08-01T04:19:00,TWR-109,telecom_cdr.csv
9717964393,phone,IMEI-1336166221,IMSI-3798227162,2026-07-10T17:01:00,TWR-150,telecom_cdr.csv
9328742878,phone,IMEI-0159171950,IMSI-9753393771,2026-08-25T02:33:00,TWR-169,telecom_cdr.csv
9873599794,phone,IMEI-2018688559,IMSI-1432340619,2026-08-06T09:43:00,TWR-192,telecom_cdr.csv
9904845915,phone,IMEI-2928562860,IMSI-0191416813,2026-07-18T02:40:00,TWR-158,telecom_cdr.csv
9026954613,phone,IMEI-9561082774,IMSI-4696531085,2026-07-03T11:01:00,TWR-109,telecom_cdr.csv
9218695154,phone,IMEI-6064697905,IMSI-4183599345,2026-07-31T16:23:00,TWR-138,telecom_cdr.csv
9290181585,phone,IMEI-1507527980,IMSI-8858192226,2026-07-08T17:01:00,TWR-110,telecom_cdr.csv
9396454436,phone,IMEI-9562527096,IMSI-8818089029,2026-08-08T21:39:00,TWR-164,telecom_cdr.csv
9891712996,phone,IMEI-2417841663,IMSI-9782591182,2026-08-11T03:49:00,TWR-174,telecom_cdr.csv
9603548538,phone,IMEI-1415166901,IMSI-2146809813,2026-08-26T14:17:00,TWR-120,telecom_cdr.csv
9887832742,phone,IMEI-3548201949,IMSI-9971589500,2026-07-15T12:08:00,TWR-176,telecom_cdr.csv
9521820994,phone,IMEI-2715093351,IMSI-4565984056,2026-07-25T12:43:00,TWR-116,telecom_cdr.csv
9366850427,phone,IMEI-4191750603,IMSI-7365428640,2026-08-10T14:11:00,TWR-137,telecom_cdr.csv
9282096728,phone,IMEI-0338852094,IMSI-8039563622,2026-07-31T04:40:00,TWR-131,telecom_cdr.csv
9920240606,phone,IMEI-5708662937,IMSI-3953132652,2026-07-29T06:52:00,TWR-175,telecom_cdr.csv
9927402184,phone,IMEI-8660428186,IMSI-3269225489,2026-07-29T00:06:00,TWR-189,telecom_cdr.csv
9657812846,phone,IMEI-9765732617,IMSI-8249332885,2026-08-09T13:00:00,TWR-192,telecom_cdr.csv
9210244612,phone,IMEI-6189465100,IMSI-7205358651,2026-07-28T16:49:00,TWR-100,telecom_cdr.csv
9874249954,phone,IMEI-4200352328,IMSI-3148847499,2026-07-31T02:01:00,TWR-152,telecom_cdr.csv
9048184584,phone,IMEI-5556194327,IMSI-0612124765,2026-07-13T16:05:00,TWR-143,telecom_cdr.csv
9485847011,phone,IMEI-3616414782,IMSI-7156462613,2026-07-11T20:54:00,TWR-176,telecom_cdr.csv
9905828031,phone,IMEI-0781238549,IMSI-4012237783,2026-08-26T21:38:00,TWR-168,telecom_cdr.csv
9623701950,phone,IMEI-1007524639,IMSI-3459351007,2026-08-09T11:07:00,TWR-111,telecom_cdr.csv
9971996767,phone,IMEI-7476825008,IMSI-5434181641,2026-08-28T14:07:00,TWR-166,telecom_cdr.csv
9651614051,phone,IMEI-8947014715,IMSI-1840697069,2026-08-05T15:35:00,TWR-187,telecom_cdr.csv
9349613120,phone,IMEI-7120450068,IMSI-1755976326,2026-07-20T03:44:00,TWR-160,telecom_cdr.csv
9075020416,phone,IMEI-7025149198,IMSI-1738385411,2026-07-14T15:21:00,TWR-196,telecom_cdr.csv
9626296040,phone,IMEI-8392209518,IMSI-3728872159,2026-07-12T03:43:00,TWR-162,telecom_cdr.csv
9353907400,phone,IMEI-6539442892,IMSI-8146537124,2026-08-02T03:54:00,TWR-152,telecom_cdr.csv
9025067408,phone,IMEI-8800707702,IMSI-7764375199,2026-08-02T19:20:00,TWR-151,telecom_cdr.csv
9991205817,phone,IMEI-9329436732,IMSI-9249137229,2026-08-21T11:13:00,TWR-144,telecom_cdr.csv
9757105317,phone,IMEI-9808886408,IMSI-4613420403,2026-08-17T04:55:00,TWR-188,telecom_cdr.csv
9032926051,phone,IMEI-6529088324,IMSI-0974431797,2026-07-05T05:18:00,TWR-101,telecom_cdr.csv
9468748835,phone,IMEI-5361336908,IMSI-4651458287,2026-08-07T02:28:00,TWR-194,telecom_cdr.csv
9257827965,phone,IMEI-6468780293,IMSI-1640945050,2026-08-19T02:24:00,TWR-163,telecom_cdr.csv
9527600495,phone,IMEI-8228613607,IMSI-0187837949,2026-08-24T01:59:00,TWR-144,telecom_cdr.csv
9704583586,phone,IMEI-5888293752,IMSI-2725537131,2026-07-24T15:52:00,TWR-119,telecom_cdr.csv
9920240606,phone,IMEI-5708662937,IMSI-3953132652,2026-08-02T16:59:00,TWR-151,telecom_cdr.csv
9943604188,phone,IMEI-6668635297,IMSI-7520017429,2026-08-17T11:24:00,TWR-183,telecom_cdr.csv
9925714244,phone,IMEI-8425782495,IMSI-6750866870,2026-07-03T21:32:00,TWR-180,telecom_cdr.csv
9933390585,phone,IMEI-8541751229,IMSI-9861048331,2026-08-18T00:59:00,TWR-101,telecom_cdr.csv
9562254266,phone,IMEI-9002034944,IMSI-5089706326,2026-07-23T05:31:00,TWR-113,telecom_cdr.csv
9036057232,phone,IMEI-9429354641,IMSI-9250384488,2026-08-06T03:11:00,TWR-108,telecom_cdr.csv
9707711861,phone,IMEI-5444624745,IMSI-4241977022,2026-07-11T21:07:00,TWR-121,telecom_cdr.csv
9001971594,phone,IMEI-0493528240,IMSI-8232834601,2026-07-05T13:56:00,TWR-129,telecom_cdr.csv
9024707036,phone,IMEI-7347992008,IMSI-2888843616,2026-07-19T20:37:00,TWR-168,telecom_cdr.csv
9279851207,phone,IMEI-7951035100,IMSI-4449203537,2026-07-27T11:43:00,TWR-176,telecom_cdr.csv
9714201071,phone,IMEI-1215109801,IMSI-4981486433,2026-07-02T19:10:00,TWR-128,telecom_cdr.csv
9337468903,phone,IMEI-4363232160,IMSI-4719981838,2026-07-21T15:16:00,TWR-113,telecom_cdr.csv
9235973021,phone,IMEI-2583943185,IMSI-8616009985,2026-07-26T13:54:00,TWR-170,telecom_cdr.csv
9568945147,phone,IMEI-3313579640,IMSI-8087521525,2026-08-17T22:39:00,TWR-198,telecom_cdr.csv
9863626383,phone,IMEI-3156686324,IMSI-3105190338,2026-07-21T21:04:00,TWR-110,telecom_cdr.csv
9915684975,phone,IMEI-7552324309,IMSI-9692569537,2026-07-12T03:14:00,TWR-143,telecom_cdr.csv
9200139158,phone,IMEI-0054870777,IMSI-4754723180,2026-08-09T07:58:00,TWR-102,telecom_cdr.csv
9556161246,phone,IMEI-9232058172,IMSI-6240572973,2026-08-19T06:10:00,TWR-195,telecom_cdr.csv
9325983817,phone,IMEI-3400499804,IMSI-0005369733,2026-08-25T07:18:00,TWR-125,telecom_cdr.csv
9114968431,phone,IMEI-8769080055,IMSI-7754791819,2026-08-07T16:56:00,TWR-127,telecom_cdr.csv
9368290911,phone,IMEI-2438192926,IMSI-4864644779,2026-07-03T22:49:00,TWR-187,telecom_cdr.csv
9374975071,phone,IMEI-5214418241,IMSI-5649990038,2026-07-23T08:17:00,TWR-137,telecom_cdr.csv
9784541701,phone,IMEI-4794903435,IMSI-6935154833,2026-08-13T17:19:00,TWR-165,telecom_cdr.csv
9683509307,phone,IMEI-2052204318,IMSI-5650646676,2026-08-26T17:08:00,TWR-113,telecom_cdr.csv
9095950087,phone,IMEI-6408982926,IMSI-3137052971,2026-07-19T20:57:00,TWR-158,telecom_cdr.csv
9873173192,phone,IMEI-4178183485,IMSI-3005028827,2026-07-06T15:48:00,TWR-120,telecom_cdr.csv
9245911056,phone,IMEI-4589252588,IMSI-5987999575,2026-07-02T16:13:00,TWR-194,telecom_cdr.csv
9562679527,phone,IMEI-5177175824,IMSI-9150100589,2026-07-02T22:35:00,TWR-190,telecom_cdr.csv
9075020416,phone,IMEI-7025149198,IMSI-1738385411,2026-07-22T15:03:00,TWR-129,telecom_cdr.csv
9420863611,phone,IMEI-4537963191,IMSI-3558536002,2026-07-02T05:38:00,TWR-188,telecom_cdr.csv
9573060504,phone,IMEI-9845805713,IMSI-1269292427,2026-08-09T18:52:00,TWR-123,telecom_cdr.csv
9290816302,phone,IMEI-2542781927,IMSI-4339504550,2026-08-19T04:37:00,TWR-151,telecom_cdr.csv
9648698389,phone,IMEI-2911823345,IMSI-3313210986,2026-08-19T18:11:00,TWR-135,telecom_cdr.csv
9472817397,phone,IMEI-3943536741,IMSI-5980622656,2026-07-28T01:35:00,TWR-149,telecom_cdr.csv
9819729399,phone,IMEI-2301615059,IMSI-4636655283,2026-07-21T22:50:00,TWR-137,telecom_cdr.csv
9585932222,phone,IMEI-5135064293,IMSI-2500800031,2026-07-02T01:08:00,TWR-180,telecom_cdr.csv
9253232817,phone,IMEI-7487857624,IMSI-6021549849,2026-08-09T19:14:00,TWR-106,telecom_cdr.csv
9910619958,phone,IMEI-5465799488,IMSI-1223516197,2026-08-23T22:48:00,TWR-116,telecom_cdr.csv
9904918041,phone,IMEI-9240363234,IMSI-6447246867,2026-08-13T05:41:00,TWR-103,telecom_cdr.csv
9861985877,phone,IMEI-9327146095,IMSI-9462811342,2026-07-24T16:36:00,TWR-187,telecom_cdr.csv
9088410525,phone,IMEI-2404699364,IMSI-7683056527,2026-08-04T01:43:00,TWR-168,telecom_cdr.csv
9714201071,phone,IMEI-1215109801,IMSI-4981486433,2026-07-04T04:40:00,TWR-165,telecom_cdr.csv
9446485809,phone,IMEI-8567624422,IMSI-1677292965,2026-08-17T22:44:00,TWR-171,telecom_cdr.csv
9526824044,phone,IMEI-1327895693,IMSI-4016492938,2026-08-23T13:11:00,TWR-157,telecom_cdr.csv
9029380964,phone,IMEI-1200821527,IMSI-6889099505,2026-08-16T16:36:00,TWR-161,telecom_cdr.csv
9037548430,phone,IMEI-3229544495,IMSI-5683183539,2026-07-01T21:39:00,TWR-104,telecom_cdr.csv
9967287288,phone,IMEI-5531865775,IMSI-1917546621,2026-08-30T02:49:00,TWR-148,telecom_cdr.csv
9613879165,phone,IMEI-8541925296,IMSI-6940659123,2026-08-02T03:39:00,TWR-153,telecom_cdr.csv
9416151222,phone,IMEI-8768119539,IMSI-3558405416,2026-07-16T23:18:00,TWR-150,telecom_cdr.csv
9950780803,phone,IMEI-7161278708,IMSI-9020949409,2026-08-26T21:02:00,TWR-118,telecom_cdr.csv
9806584807,phone,IMEI-3325739683,IMSI-3431450804,2026-08-20T18:54:00,TWR-164,telecom_cdr.csv
9408119185,phone,IMEI-4825774962,IMSI-9490109164,2026-07-03T12:05:00,TWR-167,telecom_cdr.csv
9828083255,phone,IMEI-5976071619,IMSI-4602339619,2026-07-09T19:08:00,TWR-177,telecom_cdr.csv
9654919306,phone,IMEI-6308420781,IMSI-6808671244,2026-08-15T14:32:00,TWR-108,telecom_cdr.csv
9954882339,phone,IMEI-9986404688,IMSI-6508308241,2026-07-03T05:29:00,TWR-197,telecom_cdr.csv
9052248897,phone,IMEI-9323304340,IMSI-9102154726,2026-08-06T18:17:00,TWR-172,telecom_cdr.csv
9274895219,phone,IMEI-6908873368,IMSI-1806085875,2026-07-21T01:16:00,TWR-158,telecom_cdr.csv
9245911056,phone,IMEI-4589252588,IMSI-5987999575,2026-08-17T10:48:00,TWR-144,telecom_cdr.csv
9691846146,phone,IMEI-4534335948,IMSI-1752565082,2026-08-07T19:06:00,TWR-130,telecom_cdr.csv
9602015781,phone,IMEI-0884446931,IMSI-7201987789,2026-07-16T22:47:00,TWR-130,telecom_cdr.csv
9586592627,phone,IMEI-9592646825,IMSI-6747179784,2026-07-16T02:33:00,TWR-110,telecom_cdr.csv
9626296040,phone,IMEI-8392209518,IMSI-3728872159,2026-08-25T03:06:00,TWR-193,telecom_cdr.csv
9543282721,phone,IMEI-2316776096,IMSI-0198078830,2026-07-31T05:19:00,TWR-169,telecom_cdr.csv
9780874168,phone,IMEI-1814714635,IMSI-9283753410,2026-08-18T02:50:00,TWR-123,telecom_cdr.csv
9035922148,phone,IMEI-2224625802,IMSI-9359009204,2026-08-29T07:35:00,TWR-114,telecom_cdr.csv
9917643972,phone,IMEI-7312323584,IMSI-2916220010,2026-08-17T23:36:00,TWR-145,telecom_cdr.csv
9805487915,phone,IMEI-3445022468,IMSI-6975300505,2026-08-16T23:17:00,TWR-101,telecom_cdr.csv
9515434515,phone,IMEI-0855362648,IMSI-2150782919,2026-08-04T02:49:00,TWR-110,telecom_cdr.csv
9075311300,phone,IMEI-4408601965,IMSI-9308588860,2026-07-19T07:56:00,TWR-192,telecom_cdr.csv
9254819907,phone,IMEI-9224741128,IMSI-6454507798,2026-08-17T05:05:00,TWR-153,telecom_cdr.csv
9032926051,phone,IMEI-6529088324,IMSI-0974431797,2026-07-31T19:43:00,TWR-151,telecom_cdr.csv
9544975157,phone,IMEI-6465259090,IMSI-4961892459,2026-07-20T02:48:00,TWR-113,telecom_cdr.csv
9420863611,phone,IMEI-4537963191,IMSI-3558536002,2026-08-24T19:21:00,TWR-102,telecom_cdr.csv
9218695154,phone,IMEI-6064697905,IMSI-4183599345,2026-07-08T03:07:00,TWR-104,telecom_cdr.csv
9770490673,phone,IMEI-5293170280,IMSI-7306615743,2026-07-16T20:06:00,TWR-190,telecom_cdr.csv
9658966573,phone,IMEI-5717676475,IMSI-7649468920,2026-08-18T03:45:00,TWR-169,telecom_cdr.csv
9420515785,phone,IMEI-5002619776,IMSI-5556624137,2026-07-05T05:33:00,TWR-166,telecom_cdr.csv
9873599794,phone,IMEI-2018688559,IMSI-1432340619,2026-07-16T07:24:00,TWR-107,telecom_cdr.csv
9961618335,phone,IMEI-5752734493,IMSI-8298823460,2026-07-01T15:50:00,TWR-144,telecom_cdr.csv
9797449946,phone,IMEI-6504289074,IMSI-8867604255,2026-07-24T03:04:00,TWR-170,telecom_cdr.csv
9597122314,phone,IMEI-8709746261,IMSI-0634704633,2026-07-27T11:36:00,TWR-113,telecom_cdr.csv
9287968855,phone,IMEI-9100819128,IMSI-6868079513,2026-08-10T05:09:00,TWR-169,telecom_cdr.csv
9468692379,phone,IMEI-2857946562,IMSI-6720847286,2026-07-15T02:31:00,TWR-111,telecom_cdr.csv
9584242489,phone,IMEI-3711761377,IMSI-6896549459,2026-07-10T07:41:00,TWR-189,telecom_cdr.csv
9602015781,phone,IMEI-0884446931,IMSI-7201987789,2026-08-06T01:18:00,TWR-137,telecom_cdr.csv
9863248414,phone,IMEI-5696212355,IMSI-2774984289,2026-08-19T13:32:00,TWR-179,telecom_cdr.csv
9406454159,phone,IMEI-5200339415,IMSI-3882619019,2026-07-09T05:49:00,TWR-103,telecom_cdr.csv
9188180702,phone,IMEI-9453874896,IMSI-7885652348,2026-08-15T02:49:00,TWR-142,telecom_cdr.csv
9915684975,phone,IMEI-7552324309,IMSI-9692569537,2026-07-03T22:49:00,TWR-195,telecom_cdr.csv
9108252674,phone,IMEI-8973790545,IMSI-4816752486,2026-07-18T19:07:00,TWR-128,telecom_cdr.csv
9792178365,phone,IMEI-5340830680,IMSI-1385621710,2026-07-20T01:25:00,TWR-142,telecom_cdr.csv
9636579261,phone,IMEI-7647856716,IMSI-6153608435,2026-07-30T20:16:00,TWR-100,telecom_cdr.csv
9378012248,phone,IMEI-8609401939,IMSI-2724977073,2026-08-30T06:58:00,TWR-175,telecom_cdr.csv
9623701950,phone,IMEI-1007524639,IMSI-3459351007,2026-08-11T21:26:00,TWR-121,telecom_cdr.csv
9745386561,phone,IMEI-8716172764,IMSI-9174333986,2026-08-30T00:07:00,TWR-171,telecom_cdr.csv
9158252827,phone,IMEI-8805136103,IMSI-6508961138,2026-08-26T18:02:00,TWR-119,telecom_cdr.csv
9028267486,phone,IMEI-0990287722,IMSI-1904848888,2026-08-10T18:59:00,TWR-124,telecom_cdr.csv
9108870955,phone,IMEI-9681629163,IMSI-6874905123,2026-08-16T06:55:00,TWR-101,telecom_cdr.csv
9111007715,phone,IMEI-2993553676,IMSI-6251384966,2026-08-14T09:10:00,TWR-145,telecom_cdr.csv
9951468336,phone,IMEI-9833539850,IMSI-4324092769,2026-07-22T22:38:00,TWR-148,telecom_cdr.csv
9052861995,phone,IMEI-9123454088,IMSI-1139166697,2026-08-09T12:08:00,TWR-138,telecom_cdr.csv
9735076512,phone,IMEI-0841753939,IMSI-1527713886,2026-08-17T12:30:00,TWR-188,telecom_cdr.csv
9806584807,phone,IMEI-3325739683,IMSI-3431450804,2026-07-12T12:46:00,TWR-177,telecom_cdr.csv
9664697473,phone,IMEI-1894647082,IMSI-2726219324,2026-07-29T17:22:00,TWR-176,telecom_cdr.csv
9015589230,phone,IMEI-4892447397,IMSI-2920650602,2026-07-27T10:13:00,TWR-173,telecom_cdr.csv
9427417325,phone,IMEI-5938717264,IMSI-1756444119,2026-08-26T12:30:00,TWR-150,telecom_cdr.csv
9189008337,phone,IMEI-8173120002,IMSI-6240414156,2026-08-04T12:58:00,TWR-163,telecom_cdr.csv
9602138521,phone,IMEI-1840426739,IMSI-5757966694,2026-08-01T00:45:00,TWR-127,telecom_cdr.csv
9320016462,phone,IMEI-8797199572,IMSI-9747405916,2026-07-04T03:58:00,TWR-144,telecom_cdr.csv
9822745513,phone,IMEI-0197789236,IMSI-6673910180,2026-07-08T01:39:00,TWR-149,telecom_cdr.csv
9411207999,phone,IMEI-8453484218,IMSI-8347399812,2026-07-06T06:05:00,TWR-124,telecom_cdr.csv
9526824044,phone,IMEI-1327895693,IMSI-4016492938,2026-07-07T18:55:00,TWR-106,telecom_cdr.csv
9623121500,phone,IMEI-0108792131,IMSI-6877336484,2026-08-11T21:20:00,TWR-166,telecom_cdr.csv
9292869007,phone,IMEI-0943331952,IMSI-4641712705,2026-08-30T07:21:00,TWR-171,telecom_cdr.csv
9081392335,phone,IMEI-0599539452,IMSI-3735337330,2026-08-09T03:03:00,TWR-162,telecom_cdr.csv
9320016462,phone,IMEI-8797199572,IMSI-9747405916,2026-08-24T04:59:00,TWR-173,telecom_cdr.csv
9293480844,phone,IMEI-8568759131,IMSI-1147789695,2026-07-25T14:31:00,TWR-146,telecom_cdr.csv
9108870955,phone,IMEI-9681629163,IMSI-6874905123,2026-08-10T20:57:00,TWR-191,telecom_cdr.csv
9950712865,phone,IMEI-7429481661,IMSI-9887989570,2026-07-06T06:19:00,TWR-133,telecom_cdr.csv
9334017043,phone,IMEI-6535811985,IMSI-9220383011,2026-07-27T10:00:00,TWR-143,telecom_cdr.csv
9784541701,phone,IMEI-4794903435,IMSI-6935154833,2026-07-20T12:16:00,TWR-168,telecom_cdr.csv
9641643119,phone,IMEI-9263370349,IMSI-4083002667,2026-08-29T01:01:00,TWR-105,telecom_cdr.csv
9487170800,phone,IMEI-6019750957,IMSI-0955113744,2026-08-18T11:07:00,TWR-158,telecom_cdr.csv
9955420533,phone,IMEI-4753026857,IMSI-4464279175,2026-08-01T23:35:00,TWR-128,telecom_cdr.csv
9961618335,phone,IMEI-5752734493,IMSI-8298823460,2026-07-06T12:20:00,TWR-197,telecom_cdr.csv
9025067408,phone,IMEI-8800707702,IMSI-7764375199,2026-08-05T14:19:00,TWR-162,telecom_cdr.csv
9950780803,phone,IMEI-7161278708,IMSI-9020949409,2026-08-08T07:10:00,TWR-101,telecom_cdr.csv
9863248414,phone,IMEI-5696212355,IMSI-2774984289,2026-08-10T08:22:00,TWR-119,telecom_cdr.csv
9754074724,phone,IMEI-0474251131,IMSI-2798903733,2026-07-23T02:34:00,TWR-159,telecom_cdr.csv
9158252827,phone,IMEI-8805136103,IMSI-6508961138,2026-07-04T10:41:00,TWR-118,telecom_cdr.csv
9309176245,phone,IMEI-1715753190,IMSI-0042972767,2026-07-10T08:32:00,TWR-180,telecom_cdr.csv
9892195305,phone,IMEI-3482362498,IMSI-1721450403,2026-08-18T14:17:00,TWR-175,telecom_cdr.csv
9808579845,phone,IMEI-8087040989,IMSI-5392371679,2026-08-13T12:27:00,TWR-195,telecom_cdr.csv
9217455501,phone,IMEI-5978749003,IMSI-2792413289,2026-08-19T03:45:00,TWR-167,telecom_cdr.csv
9805487915,phone,IMEI-3445022468,IMSI-6975300505,2026-08-22T04:31:00,TWR-173,telecom_cdr.csv
9484655639,phone,IMEI-3302054243,IMSI-7587867528,2026-08-16T05:18:00,TWR-134,telecom_cdr.csv
9597685625,phone,IMEI-4686630566,IMSI-6009527101,2026-07-12T15:05:00,TWR-118,telecom_cdr.csv
9200375438,phone,IMEI-4397382276,IMSI-3873692961,2026-07-05T16:39:00,TWR-187,telecom_cdr.csv
9714322405,phone,IMEI-2563370156,IMSI-2549786229,2026-08-13T10:24:00,TWR-152,telecom_cdr.csv
9828083255,phone,IMEI-5976071619,IMSI-4602339619,2026-08-05T12:11:00,TWR-173,telecom_cdr.csv
9476913647,phone,IMEI-4739402259,IMSI-5182879172,2026-08-29T10:59:00,TWR-127,telecom_cdr.csv
9067973962,phone,IMEI-3210762736,IMSI-8552134527,2026-07-31T22:58:00,TWR-155,telecom_cdr.csv
9678920670,phone,IMEI-6615710243,IMSI-4687231211,2026-07-24T22:30:00,TWR-105,telecom_cdr.csv
9235973021,phone,IMEI-2583943185,IMSI-8616009985,2026-08-26T01:16:00,TWR-178,telecom_cdr.csv
9655734481,phone,IMEI-8354977365,IMSI-9857964228,2026-07-18T04:36:00,TWR-117,telecom_cdr.csv
9623871285,phone,IMEI-9142445182,IMSI-9509197389,2026-08-09T21:07:00,TWR-179,telecom_cdr.csv
9327888369,phone,IMEI-7698981986,IMSI-6354953088,2026-08-10T23:31:00,TWR-133,telecom_cdr.csv
9054186775,phone,IMEI-9137435913,IMSI-3429537630,2026-07-10T07:20:00,TWR-162,telecom_cdr.csv
9402819790,phone,IMEI-4294897908,IMSI-7466611652,2026-08-26T03:46:00,TWR-155,telecom_cdr.csv
9558401725,phone,IMEI-9018823279,IMSI-7670102992,2026-07-02T17:17:00,TWR-103,telecom_cdr.csv
9935410186,phone,IMEI-0217850370,IMSI-4402377551,2026-07-10T12:41:00,TWR-198,telecom_cdr.csv
9814488986,phone,IMEI-8402450836,IMSI-9997976132,2026-08-22T17:17:00,TWR-196,telecom_cdr.csv
9174427652,phone,IMEI-4825980235,IMSI-9469691198,2026-08-18T13:52:00,TWR-153,telecom_cdr.csv
9647059068,phone,IMEI-2336311722,IMSI-4832787868,2026-07-16T19:35:00,TWR-168,telecom_cdr.csv
9514716369,phone,IMEI-5142856644,IMSI-6005250896,2026-07-23T21:20:00,TWR-109,telecom_cdr.csv
9432789553,phone,IMEI-7581615382,IMSI-6059787584,2026-08-21T14:13:00,TWR-175,telecom_cdr.csv
9824810215,phone,IMEI-6544511135,IMSI-2088992459,2026-07-12T06:33:00,TWR-154,telecom_cdr.csv
9113920361,phone,IMEI-3360587270,IMSI-9912359751,2026-07-20T06:40:00,TWR-102,telecom_cdr.csv
9763919028,phone,IMEI-1250460694,IMSI-0177010406,2026-08-17T02:35:00,TWR-172,telecom_cdr.csv
9683509307,phone,IMEI-2052204318,IMSI-5650646676,2026-07-12T15:17:00,TWR-179,telecom_cdr.csv
9680479553,phone,IMEI-8242039321,IMSI-2319158333,2026-08-17T20:27:00,TWR-111,telecom_cdr.csv
9521820994,phone,IMEI-2715093351,IMSI-4565984056,2026-08-13T10:59:00,TWR-117,telecom_cdr.csv
9327888369,phone,IMEI-7698981986,IMSI-6354953088,2026-08-04T07:17:00,TWR-145,telecom_cdr.csv
9158252827,phone,IMEI-8805136103,IMSI-6508961138,2026-07-13T20:57:00,TWR-185,telecom_cdr.csv
9691846146,phone,IMEI-4534335948,IMSI-1752565082,2026-08-17T06:47:00,TWR-111,telecom_cdr.csv
9517600235,phone,IMEI-2912800533,IMSI-1250430801,2026-08-07T16:33:00,TWR-113,telecom_cdr.csv
9153514440,phone,IMEI-2811772442,IMSI-9051485715,2026-07-30T04:00:00,TWR-188,telecom_cdr.csv
9576172543,phone,IMEI-0561865049,IMSI-7238415421,2026-08-10T23:22:00,TWR-106,telecom_cdr.csv
9471958575,phone,IMEI-4764251333,IMSI-2865780863,2026-08-03T07:40:00,TWR-186,telecom_cdr.csv
9350335680,phone,IMEI-5155214360,IMSI-3276562475,2026-07-01T10:01:00,TWR-127,telecom_cdr.csv
9917643972,phone,IMEI-7312323584,IMSI-2916220010,2026-07-25T21:15:00,TWR-147,telecom_cdr.csv
9416151222,phone,IMEI-8768119539,IMSI-3558405416,2026-08-18T11:36:00,TWR-171,telecom_cdr.csv
9727226471,phone,IMEI-0422532958,IMSI-5584133490,2026-07-24T03:14:00,TWR-112,telecom_cdr.csv
9707126885,phone,IMEI-9547499380,IMSI-8818714468,2026-08-06T23:04:00,TWR-158,telecom_cdr.csv
9514716369,phone,IMEI-5142856644,IMSI-6005250896,2026-08-15T13:53:00,TWR-165,telecom_cdr.csv
9028267486,phone,IMEI-0990287722,IMSI-1904848888,2026-08-27T12:36:00,TWR-116,telecom_cdr.csv
9798271778,phone,IMEI-6338109511,IMSI-1483709143,2026-07-30T21:02:00,TWR-184,telecom_cdr.csv
9833355085,phone,IMEI-7634663811,IMSI-2589019228,2026-08-17T04:54:00,TWR-184,telecom_cdr.csv
9137678825,phone,IMEI-2620552136,IMSI-7994288521,2026-07-15T13:07:00,TWR-120,telecom_cdr.csv
9615796546,phone,IMEI-6950112498,IMSI-4491718898,2026-08-15T21:52:00,TWR-136,telecom_cdr.csv
9998681300,phone,IMEI-1085727773,IMSI-8554311851,2026-08-24T02:10:00,TWR-175,telecom_cdr.csv
9770093141,phone,IMEI-0840929222,IMSI-0710788208,2026-08-25T01:44:00,TWR-126,telecom_cdr.csv
9108870955,phone,IMEI-9681629163,IMSI-6874905123,2026-07-26T21:54:00,TWR-172,telecom_cdr.csv
9325983817,phone,IMEI-3400499804,IMSI-0005369733,2026-07-12T13:30:00,TWR-132,telecom_cdr.csv
9383110351,phone,IMEI-6993339985,IMSI-0148259083,2026-07-29T14:41:00,TWR-130,telecom_cdr.csv
9515434515,phone,IMEI-0855362648,IMSI-2150782919,2026-07-07T01:26:00,TWR-183,telecom_cdr.csv
9854947319,phone,IMEI-7644654409,IMSI-0430181971,2026-07-02T14:59:00,TWR-119,telecom_cdr.csv
9295361047,phone,IMEI-1434102396,IMSI-8150726368,2026-07-03T18:10:00,TWR-115,telecom_cdr.csv
9727226471,phone,IMEI-0422532958,IMSI-5584133490,2026-07-22T23:44:00,TWR-168,telecom_cdr.csv
9556161246,phone,IMEI-9232058172,IMSI-6240572973,2026-08-19T20:18:00,TWR-131,telecom_cdr.csv
9904220310,phone,IMEI-2722872527,IMSI-2398195726,2026-08-12T13:22:00,TWR-146,telecom_cdr.csv
9308845429,phone,IMEI-7694229206,IMSI-6769302918,2026-08-25T08:10:00,TWR-107,telecom_cdr.csv
9616289158,phone,IMEI-6168573146,IMSI-5464383581,2026-07-20T11:16:00,TWR-162,telecom_cdr.csv
9540384926,phone,IMEI-7271453186,IMSI-5137182255,2026-07-08T00:16:00,TWR-155,telecom_cdr.csv
9738711379,phone,IMEI-3555194118,IMSI-8673754743,2026-08-28T19:35:00,TWR-193,telecom_cdr.csv
9423639948,phone,IMEI-4618232726,IMSI-5795032358,2026-08-17T23:12:00,TWR-122,telecom_cdr.csv
9712239771,phone,IMEI-6711935640,IMSI-2848165980,2026-08-13T22:55:00,TWR-187,telecom_cdr.csv
9076549771,phone,IMEI-7566490472,IMSI-1671036883,2026-07-06T14:53:00,TWR-177,telecom_cdr.csv
9013502707,phone,IMEI-7216113408,IMSI-9257382205,2026-07-02T21:33:00,TWR-191,telecom_cdr.csv
9694458096,phone,IMEI-8042671714,IMSI-3468585288,2026-08-23T15:51:00,TWR-185,telecom_cdr.csv
9988853930,phone,IMEI-2215295848,IMSI-3024275776,2026-08-11T19:59:00,TWR-137,telecom_cdr.csv
9947875390,phone,IMEI-5793611595,IMSI-7730889722,2026-08-20T16:03:00,TWR-112,telecom_cdr.csv
9992206411,phone,IMEI-9575813014,IMSI-2848717749,2026-07-03T16:54:00,TWR-106,telecom_cdr.csv
9559321940,phone,IMEI-7522970723,IMSI-5449490568,2026-07-27T06:26:00,TWR-168,telecom_cdr.csv
9343802201,phone,IMEI-4165891380,IMSI-8876719017,2026-08-03T20:46:00,TWR-139,telecom_cdr.csv
9339899280,phone,IMEI-3287756597,IMSI-4213052281,2026-07-16T15:33:00,TWR-193,telecom_cdr.csv
9794873598,phone,IMEI-9565272965,IMSI-7344759078,2026-07-06T18:36:00,TWR-140,telecom_cdr.csv
9892098543,phone,IMEI-6260110809,IMSI-1781817009,2026-07-27T23:41:00,TWR-166,telecom_cdr.csv
9556214443,phone,IMEI-2843068024,IMSI-4172224634,2026-07-03T04:45:00,TWR-167,telecom_cdr.csv
9336062305,phone,IMEI-9695468778,IMSI-0723325237,2026-07-29T07:26:00,TWR-193,telecom_cdr.csv
9744055026,phone,IMEI-1615000391,IMSI-6960935422,2026-08-24T13:46:00,TWR-147,telecom_cdr.csv
9572427103,phone,IMEI-5634470338,IMSI-3624256035,2026-08-16T08:21:00,TWR-154,telecom_cdr.csv
9921873448,phone,IMEI-5665790813,IMSI-0402416184,2026-07-15T20:21:00,TWR-134,telecom_cdr.csv
9988913278,phone,IMEI-1929211316,IMSI-7740745614,2026-08-15T19:07:00,TWR-148,telecom_cdr.csv
9934372835,phone,IMEI-0534620831,IMSI-0744642868,2026-07-24T17:49:00,TWR-131,telecom_cdr.csv
9818185597,phone,IMEI-6947319270,IMSI-7010750205,2026-07-07T15:23:00,TWR-199,telecom_cdr.csv
9770179112,phone,IMEI-6822011905,IMSI-6712582001,2026-07-27T23:36:00,TWR-176,telecom_cdr.csv
9910619958,phone,IMEI-5465799488,IMSI-1223516197,2026-08-19T15:28:00,TWR-106,telecom_cdr.csv
9597685625,phone,IMEI-4686630566,IMSI-6009527101,2026-08-04T10:29:00,TWR-100,telecom_cdr.csv
9453985457,phone,IMEI-7011184507,IMSI-0842416682,2026-08-17T15:29:00,TWR-155,telecom_cdr.csv
9640649508,phone,IMEI-3446472023,IMSI-8364758084,2026-08-12T20:49:00,TWR-160,telecom_cdr.csv
9892098543,phone,IMEI-6260110809,IMSI-1781817009,2026-08-28T21:50:00,TWR-169,telecom_cdr.csv
9822745513,phone,IMEI-0197789236,IMSI-6673910180,2026-07-28T03:28:00,TWR-184,telecom_cdr.csv
9337047649,phone,IMEI-1256700988,IMSI-3177469602,2026-08-24T08:23:00,TWR-122,telecom_cdr.csv
9526824044,phone,IMEI-1327895693,IMSI-4016492938,2026-08-18T16:57:00,TWR-115,telecom_cdr.csv
9048233130,phone,IMEI-7341196897,IMSI-1521336548,2026-07-30T04:57:00,TWR-134,telecom_cdr.csv
9204871729,phone,IMEI-9592712584,IMSI-1866308160,2026-08-02T09:30:00,TWR-164,telecom_cdr.csv
9726000597,phone,IMEI-6249744605,IMSI-9074747716,2026-07-10T01:05:00,TWR-172,telecom_cdr.csv
9615796546,phone,IMEI-6950112498,IMSI-4491718898,2026-08-25T02:59:00,TWR-198,telecom_cdr.csv
9891712996,phone,IMEI-2417841663,IMSI-9782591182,2026-07-29T12:26:00,TWR-177,telecom_cdr.csv
9750044653,phone,IMEI-5285840303,IMSI-4825043815,2026-08-20T10:20:00,TWR-166,telecom_cdr.csv
9992557047,phone,IMEI-1485764275,IMSI-3547588134,2026-08-28T04:48:00,TWR-134,telecom_cdr.csv
9368290911,phone,IMEI-2438192926,IMSI-4864644779,2026-08-02T13:16:00,TWR-149,telecom_cdr.csv
9925397865,phone,IMEI-3898523377,IMSI-3949130418,2026-08-15T19:44:00,TWR-158,telecom_cdr.csv
9487658493,phone,IMEI-2481422094,IMSI-4940339494,2026-07-20T05:26:00,TWR-143,telecom_cdr.csv
9374975071,phone,IMEI-5214418241,IMSI-5649990038,2026-08-10T10:30:00,TWR-192,telecom_cdr.csv
9048184584,phone,IMEI-5556194327,IMSI-0612124765,2026-08-20T07:04:00,TWR-138,telecom_cdr.csv
9404914720,phone,IMEI-4090015656,IMSI-1193307735,2026-08-12T01:47:00,TWR-152,telecom_cdr.csv
9514716369,phone,IMEI-5142856644,IMSI-6005250896,2026-08-24T00:39:00,TWR-167,telecom_cdr.csv
9021337833,phone,IMEI-4115577692,IMSI-3726160042,2026-07-09T01:44:00,TWR-146,telecom_cdr.csv
9661642277,phone,IMEI-5076705064,IMSI-3132738024,2026-08-24T06:23:00,TWR-154,telecom_cdr.csv
9904220310,phone,IMEI-2722872527,IMSI-2398195726,2026-08-29T00:20:00,TWR-152,telecom_cdr.csv
9408119185,phone,IMEI-4825774962,IMSI-9490109164,2026-08-05T17:16:00,TWR-168,telecom_cdr.csv
9027966628,phone,IMEI-8703759095,IMSI-8536513390,2026-07-07T01:59:00,TWR-192,telecom_cdr.csv
9597685625,phone,IMEI-4686630566,IMSI-6009527101,2026-07-07T01:43:00,TWR-112,telecom_cdr.csv
9352364431,phone,IMEI-3618044238,IMSI-2314274818,2026-08-20T15:33:00,TWR-129,telecom_cdr.csv
9052248897,phone,IMEI-9323304340,IMSI-9102154726,2026-08-19T22:06:00,TWR-160,telecom_cdr.csv
9861985877,phone,IMEI-9327146095,IMSI-9462811342,2026-07-07T00:34:00,TWR-103,telecom_cdr.csv
9278250200,phone,IMEI-3513691866,IMSI-2323998667,2026-08-17T20:47:00,TWR-195,telecom_cdr.csv
9905828031,phone,IMEI-0781238549,IMSI-4012237783,2026-08-03T20:59:00,TWR-145,telecom_cdr.csv
9955906003,phone,IMEI-1668929709,IMSI-5340833279,2026-07-13T00:01:00,TWR-150,telecom_cdr.csv
9282096728,phone,IMEI-0338852094,IMSI-8039563622,2026-07-18T21:54:00,TWR-191,telecom_cdr.csv
9438228471,phone,IMEI-2556385327,IMSI-2629554072,2026-08-15T10:36:00,TWR-179,telecom_cdr.csv
9199512086,phone,IMEI-5121587690,IMSI-5876472024,2026-07-15T21:26:00,TWR-125,telecom_cdr.csv
9350335680,phone,IMEI-5155214360,IMSI-3276562475,2026-07-08T06:13:00,TWR-104,telecom_cdr.csv
9502624719,phone,IMEI-5003891237,IMSI-9635494234,2026-08-28T06:17:00,TWR-163,telecom_cdr.csv
9563850020,phone,IMEI-6954138012,IMSI-9172128616,2026-08-19T05:48:00,TWR-120,telecom_cdr.csv
9451862998,phone,IMEI-9724228223,IMSI-1335168885,2026-08-23T11:21:00,TWR-106,telecom_cdr.csv
9658966573,phone,IMEI-5717676475,IMSI-7649468920,2026-07-15T11:28:00,TWR-119,telecom_cdr.csv
9153514440,phone,IMEI-2811772442,IMSI-9051485715,2026-07-07T02:44:00,TWR-146,telecom_cdr.csv
9665069854,phone,IMEI-0252360147,IMSI-4268227945,2026-07-10T07:09:00,TWR-111,telecom_cdr.csv
9785939510,phone,IMEI-9982973259,IMSI-4386805117,2026-08-24T14:08:00,TWR-117,telecom_cdr.csv
9495458890,phone,IMEI-3956570514,IMSI-8329041151,2026-07-19T09:21:00,TWR-117,telecom_cdr.csv
9036057232,phone,IMEI-9429354641,IMSI-9250384488,2026-08-29T15:18:00,TWR-152,telecom_cdr.csv
9589598530,phone,IMEI-7679253762,IMSI-8549930085,2026-07-24T13:34:00,TWR-185,telecom_cdr.csv
9053036677,phone,IMEI-5162495928,IMSI-8796626944,2026-08-09T18:33:00,TWR-180,telecom_cdr.csv
9736840619,phone,IMEI-3896393685,IMSI-6630274421,2026-08-09T23:09:00,TWR-179,telecom_cdr.csv
9391686645,phone,IMEI-0016973796,IMSI-5574013757,2026-07-04T08:46:00,TWR-114,telecom_cdr.csv
9352364431,phone,IMEI-3618044238,IMSI-2314274818,2026-07-13T22:27:00,TWR-169,telecom_cdr.csv
9315946182,phone,IMEI-6030513471,IMSI-7062121670,2026-07-31T12:00:00,TWR-197,telecom_cdr.csv
9992206411,phone,IMEI-9575813014,IMSI-2848717749,2026-08-16T03:46:00,TWR-179,telecom_cdr.csv
9763919028,phone,IMEI-1250460694,IMSI-0177010406,2026-07-20T21:21:00,TWR-140,telecom_cdr.csv
9941262446,phone,IMEI-4415336975,IMSI-5893841131,2026-07-23T05:38:00,TWR-119,telecom_cdr.csv
9213633365,phone,IMEI-6550090413,IMSI-3490436468,2026-07-25T00:48:00,TWR-179,telecom_cdr.csv
9309176245,phone,IMEI-1715753190,IMSI-0042972767,2026-08-18T20:47:00,TWR-192,telecom_cdr.csv
9892195305,phone,IMEI-3482362498,IMSI-1721450403,2026-08-30T08:56:00,TWR-156,telecom_cdr.csv
9266407928,phone,IMEI-1315633685,IMSI-6515307291,2026-07-29T07:47:00,TWR-136,telecom_cdr.csv
9327888369,phone,IMEI-7698981986,IMSI-6354953088,2026-07-16T16:18:00,TWR-114,telecom_cdr.csv
9638941365,phone,IMEI-2621969989,IMSI-9903756052,2026-08-08T01:41:00,TWR-185,telecom_cdr.csv
9562679527,phone,IMEI-5177175824,IMSI-9150100589,2026-08-04T12:24:00,TWR-141,telecom_cdr.csv
9798271778,phone,IMEI-6338109511,IMSI-1483709143,2026-07-26T23:28:00,TWR-179,telecom_cdr.csv
9023392439,phone,IMEI-9298268023,IMSI-3857347696,2026-07-19T03:20:00,TWR-162,telecom_cdr.csv
9274895219,phone,IMEI-6908873368,IMSI-1806085875,2026-07-09T09:57:00,TWR-179,telecom_cdr.csv
9950780803,phone,IMEI-7161278708,IMSI-9020949409,2026-08-19T23:05:00,TWR-117,telecom_cdr.csv
9763919028,phone,IMEI-1250460694,IMSI-0177010406,2026-07-02T07:48:00,TWR-112,telecom_cdr.csv
9587008315,phone,IMEI-6690962209,IMSI-8838843771,2026-08-19T09:14:00,TWR-106,telecom_cdr.csv
9917643972,phone,IMEI-7312323584,IMSI-2916220010,2026-07-22T16:02:00,TWR-137,telecom_cdr.csv
9413409595,phone,IMEI-9198245592,IMSI-6918675312,2026-08-26T18:19:00,TWR-172,telecom_cdr.csv
9036057232,phone,IMEI-9429354641,IMSI-9250384488,2026-08-20T23:15:00,TWR-190,telecom_cdr.csv
9024707036,phone,IMEI-7347992008,IMSI-2888843616,2026-08-01T00:11:00,TWR-199,telecom_cdr.csv
9330434633,phone,IMEI-6280159530,IMSI-5327982527,2026-08-11T04:24:00,TWR-103,telecom_cdr.csv
9297302785,phone,IMEI-2740413006,IMSI-0517009830,2026-07-01T10:14:00,TWR-143,telecom_cdr.csv
9119797995,phone,IMEI-5706195678,IMSI-2254105709,2026-08-27T05:30:00,TWR-131,telecom_cdr.csv
9692552797,phone,IMEI-1764458848,IMSI-3966457784,2026-07-24T04:56:00,TWR-117,telecom_cdr.csv
9865140121,phone,IMEI-1159589835,IMSI-9020928984,2026-07-26T01:29:00,TWR-128,telecom_cdr.csv
9826643843,phone,IMEI-5842341203,IMSI-6447263513,2026-07-10T08:28:00,TWR-155,telecom_cdr.csv
9416151222,phone,IMEI-8768119539,IMSI-3558405416,2026-08-03T17:11:00,TWR-131,telecom_cdr.csv
9705629519,phone,IMEI-5783109870,IMSI-4275222475,2026-07-23T22:42:00,TWR-152,telecom_cdr.csv
9891184672,phone,IMEI-0027364086,IMSI-7196040460,2026-07-06T15:03:00,TWR-134,telecom_cdr.csv
9714201071,phone,IMEI-1215109801,IMSI-4981486433,2026-07-08T01:13:00,TWR-198,telecom_cdr.csv
9884354408,phone,IMEI-7604202714,IMSI-6855329343,2026-08-01T02:00:00,TWR-140,telecom_cdr.csv
9175658769,phone,IMEI-8543351535,IMSI-7093605695,2026-08-07T22:30:00,TWR-108,telecom_cdr.csv
9036057232,phone,IMEI-9429354641,IMSI-9250384488,2026-08-09T05:09:00,TWR-153,telecom_cdr.csv
9974178400,phone,IMEI-3032999856,IMSI-7707871191,2026-08-07T07:35:00,TWR-137,telecom_cdr.csv
9656939039,phone,IMEI-1635032031,IMSI-7154819630,2026-08-21T17:48:00,TWR-192,telecom_cdr.csv
9717964393,phone,IMEI-1336166221,IMSI-3798227162,2026-08-17T23:34:00,TWR-120,telecom_cdr.csv
9402438050,phone,IMEI-2411119216,IMSI-4050734844,2026-07-15T01:59:00,TWR-145,telecom_cdr.csv
9213278016,phone,IMEI-4465904654,IMSI-5277064654,2026-08-15T16:24:00,TWR-131,telecom_cdr.csv
9680479553,phone,IMEI-8242039321,IMSI-2319158333,2026-07-30T21:30:00,TWR-192,telecom_cdr.csv
9413409595,phone,IMEI-9198245592,IMSI-6918675312,2026-08-15T22:42:00,TWR-159,telecom_cdr.csv
9265230098,phone,IMEI-5253328564,IMSI-5469787294,2026-07-31T03:27:00,TWR-163,telecom_cdr.csv
9462913511,phone,IMEI-4151442350,IMSI-8392395095,2026-07-07T09:20:00,TWR-190,telecom_cdr.csv
9284186415,phone,IMEI-4710802736,IMSI-5006523315,2026-08-22T00:39:00,TWR-178,telecom_cdr.csv
9615796546,phone,IMEI-6950112498,IMSI-4491718898,2026-08-23T03:43:00,TWR-197,telecom_cdr.csv
9726000597,phone,IMEI-6249744605,IMSI-9074747716,2026-07-25T10:38:00,TWR-154,telecom_cdr.csv
9522749968,phone,IMEI-0656456428,IMSI-9041268584,2026-07-24T13:23:00,TWR-149,telecom_cdr.csv
9921873448,phone,IMEI-5665790813,IMSI-0402416184,2026-07-23T08:37:00,TWR-134,telecom_cdr.csv
9691975020,phone,IMEI-0423872955,IMSI-5976317406,2026-07-14T08:00:00,TWR-109,telecom_cdr.csv
9863248414,phone,IMEI-5696212355,IMSI-2774984289,2026-07-05T06:15:00,TWR-115,telecom_cdr.csv
9522749968,phone,IMEI-0656456428,IMSI-9041268584,2026-08-29T06:20:00,TWR-183,telecom_cdr.csv
9960574125,phone,IMEI-3834356980,IMSI-0974141228,2026-07-17T20:17:00,TWR-147,telecom_cdr.csv
9227813809,phone,IMEI-6753587083,IMSI-5640922283,2026-07-30T07:52:00,TWR-115,telecom_cdr.csv
9720831826,phone,IMEI-3676577295,IMSI-6888150973,2026-08-20T08:35:00,TWR-100,telecom_cdr.csv
9282096728,phone,IMEI-0338852094,IMSI-8039563622,2026-07-22T04:10:00,TWR-117,telecom_cdr.csv
9120560038,phone,IMEI-3838943069,IMSI-0043196108,2026-08-25T14:05:00,TWR-104,telecom_cdr.csv
9521820994,phone,IMEI-2715093351,IMSI-4565984056,2026-07-04T06:40:00,TWR-156,telecom_cdr.csv
9240686122,phone,IMEI-1874062615,IMSI-1070586963,2026-07-12T05:29:00,TWR-102,telecom_cdr.csv
9031225357,phone,IMEI-2401507627,IMSI-0587460249,2026-07-29T23:56:00,TWR-111,telecom_cdr.csv
9330833334,phone,IMEI-5153766162,IMSI-9581629746,2026-07-01T11:37:00,TWR-109,telecom_cdr.csv
9240686122,phone,IMEI-1874062615,IMSI-1070586963,2026-08-23T20:04:00,TWR-116,telecom_cdr.csv
9857618754,phone,IMEI-3804104516,IMSI-6750827644,2026-07-03T04:23:00,TWR-177,telecom_cdr.csv
9048184584,phone,IMEI-5556194327,IMSI-0612124765,2026-07-04T11:45:00,TWR-199,telecom_cdr.csv
9904220310,phone,IMEI-2722872527,IMSI-2398195726,2026-07-17T20:07:00,TWR-166,telecom_cdr.csv
9651699247,phone,IMEI-7391912109,IMSI-5628934186,2026-08-17T15:25:00,TWR-155,telecom_cdr.csv
9067351927,phone,IMEI-4914192402,IMSI-3482142797,2026-07-13T12:28:00,TWR-185,telecom_cdr.csv
9541651533,phone,IMEI-2784957791,IMSI-6154638039,2026-07-11T04:40:00,TWR-127,telecom_cdr.csv
9317391614,phone,IMEI-6828927460,IMSI-9770511551,2026-08-14T23:00:00,TWR-144,telecom_cdr.csv
9189008337,phone,IMEI-8173120002,IMSI-6240414156,2026-08-12T06:05:00,TWR-136,telecom_cdr.csv
9861985877,phone,IMEI-9327146095,IMSI-9462811342,2026-08-14T03:06:00,TWR-199,telecom_cdr.csv
9664697473,phone,IMEI-1894647082,IMSI-2726219324,2026-08-30T03:08:00,TWR-173,telecom_cdr.csv
9052116857,phone,IMEI-9870175705,IMSI-0972807590,2026-08-03T19:00:00,TWR-111,telecom_cdr.csv
9905828031,phone,IMEI-0781238549,IMSI-4012237783,2026-07-18T15:10:00,TWR-191,telecom_cdr.csv
9423639948,phone,IMEI-4618232726,IMSI-5795032358,2026-07-13T08:56:00,TWR-106,telecom_cdr.csv
9623092322,phone,IMEI-7334352130,IMSI-2719759170,2026-07-10T12:56:00,TWR-109,telecom_cdr.csv
9373613848,phone,IMEI-8051756948,IMSI-5607949860,2026-07-28T15:01:00,TWR-132,telecom_cdr.csv
9206752746,phone,IMEI-5711397258,IMSI-7467067157,2026-07-05T21:27:00,TWR-149,telecom_cdr.csv
9457706949,phone,IMEI-5357510705,IMSI-1859824507,2026-07-02T01:56:00,TWR-180,telecom_cdr.csv
9451525376,phone,IMEI-8511467861,IMSI-3331904361,2026-07-16T01:28:00,TWR-183,telecom_cdr.csv
9241105711,phone,IMEI-9803656515,IMSI-7082186948,2026-08-01T12:33:00,TWR-116,telecom_cdr.csv
9013502707,phone,IMEI-7216113408,IMSI-9257382205,2026-07-04T14:17:00,TWR-191,telecom_cdr.csv
9587103048,phone,IMEI-7484745666,IMSI-4961482864,2026-07-03T15:19:00,TWR-176,telecom_cdr.csv
9508938741,phone,IMEI-9782977522,IMSI-4163791422,2026-08-20T19:06:00,TWR-190,telecom_cdr.csv
9111007715,phone,IMEI-2993553676,IMSI-6251384966,2026-08-23T04:31:00,TWR-133,telecom_cdr.csv
9402438050,phone,IMEI-2411119216,IMSI-4050734844,2026-08-25T16:42:00,TWR-194,telecom_cdr.csv
9822745513,phone,IMEI-0197789236,IMSI-6673910180,2026-08-23T16:18:00,TWR-119,telecom_cdr.csv
9524486938,phone,IMEI-7566819896,IMSI-3731294120,2026-07-29T23:10:00,TWR-109,telecom_cdr.csv
9291560480,phone,IMEI-6197984381,IMSI-7712208365,2026-07-31T13:34:00,TWR-122,telecom_cdr.csv
9232997749,phone,IMEI-4003336104,IMSI-2045768429,2026-08-30T02:58:00,TWR-122,telecom_cdr.csv
9712239771,phone,IMEI-6711935640,IMSI-2848165980,2026-08-28T20:07:00,TWR-176,telecom_cdr.csv
9566917456,phone,IMEI-2146515992,IMSI-4568631912,2026-07-14T22:23:00,TWR-166,telecom_cdr.csv
9929695123,phone,IMEI-9345104318,IMSI-1253544220,2026-08-09T23:51:00,TWR-103,telecom_cdr.csv
9241105711,phone,IMEI-9803656515,IMSI-7082186948,2026-08-08T05:56:00,TWR-190,telecom_cdr.csv
9084209783,phone,IMEI-7684964261,IMSI-7877783732,2026-08-08T05:30:00,TWR-120,telecom_cdr.csv
9705629519,phone,IMEI-5783109870,IMSI-4275222475,2026-07-07T17:44:00,TWR-118,telecom_cdr.csv
9373613848,phone,IMEI-8051756948,IMSI-5607949860,2026-07-06T03:21:00,TWR-195,telecom_cdr.csv
9271253582,phone,IMEI-9510152690,IMSI-1089208945,2026-07-21T08:21:00,TWR-170,telecom_cdr.csv
9375742874,phone,IMEI-3310813747,IMSI-0244709152,2026-07-30T02:23:00,TWR-147,telecom_cdr.csv
9631036891,phone,IMEI-7085159885,IMSI-0555365475,2026-07-16T04:17:00,TWR-167,telecom_cdr.csv
9222717235,phone,IMEI-7219658148,IMSI-5782307767,2026-07-04T16:36:00,TWR-170,telecom_cdr.csv
9808579845,phone,IMEI-8087040989,IMSI-5392371679,2026-08-10T01:07:00,TWR-152,telecom_cdr.csv
9260628721,phone,IMEI-9994080845,IMSI-6080368639,2026-07-07T13:30:00,TWR-199,telecom_cdr.csv
9622739459,phone,IMEI-2489524924,IMSI-8155071615,2026-07-23T04:07:00,TWR-115,telecom_cdr.csv
9014685172,phone,IMEI-5531176811,IMSI-1537511506,2026-07-21T23:40:00,TWR-171,telecom_cdr.csv
9965191353,phone,IMEI-5893787421,IMSI-6214960586,2026-08-12T02:46:00,TWR-101,telecom_cdr.csv
9364540204,phone,IMEI-7194965681,IMSI-8534759259,2026-08-22T20:39:00,TWR-153,telecom_cdr.csv
9648241344,phone,IMEI-7323143108,IMSI-5974837539,2026-08-03T11:00:00,TWR-135,telecom_cdr.csv
9127329558,phone,IMEI-1654779888,IMSI-2383936311,2026-07-05T12:53:00,TWR-101,telecom_cdr.csv
9349352957,phone,IMEI-7200206606,IMSI-3990469045,2026-08-15T04:39:00,TWR-142,telecom_cdr.csv
9704583586,phone,IMEI-5888293752,IMSI-2725537131,2026-07-22T17:11:00,TWR-193,telecom_cdr.csv
9820738580,phone,IMEI-2072111637,IMSI-2740076038,2026-07-11T19:33:00,TWR-109,telecom_cdr.csv
9078522433,phone,IMEI-7634964095,IMSI-5330377572,2026-07-20T11:13:00,TWR-193,telecom_cdr.csv
9784541701,phone,IMEI-4794903435,IMSI-6935154833,2026-08-16T18:52:00,TWR-149,telecom_cdr.csv
9622739459,phone,IMEI-2489524924,IMSI-8155071615,2026-08-13T15:10:00,TWR-191,telecom_cdr.csv
9052861995,phone,IMEI-9123454088,IMSI-1139166697,2026-07-26T00:06:00,TWR-183,telecom_cdr.csv
9129555777,phone,IMEI-0062479692,IMSI-9993459649,2026-07-22T02:24:00,TWR-145,telecom_cdr.csv
9797449946,phone,IMEI-6504289074,IMSI-8867604255,2026-07-26T21:22:00,TWR-156,telecom_cdr.csv
9884354408,phone,IMEI-7604202714,IMSI-6855329343,2026-07-10T09:09:00,TWR-194,telecom_cdr.csv
9429522889,phone,IMEI-3067396449,IMSI-4994327666,2026-07-28T14:48:00,TWR-182,telecom_cdr.csv
9485847011,phone,IMEI-3616414782,IMSI-7156462613,2026-07-27T19:57:00,TWR-178,telecom_cdr.csv
9884520326,phone,IMEI-6766495534,IMSI-2318830436,2026-07-17T16:01:00,TWR-120,telecom_cdr.csv
9904220310,phone,IMEI-2722872527,IMSI-2398195726,2026-08-14T18:14:00,TWR-108,telecom_cdr.csv
9768160718,phone,IMEI-6553496821,IMSI-9218665983,2026-07-30T18:49:00,TWR-126,telecom_cdr.csv
9204871729,phone,IMEI-9592712584,IMSI-1866308160,2026-07-15T01:01:00,TWR-129,telecom_cdr.csv
9114968431,phone,IMEI-8769080055,IMSI-7754791819,2026-07-31T05:24:00,TWR-199,telecom_cdr.csv
9081392335,phone,IMEI-0599539452,IMSI-3735337330,2026-08-21T07:53:00,TWR-138,telecom_cdr.csv
9954882339,phone,IMEI-9986404688,IMSI-6508308241,2026-07-15T17:01:00,TWR-176,telecom_cdr.csv
9522749968,phone,IMEI-0656456428,IMSI-9041268584,2026-07-16T15:27:00,TWR-170,telecom_cdr.csv
9527246581,phone,IMEI-0569622581,IMSI-1016823223,2026-08-16T07:06:00,TWR-161,telecom_cdr.csv
9738711379,phone,IMEI-3555194118,IMSI-8673754743,2026-08-26T09:01:00,TWR-171,telecom_cdr.csv
9795042893,phone,IMEI-4741789434,IMSI-9532058629,2026-08-06T08:41:00,TWR-178,telecom_cdr.csv
9793735024,phone,IMEI-1156568196,IMSI-6997607466,2026-08-17T15:06:00,TWR-103,telecom_cdr.csv
9248477233,phone,IMEI-6563078851,IMSI-9115160463,2026-07-15T22:56:00,TWR-112,telecom_cdr.csv
9814631059,phone,IMEI-4248529289,IMSI-4803891302,2026-07-15T03:29:00,TWR-111,telecom_cdr.csv
9973381637,phone,IMEI-4477037948,IMSI-0565775093,2026-08-26T00:00:00,TWR-111,telecom_cdr.csv
9052116857,phone,IMEI-9870175705,IMSI-0972807590,2026-07-29T22:44:00,TWR-194,telecom_cdr.csv
9333160902,phone,IMEI-5413904982,IMSI-4084583797,2026-08-21T09:55:00,TWR-161,telecom_cdr.csv
9884354408,phone,IMEI-7604202714,IMSI-6855329343,2026-08-23T16:14:00,TWR-128,telecom_cdr.csv
9089204157,phone,IMEI-1891015126,IMSI-6860080383,2026-07-02T12:00:00,TWR-167,telecom_cdr.csv
9200234695,phone,IMEI-3610403394,IMSI-1168400464,2026-08-11T10:13:00,TWR-170,telecom_cdr.csv
9905802164,phone,IMEI-7145647193,IMSI-1216365150,2026-08-08T20:33:00,TWR-119,telecom_cdr.csv
9763919028,phone,IMEI-1250460694,IMSI-0177010406,2026-07-07T00:16:00,TWR-138,telecom_cdr.csv
9200375438,phone,IMEI-4397382276,IMSI-3873692961,2026-07-30T22:46:00,TWR-189,telecom_cdr.csv
9215138019,phone,IMEI-1469630754,IMSI-5640016715,2026-07-05T21:13:00,TWR-128,telecom_cdr.csv
9992023872,phone,IMEI-6123307024,IMSI-3912797421,2026-07-13T06:53:00,TWR-141,telecom_cdr.csv
9816663121,phone,IMEI-9378559839,IMSI-7894632512,2026-08-05T21:28:00,TWR-137,telecom_cdr.csv
9919108073,phone,IMEI-7816291043,IMSI-1715663547,2026-07-18T02:31:00,TWR-136,telecom_cdr.csv
9198393549,phone,IMEI-3816300190,IMSI-6270974989,2026-07-03T13:16:00,TWR-113,telecom_cdr.csv
9052116857,phone,IMEI-9870175705,IMSI-0972807590,2026-08-20T09:08:00,TWR-133,telecom_cdr.csv
9299090911,phone,IMEI-4807650146,IMSI-5333767238,2026-08-02T20:38:00,TWR-166,telecom_cdr.csv
9437723988,phone,IMEI-4298782594,IMSI-8119107350,2026-08-02T18:31:00,TWR-148,telecom_cdr.csv
9153514440,phone,IMEI-2811772442,IMSI-9051485715,2026-08-05T03:48:00,TWR-146,telecom_cdr.csv
9623068655,phone,IMEI-6533395065,IMSI-3803435764,2026-08-07T20:13:00,TWR-110,telecom_cdr.csv
9158252827,phone,IMEI-8805136103,IMSI-6508961138,2026-07-17T22:12:00,TWR-100,telecom_cdr.csv
9253232817,phone,IMEI-7487857624,IMSI-6021549849,2026-07-16T21:16:00,TWR-190,telecom_cdr.csv
9299090911,phone,IMEI-4807650146,IMSI-5333767238,2026-08-29T23:15:00,TWR-120,telecom_cdr.csv
9120335120,phone,IMEI-2330603798,IMSI-0031911878,2026-07-21T10:57:00,TWR-110,telecom_cdr.csv
9027966628,phone,IMEI-8703759095,IMSI-8536513390,2026-08-29T09:32:00,TWR-132,telecom_cdr.csv
9002468794,phone,IMEI-0645111405,IMSI-6543141086,2026-07-10T01:53:00,TWR-191,telecom_cdr.csv
9521573651,phone,IMEI-7083136462,IMSI-2216591960,2026-07-30T00:35:00,TWR-160,telecom_cdr.csv
9768160718,phone,IMEI-6553496821,IMSI-9218665983,2026-08-05T02:18:00,TWR-123,telecom_cdr.csv
9665069854,phone,IMEI-0252360147,IMSI-4268227945,2026-08-04T08:52:00,TWR-152,telecom_cdr.csv
9526824044,phone,IMEI-1327895693,IMSI-4016492938,2026-07-11T16:34:00,TWR-120,telecom_cdr.csv
9804580401,phone,IMEI-8114842672,IMSI-4547275908,2026-08-19T11:03:00,TWR-189,telecom_cdr.csv
9977288139,phone,IMEI-2789519384,IMSI-6777642602,2026-08-11T12:45:00,TWR-117,telecom_cdr.csv
9527600495,phone,IMEI-8228613607,IMSI-0187837949,2026-07-15T12:06:00,TWR-169,telecom_cdr.csv
9925397865,phone,IMEI-3898523377,IMSI-3949130418,2026-08-21T19:39:00,TWR-102,telecom_cdr.csv
9279052515,phone,IMEI-2148512002,IMSI-7153600683,2026-08-09T00:17:00,TWR-101,telecom_cdr.csv
9287968855,phone,IMEI-9100819128,IMSI-6868079513,2026-07-07T15:09:00,TWR-121,telecom_cdr.csv
9805487915,phone,IMEI-3445022468,IMSI-6975300505,2026-07-17T05:57:00,TWR-134,telecom_cdr.csv
9776329597,phone,IMEI-5548993676,IMSI-5828641899,2026-07-06T01:22:00,TWR-182,telecom_cdr.csv
9183586783,phone,IMEI-1124328676,IMSI-4812458623,2026-07-31T14:36:00,TWR-116,telecom_cdr.csv
9446485809,phone,IMEI-8567624422,IMSI-1677292965,2026-07-06T19:08:00,TWR-193,telecom_cdr.csv
9462913511,phone,IMEI-4151442350,IMSI-8392395095,2026-07-10T01:18:00,TWR-141,telecom_cdr.csv
9539232741,phone,IMEI-0531647418,IMSI-3346879319,2026-07-07T03:03:00,TWR-141,telecom_cdr.csv
9961618335,phone,IMEI-5752734493,IMSI-8298823460,2026-07-24T18:13:00,TWR-148,telecom_cdr.csv
9290181585,phone,IMEI-1507527980,IMSI-8858192226,2026-07-14T01:07:00,TWR-135,telecom_cdr.csv
9190777522,phone,IMEI-6160323305,IMSI-9254337711,2026-08-04T11:02:00,TWR-132,telecom_cdr.csv
9594924991,phone,IMEI-3630121292,IMSI-8018351121,2026-08-05T00:51:00,TWR-156,telecom_cdr.csv
9349613120,phone,IMEI-7120450068,IMSI-1755976326,2026-07-07T05:26:00,TWR-162,telecom_cdr.csv
9470138106,phone,IMEI-7288837831,IMSI-4527084198,2026-08-08T23:03:00,TWR-164,telecom_cdr.csv
9524486938,phone,IMEI-7566819896,IMSI-3731294120,2026-07-29T03:04:00,TWR-145,telecom_cdr.csv
9502624719,phone,IMEI-5003891237,IMSI-9635494234,2026-08-14T15:53:00,TWR-159,telecom_cdr.csv
9833592143,phone,IMEI-6058491626,IMSI-1896284043,2026-07-31T01:49:00,TWR-110,telecom_cdr.csv
9299090911,phone,IMEI-4807650146,IMSI-5333767238,2026-07-12T20:59:00,TWR-109,telecom_cdr.csv
9597685625,phone,IMEI-4686630566,IMSI-6009527101,2026-07-27T14:59:00,TWR-198,telecom_cdr.csv
9210244612,phone,IMEI-6189465100,IMSI-7205358651,2026-07-02T14:11:00,TWR-169,telecom_cdr.csv
9349060795,phone,IMEI-4832570734,IMSI-5208503516,2026-07-29T15:13:00,TWR-110,telecom_cdr.csv
9183357251,phone,IMEI-9542888361,IMSI-9383065515,2026-07-26T05:42:00,TWR-143,telecom_cdr.csv
9992023872,phone,IMEI-6123307024,IMSI-3912797421,2026-07-18T02:23:00,TWR-177,telecom_cdr.csv
9217455501,phone,IMEI-5978749003,IMSI-2792413289,2026-08-05T16:08:00,TWR-156,telecom_cdr.csv
9487170800,phone,IMEI-6019750957,IMSI-0955113744,2026-07-24T09:47:00,TWR-127,telecom_cdr.csv
9114968431,phone,IMEI-8769080055,IMSI-7754791819,2026-08-03T19:46:00,TWR-146,telecom_cdr.csv
9688853201,phone,IMEI-4214519644,IMSI-7189901505,2026-07-30T11:44:00,TWR-132,telecom_cdr.csv
9395008160,phone,IMEI-5776559744,IMSI-6993638729,2026-08-19T21:07:00,TWR-177,telecom_cdr.csv
9470138106,phone,IMEI-7288837831,IMSI-4527084198,2026-07-25T21:49:00,TWR-118,telecom_cdr.csv
9587463342,phone,IMEI-7113682872,IMSI-7384833540,2026-07-21T15:17:00,TWR-129,telecom_cdr.csv
9595026413,phone,IMEI-4335200281,IMSI-3118571879,2026-08-09T08:22:00,TWR-172,telecom_cdr.csv
9204267814,phone,IMEI-0513626020,IMSI-6541552734,2026-08-24T21:43:00,TWR-182,telecom_cdr.csv
9816663121,phone,IMEI-9378559839,IMSI-7894632512,2026-08-03T23:07:00,TWR-106,telecom_cdr.csv
9797758127,phone,IMEI-0603574703,IMSI-9882589061,2026-08-08T22:53:00,TWR-195,telecom_cdr.csv
9585932222,phone,IMEI-5135064293,IMSI-2500800031,2026-07-13T13:33:00,TWR-106,telecom_cdr.csv
9327371243,phone,IMEI-0706366806,IMSI-9463467046,2026-08-25T14:51:00,TWR-115,telecom_cdr.csv
9963616536,phone,IMEI-0981470934,IMSI-9638556417,2026-07-10T02:44:00,TWR-158,telecom_cdr.csv
9000812852,phone,IMEI-0768684034,IMSI-9166578261,2026-07-17T14:22:00,TWR-107,telecom_cdr.csv
9468349143,phone,IMEI-3914369758,IMSI-1719948146,2026-08-17T17:17:00,TWR-125,telecom_cdr.csv
9446485809,phone,IMEI-8567624422,IMSI-1677292965,2026-08-12T19:20:00,TWR-121,telecom_cdr.csv
9487170800,phone,IMEI-6019750957,IMSI-0955113744,2026-07-10T01:55:00,TWR-114,telecom_cdr.csv
9647059068,phone,IMEI-2336311722,IMSI-4832787868,2026-07-17T17:04:00,TWR-192,telecom_cdr.csv
9814488986,phone,IMEI-8402450836,IMSI-9997976132,2026-08-05T03:34:00,TWR-162,telecom_cdr.csv
9108252674,phone,IMEI-8973790545,IMSI-4816752486,2026-07-17T04:49:00,TWR-152,telecom_cdr.csv
9259995536,phone,IMEI-9566882160,IMSI-5082497559,2026-08-28T01:34:00,TWR-109,telecom_cdr.csv
9287968855,phone,IMEI-9100819128,IMSI-6868079513,2026-07-28T22:52:00,TWR-122,telecom_cdr.csv
9891712996,phone,IMEI-2417841663,IMSI-9782591182,2026-08-04T15:43:00,TWR-190,telecom_cdr.csv
9904918041,phone,IMEI-9240363234,IMSI-6447246867,2026-08-22T11:37:00,TWR-190,telecom_cdr.csv
9428025968,phone,IMEI-5595534505,IMSI-3593963620,2026-08-11T17:47:00,TWR-142,telecom_cdr.csv
9905802164,phone,IMEI-7145647193,IMSI-1216365150,2026-07-13T16:46:00,TWR-166,telecom_cdr.csv
9974178400,phone,IMEI-3032999856,IMSI-7707871191,2026-08-11T21:35:00,TWR-149,telecom_cdr.csv
9220969700,phone,IMEI-2355180961,IMSI-2592684647,2026-07-07T05:00:00,TWR-175,telecom_cdr.csv
9511976381,phone,IMEI-3341338675,IMSI-7153516453,2026-07-19T10:11:00,TWR-109,telecom_cdr.csv
9735076512,phone,IMEI-0841753939,IMSI-1527713886,2026-07-22T14:04:00,TWR-113,telecom_cdr.csv
9865140121,phone,IMEI-1159589835,IMSI-9020928984,2026-07-21T06:41:00,TWR-141,telecom_cdr.csv
9927033369,phone,IMEI-7870679587,IMSI-9719498305,2026-08-02T16:03:00,TWR-131,telecom_cdr.csv
9558401725,phone,IMEI-9018823279,IMSI-7670102992,2026-07-18T17:28:00,TWR-102,telecom_cdr.csv
9114968431,phone,IMEI-8769080055,IMSI-7754791819,2026-07-17T07:52:00,TWR-147,telecom_cdr.csv
9904845915,phone,IMEI-2928562860,IMSI-0191416813,2026-08-11T18:11:00,TWR-194,telecom_cdr.csv
9870151534,phone,IMEI-2208294402,IMSI-2997905078,2026-08-06T18:09:00,TWR-144,telecom_cdr.csv
9933390585,phone,IMEI-8541751229,IMSI-9861048331,2026-07-20T06:56:00,TWR-142,telecom_cdr.csv
9507598515,phone,IMEI-5650545635,IMSI-1175969441,2026-07-04T18:27:00,TWR-128,telecom_cdr.csv
9941262446,phone,IMEI-4415336975,IMSI-5893841131,2026-08-04T05:04:00,TWR-155,telecom_cdr.csv
9395008160,phone,IMEI-5776559744,IMSI-6993638729,2026-08-15T15:12:00,TWR-113,telecom_cdr.csv
9432473370,phone,IMEI-4360642625,IMSI-9597368029,2026-07-12T09:17:00,TWR-100,telecom_cdr.csv
9707126885,phone,IMEI-9547499380,IMSI-8818714468,2026-08-18T00:44:00,TWR-163,telecom_cdr.csv
9985200539,phone,IMEI-9375839641,IMSI-2217792916,2026-08-28T03:34:00,TWR-154,telecom_cdr.csv
9917643972,phone,IMEI-7312323584,IMSI-2916220010,2026-08-05T00:40:00,TWR-119,telecom_cdr.csv
9095950087,phone,IMEI-6408982926,IMSI-3137052971,2026-07-11T18:29:00,TWR-109,telecom_cdr.csv
9252995406,phone,IMEI-4066662946,IMSI-7752976606,2026-07-26T04:03:00,TWR-119,telecom_cdr.csv
9067351927,phone,IMEI-4914192402,IMSI-3482142797,2026-08-27T22:52:00,TWR-101,telecom_cdr.csv
9889801878,phone,IMEI-3838943069,IMSI-2526686023,2026-08-25T14:00:00,TWR-104,telecom_cdr.csv
9258558771,phone,IMEI-4852639918,IMSI-4130973827,2026-07-04T08:33:00,TWR-180,telecom_cdr.csv
9111007715,phone,IMEI-2993553676,IMSI-6251384966,2026-07-09T06:26:00,TWR-124,telecom_cdr.csv
9576957454,phone,IMEI-0491209123,IMSI-1300712241,2026-07-31T11:04:00,TWR-138,telecom_cdr.csv
9974178400,phone,IMEI-3032999856,IMSI-7707871191,2026-07-23T14:58:00,TWR-129,telecom_cdr.csv
9206752746,phone,IMEI-5711397258,IMSI-7467067157,2026-08-11T18:43:00,TWR-138,telecom_cdr.csv
9562254266,phone,IMEI-9002034944,IMSI-5089706326,2026-07-21T23:19:00,TWR-103,telecom_cdr.csv
9468692379,phone,IMEI-2857946562,IMSI-6720847286,2026-07-22T19:33:00,TWR-101,telecom_cdr.csv
9156490709,phone,IMEI-2198278959,IMSI-7494703100,2026-07-31T18:22:00,TWR-173,telecom_cdr.csv
9476913647,phone,IMEI-4739402259,IMSI-5182879172,2026-07-25T12:08:00,TWR-111,telecom_cdr.csv
9507598515,phone,IMEI-5650545635,IMSI-1175969441,2026-07-09T02:29:00,TWR-105,telecom_cdr.csv
9586592627,phone,IMEI-9592646825,IMSI-6747179784,2026-08-28T09:03:00,TWR-114,telecom_cdr.csv
9752820266,phone,IMEI-6368625769,IMSI-7937917527,2026-07-21T21:24:00,TWR-141,telecom_cdr.csv
9780874168,phone,IMEI-1814714635,IMSI-9283753410,2026-07-13T04:55:00,TWR-131,telecom_cdr.csv
9273451778,phone,IMEI-3536885796,IMSI-4887200854,2026-07-21T21:00:00,TWR-183,telecom_cdr.csv
9569898253,phone,IMEI-1967234029,IMSI-0769395545,2026-07-02T13:01:00,TWR-131,telecom_cdr.csv
9114968431,phone,IMEI-8769080055,IMSI-7754791819,2026-07-17T08:35:00,TWR-128,telecom_cdr.csv
9863626383,phone,IMEI-3156686324,IMSI-3105190338,2026-08-18T15:16:00,TWR-114,telecom_cdr.csv
9664697473,phone,IMEI-1894647082,IMSI-2726219324,2026-07-04T02:09:00,TWR-120,telecom_cdr.csv
9745386561,phone,IMEI-8716172764,IMSI-9174333986,2026-07-02T18:12:00,TWR-137,telecom_cdr.csv
9971989169,phone,IMEI-3848937224,IMSI-0892217842,2026-07-25T07:44:00,TWR-140,telecom_cdr.csv
9572427103,phone,IMEI-5634470338,IMSI-3624256035,2026-08-05T22:07:00,TWR-172,telecom_cdr.csv
9317391614,phone,IMEI-6828927460,IMSI-9770511551,2026-08-13T21:37:00,TWR-148,telecom_cdr.csv
9566917456,phone,IMEI-2146515992,IMSI-4568631912,2026-08-07T16:43:00,TWR-151,telecom_cdr.csv
9428025968,phone,IMEI-5595534505,IMSI-3593963620,2026-08-29T03:24:00,TWR-155,telecom_cdr.csv
9227813809,phone,IMEI-6753587083,IMSI-5640922283,2026-08-26T20:33:00,TWR-175,telecom_cdr.csv
9462913511,phone,IMEI-4151442350,IMSI-8392395095,2026-08-06T23:55:00,TWR-120,telecom_cdr.csv
9792178365,phone,IMEI-5340830680,IMSI-1385621710,2026-07-08T23:51:00,TWR-150,telecom_cdr.csv
9841230544,phone,IMEI-3688762066,IMSI-0985232117,2026-07-19T20:25:00,TWR-150,telecom_cdr.csv
9582184249,phone,IMEI-3779525637,IMSI-7246178112,2026-07-07T02:48:00,TWR-133,telecom_cdr.csv
9481010893,phone,IMEI-2446511237,IMSI-7094747437,2026-07-12T22:39:00,TWR-158,telecom_cdr.csv
9636952352,phone,IMEI-6383558287,IMSI-0249322336,2026-07-23T06:03:00,TWR-159,telecom_cdr.csv
9597122314,phone,IMEI-8709746261,IMSI-0634704633,2026-08-26T17:53:00,TWR-140,telecom_cdr.csv
9188404618,phone,IMEI-6930921708,IMSI-1139020279,2026-08-26T15:34:00,TWR-122,telecom_cdr.csv
9167649836,phone,IMEI-3998783293,IMSI-5271989094,2026-08-14T04:45:00,TWR-181,telecom_cdr.csv
9619076686,phone,IMEI-1335653577,IMSI-8379754571,2026-08-09T23:54:00,TWR-119,telecom_cdr.csv
9631036891,phone,IMEI-7085159885,IMSI-0555365475,2026-08-03T23:32:00,TWR-131,telecom_cdr.csv
9200375438,phone,IMEI-4397382276,IMSI-3873692961,2026-08-11T17:33:00,TWR-129,telecom_cdr.csv
9681618901,phone,IMEI-2181045410,IMSI-0926719862,2026-07-11T04:07:00,TWR-144,telecom_cdr.csv
9114968431,phone,IMEI-8769080055,IMSI-7754791819,2026-08-26T18:07:00,TWR-170,telecom_cdr.csv
9651699247,phone,IMEI-7391912109,IMSI-5628934186,2026-07-31T11:15:00,TWR-132,telecom_cdr.csv
9317391614,phone,IMEI-6828927460,IMSI-9770511551,2026-07-29T05:46:00,TWR-128,telecom_cdr.csv
9533492995,phone,IMEI-3442653754,IMSI-7225620982,2026-08-06T17:22:00,TWR-172,telecom_cdr.csv
9362272684,phone,IMEI-5958935981,IMSI-2951362368,2026-07-30T22:54:00,TWR-180,telecom_cdr.csv
9337468903,phone,IMEI-4363232160,IMSI-4719981838,2026-08-15T22:12:00,TWR-162,telecom_cdr.csv
9438228471,phone,IMEI-2556385327,IMSI-2629554072,2026-07-14T10:43:00,TWR-177,telecom_cdr.csv
9103825652,phone,IMEI-3992963047,IMSI-1249926229,2026-07-27T02:22:00,TWR-106,telecom_cdr.csv
9514716369,phone,IMEI-5142856644,IMSI-6005250896,2026-07-07T11:22:00,TWR-160,telecom_cdr.csv
9622739459,phone,IMEI-2489524924,IMSI-8155071615,2026-08-12T04:20:00,TWR-177,telecom_cdr.csv
9416151222,phone,IMEI-8768119539,IMSI-3558405416,2026-07-25T16:26:00,TWR-171,telecom_cdr.csv
9704583586,phone,IMEI-5888293752,IMSI-2725537131,2026-07-08T02:43:00,TWR-190,telecom_cdr.csv
9794873598,phone,IMEI-9565272965,IMSI-7344759078,2026-08-21T13:15:00,TWR-171,telecom_cdr.csv
9343853185,phone,IMEI-4745057705,IMSI-1437353221,2026-08-15T20:17:00,TWR-181,telecom_cdr.csv
9472817397,phone,IMEI-3943536741,IMSI-5980622656,2026-07-23T16:39:00,TWR-145,telecom_cdr.csv
9388850469,phone,IMEI-4386804296,IMSI-9841550156,2026-08-07T15:19:00,TWR-104,telecom_cdr.csv
9028267486,phone,IMEI-0990287722,IMSI-1904848888,2026-07-23T02:33:00,TWR-194,telecom_cdr.csv
9870151534,phone,IMEI-2208294402,IMSI-2997905078,2026-08-30T06:14:00,TWR-164,telecom_cdr.csv
9420863611,phone,IMEI-4537963191,IMSI-3558536002,2026-07-22T07:33:00,TWR-133,telecom_cdr.csv
9420863611,phone,IMEI-4537963191,IMSI-3558536002,2026-07-14T07:00:00,TWR-130,telecom_cdr.csv
9763462687,phone,IMEI-0158770989,IMSI-9062509835,2026-08-16T23:21:00,TWR-173,telecom_cdr.csv
9673417670,phone,IMEI-3599122529,IMSI-4431934080,2026-07-21T19:39:00,TWR-146,telecom_cdr.csv
9343802201,phone,IMEI-4165891380,IMSI-8876719017,2026-08-06T11:09:00,TWR-139,telecom_cdr.csv
9027410813,phone,IMEI-3335584344,IMSI-5126373728,2026-08-01T11:56:00,TWR-118,telecom_cdr.csv
9432473370,phone,IMEI-4360642625,IMSI-9597368029,2026-07-05T14:07:00,TWR-146,telecom_cdr.csv
9992206411,phone,IMEI-9575813014,IMSI-2848717749,2026-08-14T08:31:00,TWR-161,telecom_cdr.csv
9706517113,phone,IMEI-9077902452,IMSI-5834302435,2026-07-18T12:28:00,TWR-181,telecom_cdr.csv
9429522889,phone,IMEI-3067396449,IMSI-4994327666,2026-08-02T08:33:00,TWR-198,telecom_cdr.csv
9118141811,phone,IMEI-5728459382,IMSI-1499318085,2026-08-01T23:24:00,TWR-178,telecom_cdr.csv
9471958575,phone,IMEI-4764251333,IMSI-2865780863,2026-08-22T12:06:00,TWR-152,telecom_cdr.csv
9582938523,phone,IMEI-2985430651,IMSI-6130510364,2026-07-24T17:55:00,TWR-164,telecom_cdr.csv
9050884189,phone,IMEI-6360726241,IMSI-5947857176,2026-07-08T17:38:00,TWR-196,telecom_cdr.csv
9023392439,phone,IMEI-9298268023,IMSI-3857347696,2026-07-26T13:49:00,TWR-150,telecom_cdr.csv
9266407928,phone,IMEI-1315633685,IMSI-6515307291,2026-08-23T15:04:00,TWR-125,telecom_cdr.csv
9743555336,phone,IMEI-1879763705,IMSI-9643160587,2026-08-06T00:19:00,TWR-130,telecom_cdr.csv
9027410813,phone,IMEI-3335584344,IMSI-5126373728,2026-07-16T01:23:00,TWR-148,telecom_cdr.csv
9334017043,phone,IMEI-6535811985,IMSI-9220383011,2026-08-26T20:58:00,TWR-139,telecom_cdr.csv
9789162925,phone,IMEI-6706397428,IMSI-9039846625,2026-07-18T06:03:00,TWR-110,telecom_cdr.csv
9768160718,phone,IMEI-6553496821,IMSI-9218665983,2026-08-05T01:19:00,TWR-121,telecom_cdr.csv
9805487915,phone,IMEI-3445022468,IMSI-6975300505,2026-08-22T04:54:00,TWR-120,telecom_cdr.csv
9991205817,phone,IMEI-9329436732,IMSI-9249137229,2026-07-11T21:51:00,TWR-123,telecom_cdr.csv
9279052515,phone,IMEI-2148512002,IMSI-7153600683,2026-08-24T10:59:00,TWR-137,telecom_cdr.csv
9971989169,phone,IMEI-3848937224,IMSI-0892217842,2026-07-20T08:21:00,TWR-154,telecom_cdr.csv
9278250200,phone,IMEI-3513691866,IMSI-2323998667,2026-08-22T18:34:00,TWR-163,telecom_cdr.csv
9105343128,phone,IMEI-3567086541,IMSI-9854147217,2026-08-22T08:20:00,TWR-156,telecom_cdr.csv
9892098543,phone,IMEI-6260110809,IMSI-1781817009,2026-08-28T12:50:00,TWR-142,telecom_cdr.csv
9368290911,phone,IMEI-2438192926,IMSI-4864644779,2026-07-02T01:50:00,TWR-192,telecom_cdr.csv
9299090911,phone,IMEI-4807650146,IMSI-5333767238,2026-07-12T19:47:00,TWR-192,telecom_cdr.csv
9014685172,phone,IMEI-5531176811,IMSI-1537511506,2026-08-08T06:27:00,TWR-192,telecom_cdr.csv
9252995406,phone,IMEI-4066662946,IMSI-7752976606,2026-07-12T04:09:00,TWR-102,telecom_cdr.csv
9904918041,phone,IMEI-9240363234,IMSI-6447246867,2026-08-03T19:48:00,TWR-138,telecom_cdr.csv
9526824044,phone,IMEI-1327895693,IMSI-4016492938,2026-08-03T07:31:00,TWR-162,telecom_cdr.csv
9067973962,phone,IMEI-3210762736,IMSI-8552134527,2026-07-10T16:42:00,TWR-176,telecom_cdr.csv
9897114683,phone,IMEI-8939275552,IMSI-7241239884,2026-07-14T20:35:00,TWR-183,telecom_cdr.csv
9819729399,phone,IMEI-2301615059,IMSI-4636655283,2026-08-17T10:58:00,TWR-199,telecom_cdr.csv
9514716369,phone,IMEI-5142856644,IMSI-6005250896,2026-07-13T20:15:00,TWR-127,telecom_cdr.csv
9130186709,phone,IMEI-6363508065,IMSI-4981595852,2026-08-11T20:49:00,TWR-155,telecom_cdr.csv
9076549771,phone,IMEI-7566490472,IMSI-1671036883,2026-07-16T06:12:00,TWR-107,telecom_cdr.csv
9833355085,phone,IMEI-7634663811,IMSI-2589019228,2026-07-14T11:47:00,TWR-111,telecom_cdr.csv
9800529753,phone,IMEI-2023051743,IMSI-8062170797,2026-07-26T10:38:00,TWR-178,telecom_cdr.csv
9585932222,phone,IMEI-5135064293,IMSI-2500800031,2026-08-03T11:37:00,TWR-187,telecom_cdr.csv
9098471173,phone,IMEI-7271949408,IMSI-1881818368,2026-07-22T03:06:00,TWR-100,telecom_cdr.csv
9052116857,phone,IMEI-9870175705,IMSI-0972807590,2026-07-13T02:30:00,TWR-151,telecom_cdr.csv
9096395260,phone,IMEI-3661490517,IMSI-3036648859,2026-08-27T19:39:00,TWR-135,telecom_cdr.csv
9834826825,phone,IMEI-8904044044,IMSI-0708861395,2026-08-14T16:35:00,TWR-130,telecom_cdr.csv
9106672436,phone,IMEI-7571316002,IMSI-9913913475,2026-08-17T11:21:00,TWR-193,telecom_cdr.csv
9462451088,phone,IMEI-3829229821,IMSI-2058340063,2026-07-13T10:14:00,TWR-142,telecom_cdr.csv
9603424007,phone,IMEI-9402555841,IMSI-7440544843,2026-07-02T03:26:00,TWR-197,telecom_cdr.csv
9076549771,phone,IMEI-7566490472,IMSI-1671036883,2026-07-02T22:11:00,TWR-172,telecom_cdr.csv
9794873598,phone,IMEI-9565272965,IMSI-7344759078,2026-07-16T21:46:00,TWR-186,telecom_cdr.csv
9076549771,phone,IMEI-7566490472,IMSI-1671036883,2026-07-11T07:39:00,TWR-187,telecom_cdr.csv
9622739459,phone,IMEI-2489524924,IMSI-8155071615,2026-07-12T03:50:00,TWR-101,telecom_cdr.csv
9784533346,phone,IMEI-3707681783,IMSI-5399223496,2026-07-24T15:19:00,TWR-102,telecom_cdr.csv
9623092322,phone,IMEI-7334352130,IMSI-2719759170,2026-08-02T07:55:00,TWR-117,telecom_cdr.csv
9218695154,phone,IMEI-6064697905,IMSI-4183599345,2026-08-21T18:24:00,TWR-189,telecom_cdr.csv
9395008160,phone,IMEI-5776559744,IMSI-6993638729,2026-08-03T14:52:00,TWR-176,telecom_cdr.csv
9504320487,phone,IMEI-1180459724,IMSI-0551601282,2026-08-13T14:42:00,TWR-170,telecom_cdr.csv
9673417670,phone,IMEI-3599122529,IMSI-4431934080,2026-08-20T06:38:00,TWR-154,telecom_cdr.csv
9526824044,phone,IMEI-1327895693,IMSI-4016492938,2026-07-28T21:22:00,TWR-124,telecom_cdr.csv
9391101258,phone,IMEI-8216786993,IMSI-1748026884,2026-08-20T18:28:00,TWR-134,telecom_cdr.csv
9568945147,phone,IMEI-3313579640,IMSI-8087521525,2026-07-12T05:44:00,TWR-173,telecom_cdr.csv
9745052567,phone,IMEI-1085256551,IMSI-6715474696,2026-07-20T21:22:00,TWR-159,telecom_cdr.csv
9175658769,phone,IMEI-8543351535,IMSI-7093605695,2026-07-31T20:38:00,TWR-113,telecom_cdr.csv
9169655864,phone,IMEI-1253979739,IMSI-7565164348,2026-07-20T23:34:00,TWR-143,telecom_cdr.csv
9386896000,phone,IMEI-4962986758,IMSI-2471331430,2026-07-09T08:31:00,TWR-107,telecom_cdr.csv
9524486938,phone,IMEI-7566819896,IMSI-3731294120,2026-08-05T23:51:00,TWR-147,telecom_cdr.csv
9745052567,phone,IMEI-1085256551,IMSI-6715474696,2026-07-11T22:05:00,TWR-184,telecom_cdr.csv
9564099477,phone,IMEI-4600243004,IMSI-2936944846,2026-07-21T15:16:00,TWR-122,telecom_cdr.csv
9024452049,phone,IMEI-0117104429,IMSI-7473374490,2026-07-17T12:50:00,TWR-132,telecom_cdr.csv
9343853185,phone,IMEI-4745057705,IMSI-1437353221,2026-07-12T17:30:00,TWR-154,telecom_cdr.csv
9677217388,phone,IMEI-8717105032,IMSI-9266491300,2026-07-18T00:32:00,TWR-127,telecom_cdr.csv
9514716369,phone,IMEI-5142856644,IMSI-6005250896,2026-07-31T07:18:00,TWR-133,telecom_cdr.csv
9207971522,phone,IMEI-7443674400,IMSI-3923742160,2026-08-21T16:04:00,TWR-177,telecom_cdr.csv
9511976381,phone,IMEI-3341338675,IMSI-7153516453,2026-08-22T11:34:00,TWR-159,telecom_cdr.csv
9336062305,phone,IMEI-9695468778,IMSI-0723325237,2026-07-07T15:19:00,TWR-106,telecom_cdr.csv
9063565541,phone,IMEI-4503922894,IMSI-0868594593,2026-08-12T16:43:00,TWR-150,telecom_cdr.csv
9712239771,phone,IMEI-6711935640,IMSI-2848165980,2026-08-02T20:22:00,TWR-106,telecom_cdr.csv
9834444548,phone,IMEI-9012308721,IMSI-9432604048,2026-07-05T17:05:00,TWR-122,telecom_cdr.csv
9745386561,phone,IMEI-8716172764,IMSI-9174333986,2026-07-14T10:56:00,TWR-146,telecom_cdr.csv
9468692379,phone,IMEI-2857946562,IMSI-6720847286,2026-07-26T13:20:00,TWR-159,telecom_cdr.csv
9353907400,phone,IMEI-6539442892,IMSI-8146537124,2026-07-18T22:26:00,TWR-170,telecom_cdr.csv
9406125313,phone,IMEI-3748359350,IMSI-1107966250,2026-07-26T08:16:00,TWR-108,telecom_cdr.csv
9731033395,phone,IMEI-1123291676,IMSI-2226558836,2026-08-01T16:06:00,TWR-184,telecom_cdr.csv
9859713678,phone,IMEI-7927657928,IMSI-4020734838,2026-07-29T21:47:00,TWR-136,telecom_cdr.csv
9032926051,phone,IMEI-6529088324,IMSI-0974431797,2026-07-24T15:43:00,TWR-138,telecom_cdr.csv
9428025968,phone,IMEI-5595534505,IMSI-3593963620,2026-07-25T13:31:00,TWR-135,telecom_cdr.csv
9736840619,phone,IMEI-3896393685,IMSI-6630274421,2026-08-15T21:42:00,TWR-118,telecom_cdr.csv
9432465738,phone,IMEI-0924989559,IMSI-1988818494,2026-08-13T04:11:00,TWR-129,telecom_cdr.csv
9619076686,phone,IMEI-1335653577,IMSI-8379754571,2026-08-05T09:27:00,TWR-119,telecom_cdr.csv
9271401903,phone,IMEI-6762506365,IMSI-5207343348,2026-08-04T07:23:00,TWR-106,telecom_cdr.csv
9586623614,phone,IMEI-0887771598,IMSI-3568398545,2026-08-14T03:52:00,TWR-178,telecom_cdr.csv
9572427103,phone,IMEI-5634470338,IMSI-3624256035,2026-07-29T11:17:00,TWR-170,telecom_cdr.csv
9858539967,phone,IMEI-7042897596,IMSI-6506683459,2026-07-17T23:18:00,TWR-179,telecom_cdr.csv
9819729399,phone,IMEI-2301615059,IMSI-4636655283,2026-07-26T00:52:00,TWR-114,telecom_cdr.csv
9204267814,phone,IMEI-0513626020,IMSI-6541552734,2026-07-15T01:34:00,TWR-138,telecom_cdr.csv
9123825217,phone,IMEI-7188595163,IMSI-9914575113,2026-07-11T00:39:00,TWR-103,telecom_cdr.csv
9603424007,phone,IMEI-9402555841,IMSI-7440544843,2026-07-10T14:47:00,TWR-196,telecom_cdr.csv
9905802164,phone,IMEI-7145647193,IMSI-1216365150,2026-08-14T03:40:00,TWR-192,telecom_cdr.csv
9386371955,phone,IMEI-8017438478,IMSI-8294768629,2026-08-17T08:48:00,TWR-188,telecom_cdr.csv
9031225357,phone,IMEI-2401507627,IMSI-0587460249,2026-07-11T07:16:00,TWR-111,telecom_cdr.csv
9481103002,phone,IMEI-9245884068,IMSI-4734229256,2026-07-27T06:27:00,TWR-145,telecom_cdr.csv
9249363568,phone,IMEI-6811582771,IMSI-8163263195,2026-08-05T17:32:00,TWR-185,telecom_cdr.csv
9279542355,phone,IMEI-8653995504,IMSI-5601123392,2026-07-12T06:25:00,TWR-199,telecom_cdr.csv
9983519002,phone,IMEI-7347125783,IMSI-6385958878,2026-07-21T02:09:00,TWR-151,telecom_cdr.csv
9113894274,phone,IMEI-2146302492,IMSI-0540358963,2026-07-29T07:09:00,TWR-166,telecom_cdr.csv
9364540204,phone,IMEI-7194965681,IMSI-8534759259,2026-08-09T15:38:00,TWR-123,telecom_cdr.csv
9098471173,phone,IMEI-7271949408,IMSI-1881818368,2026-08-23T21:10:00,TWR-129,telecom_cdr.csv
9785939510,phone,IMEI-9982973259,IMSI-4386805117,2026-07-21T23:05:00,TWR-149,telecom_cdr.csv
9383027006,phone,IMEI-4725949493,IMSI-6588641393,2026-08-14T02:16:00,TWR-119,telecom_cdr.csv
9183586783,phone,IMEI-1124328676,IMSI-4812458623,2026-08-01T18:12:00,TWR-100,telecom_cdr.csv
9295361047,phone,IMEI-1434102396,IMSI-8150726368,2026-07-11T00:25:00,TWR-119,telecom_cdr.csv
9198393549,phone,IMEI-3816300190,IMSI-6270974989,2026-08-17T04:18:00,TWR-185,telecom_cdr.csv
9892195305,phone,IMEI-3482362498,IMSI-1721450403,2026-08-26T15:50:00,TWR-114,telecom_cdr.csv
9431862585,phone,IMEI-9189450515,IMSI-3486330131,2026-07-29T00:11:00,TWR-153,telecom_cdr.csv
9013502707,phone,IMEI-7216113408,IMSI-9257382205,2026-08-19T18:24:00,TWR-117,telecom_cdr.csv
9805634296,phone,IMEI-6869960327,IMSI-4548720395,2026-07-15T09:48:00,TWR-104,telecom_cdr.csv
9704583586,phone,IMEI-5888293752,IMSI-2725537131,2026-08-16T16:43:00,TWR-103,telecom_cdr.csv
9568945147,phone,IMEI-3313579640,IMSI-8087521525,2026-08-06T19:38:00,TWR-140,telecom_cdr.csv
9951468336,phone,IMEI-9833539850,IMSI-4324092769,2026-07-31T11:21:00,TWR-143,telecom_cdr.csv
9857618754,phone,IMEI-3804104516,IMSI-6750827644,2026-08-26T08:31:00,TWR-186,telecom_cdr.csv
9476913647,phone,IMEI-4739402259,IMSI-5182879172,2026-07-27T21:00:00,TWR-193,telecom_cdr.csv
9007836490,phone,IMEI-9378517721,IMSI-2518565840,2026-08-19T18:40:00,TWR-151,telecom_cdr.csv
9388850469,phone,IMEI-4386804296,IMSI-9841550156,2026-07-16T14:04:00,TWR-171,telecom_cdr.csv
9616289158,phone,IMEI-6168573146,IMSI-5464383581,2026-07-03T21:28:00,TWR-167,telecom_cdr.csv
9992023872,phone,IMEI-6123307024,IMSI-3912797421,2026-08-06T03:06:00,TWR-198,telecom_cdr.csv
9597685625,phone,IMEI-4686630566,IMSI-6009527101,2026-08-02T05:24:00,TWR-140,telecom_cdr.csv
9337468903,phone,IMEI-4363232160,IMSI-4719981838,2026-08-21T07:45:00,TWR-120,telecom_cdr.csv
9137678825,phone,IMEI-2620552136,IMSI-7994288521,2026-07-04T20:08:00,TWR-114,telecom_cdr.csv
9453985457,phone,IMEI-7011184507,IMSI-0842416682,2026-08-24T20:57:00,TWR-130,telecom_cdr.csv
9249363568,phone,IMEI-6811582771,IMSI-8163263195,2026-08-28T08:07:00,TWR-110,telecom_cdr.csv
9622739459,phone,IMEI-2489524924,IMSI-8155071615,2026-07-14T09:55:00,TWR-150,telecom_cdr.csv
9328566276,phone,IMEI-4171456569,IMSI-4413361718,2026-07-26T05:45:00,TWR-164,telecom_cdr.csv
9451862998,phone,IMEI-9724228223,IMSI-1335168885,2026-07-19T14:03:00,TWR-199,telecom_cdr.csv
9820738580,phone,IMEI-2072111637,IMSI-2740076038,2026-07-03T00:41:00,TWR-166,telecom_cdr.csv
9792178365,phone,IMEI-5340830680,IMSI-1385621710,2026-07-20T02:17:00,TWR-150,telecom_cdr.csv
9098713669,phone,IMEI-0583990102,IMSI-7629708285,2026-08-15T03:48:00,TWR-135,telecom_cdr.csv
9810056905,phone,IMEI-3083767968,IMSI-2907631778,2026-07-31T08:45:00,TWR-185,telecom_cdr.csv
9542905882,phone,IMEI-2439012781,IMSI-6734354004,2026-07-23T15:23:00,TWR-133,telecom_cdr.csv
9814488986,phone,IMEI-8402450836,IMSI-9997976132,2026-08-06T22:14:00,TWR-184,telecom_cdr.csv
9651614051,phone,IMEI-8947014715,IMSI-1840697069,2026-07-13T01:00:00,TWR-120,telecom_cdr.csv
9327371243,phone,IMEI-0706366806,IMSI-9463467046,2026-08-22T23:16:00,TWR-121,telecom_cdr.csv
9736840619,phone,IMEI-3896393685,IMSI-6630274421,2026-07-12T16:37:00,TWR-159,telecom_cdr.csv
9485267539,phone,IMEI-9023724787,IMSI-3090571081,2026-07-11T08:29:00,TWR-117,telecom_cdr.csv
9487170800,phone,IMEI-6019750957,IMSI-0955113744,2026-08-01T12:57:00,TWR-139,telecom_cdr.csv
9666442915,phone,IMEI-0804775625,IMSI-2115641857,2026-08-19T07:38:00,TWR-167,telecom_cdr.csv
9328742878,phone,IMEI-0159171950,IMSI-9753393771,2026-08-07T11:53:00,TWR-176,telecom_cdr.csv
9533492995,phone,IMEI-3442653754,IMSI-7225620982,2026-07-26T17:11:00,TWR-180,telecom_cdr.csv
9977288139,phone,IMEI-2789519384,IMSI-6777642602,2026-07-20T14:47:00,TWR-103,telecom_cdr.csv
9328566276,phone,IMEI-4171456569,IMSI-4413361718,2026-08-23T17:56:00,TWR-113,telecom_cdr.csv
9727226471,phone,IMEI-0422532958,IMSI-5584133490,2026-07-28T17:06:00,TWR-183,telecom_cdr.csv
9829662079,phone,IMEI-1297462206,IMSI-1511941598,2026-07-17T02:44:00,TWR-103,telecom_cdr.csv
9664047688,phone,IMEI-3388845271,IMSI-7498474746,2026-07-29T16:17:00,TWR-101,telecom_cdr.csv
9514716369,phone,IMEI-5142856644,IMSI-6005250896,2026-08-15T10:18:00,TWR-159,telecom_cdr.csv
9834826825,phone,IMEI-8904044044,IMSI-0708861395,2026-07-19T15:10:00,TWR-134,telecom_cdr.csv
9258558771,phone,IMEI-4852639918,IMSI-4130973827,2026-07-20T00:05:00,TWR-106,telecom_cdr.csv
9983142650,phone,IMEI-9388404548,IMSI-4148752876,2026-07-07T22:15:00,TWR-159,telecom_cdr.csv
9432473370,phone,IMEI-4360642625,IMSI-9597368029,2026-08-03T05:11:00,TWR-169,telecom_cdr.csv
9891712996,phone,IMEI-2417841663,IMSI-9782591182,2026-07-24T14:55:00,TWR-127,telecom_cdr.csv
9925714244,phone,IMEI-8425782495,IMSI-6750866870,2026-07-28T20:27:00,TWR-101,telecom_cdr.csv
9623121500,phone,IMEI-0108792131,IMSI-6877336484,2026-08-03T00:31:00,TWR-121,telecom_cdr.csv
9451862998,phone,IMEI-9724228223,IMSI-1335168885,2026-08-05T19:51:00,TWR-181,telecom_cdr.csv
9481010893,phone,IMEI-2446511237,IMSI-7094747437,2026-08-11T13:47:00,TWR-107,telecom_cdr.csv
9339899280,phone,IMEI-3287756597,IMSI-4213052281,2026-08-20T18:50:00,TWR-190,telecom_cdr.csv
9539773000,phone,IMEI-5872840441,IMSI-8768199416,2026-08-27T18:41:00,TWR-155,telecom_cdr.csv
9664047688,phone,IMEI-3388845271,IMSI-7498474746,2026-08-25T06:22:00,TWR-100,telecom_cdr.csv
9691975020,phone,IMEI-0423872955,IMSI-5976317406,2026-08-19T13:59:00,TWR-126,telecom_cdr.csv
9323048675,phone,IMEI-0866984245,IMSI-7340621185,2026-07-26T01:58:00,TWR-124,telecom_cdr.csv
9349613120,phone,IMEI-7120450068,IMSI-1755976326,2026-08-26T03:23:00,TWR-189,telecom_cdr.csv
9274004854,phone,IMEI-9737389873,IMSI-7649661283,2026-08-21T04:56:00,TWR-174,telecom_cdr.csv
9065105025,phone,IMEI-8111943039,IMSI-7328722369,2026-07-18T02:54:00,TWR-179,telecom_cdr.csv
9453985457,phone,IMEI-7011184507,IMSI-0842416682,2026-08-16T08:45:00,TWR-152,telecom_cdr.csv
9395008160,phone,IMEI-5776559744,IMSI-6993638729,2026-07-27T22:28:00,TWR-184,telecom_cdr.csv
9127592756,phone,IMEI-6579567866,IMSI-0570393439,2026-08-25T13:00:00,TWR-101,telecom_cdr.csv
9108870955,phone,IMEI-9681629163,IMSI-6874905123,2026-07-07T01:37:00,TWR-190,telecom_cdr.csv
9714201071,phone,IMEI-1215109801,IMSI-4981486433,2026-08-18T02:22:00,TWR-153,telecom_cdr.csv
9343853185,phone,IMEI-4745057705,IMSI-1437353221,2026-08-28T14:22:00,TWR-126,telecom_cdr.csv
9569076123,phone,IMEI-5183268976,IMSI-8066333014,2026-08-19T06:01:00,TWR-133,telecom_cdr.csv
9462451088,phone,IMEI-3829229821,IMSI-2058340063,2026-08-24T14:46:00,TWR-157,telecom_cdr.csv
9188404618,phone,IMEI-6930921708,IMSI-1139020279,2026-07-13T09:54:00,TWR-115,telecom_cdr.csv
9810056905,phone,IMEI-3083767968,IMSI-2907631778,2026-07-25T07:38:00,TWR-163,telecom_cdr.csv
9884520326,phone,IMEI-6766495534,IMSI-2318830436,2026-08-26T15:23:00,TWR-164,telecom_cdr.csv
9002468794,phone,IMEI-0645111405,IMSI-6543141086,2026-07-30T20:58:00,TWR-192,telecom_cdr.csv
9123825217,phone,IMEI-7188595163,IMSI-9914575113,2026-07-08T14:44:00,TWR-122,telecom_cdr.csv
9114968431,phone,IMEI-8769080055,IMSI-7754791819,2026-07-23T02:25:00,TWR-132,telecom_cdr.csv
9459563596,phone,IMEI-9620858071,IMSI-0454775407,2026-07-30T04:14:00,TWR-163,telecom_cdr.csv
9032926051,phone,IMEI-6529088324,IMSI-0974431797,2026-07-23T02:20:00,TWR-180,telecom_cdr.csv
9573060504,phone,IMEI-9845805713,IMSI-1269292427,2026-08-18T17:58:00,TWR-184,telecom_cdr.csv
9089204157,phone,IMEI-1891015126,IMSI-6860080383,2026-07-21T17:47:00,TWR-125,telecom_cdr.csv
9428025968,phone,IMEI-5595534505,IMSI-3593963620,2026-07-23T18:31:00,TWR-154,telecom_cdr.csv
9127329558,phone,IMEI-1654779888,IMSI-2383936311,2026-07-31T01:14:00,TWR-146,telecom_cdr.csv
9339899280,phone,IMEI-3287756597,IMSI-4213052281,2026-08-04T15:20:00,TWR-101,telecom_cdr.csv
9517600235,phone,IMEI-2912800533,IMSI-1250430801,2026-07-15T15:25:00,TWR-163,telecom_cdr.csv
9328570169,phone,IMEI-0925323625,IMSI-5711517305,2026-08-09T19:28:00,TWR-198,telecom_cdr.csv
9384008626,phone,IMEI-5319941821,IMSI-0420545753,2026-07-14T12:31:00,TWR-119,telecom_cdr.csv
9983519002,phone,IMEI-7347125783,IMSI-6385958878,2026-07-07T20:12:00,TWR-199,telecom_cdr.csv
9576957454,phone,IMEI-0491209123,IMSI-1300712241,2026-07-14T21:57:00,TWR-176,telecom_cdr.csv
9137678825,phone,IMEI-2620552136,IMSI-7994288521,2026-07-19T10:56:00,TWR-120,telecom_cdr.csv
9933390585,phone,IMEI-8541751229,IMSI-9861048331,2026-07-10T00:44:00,TWR-170,telecom_cdr.csv
9614873003,phone,IMEI-9543337149,IMSI-0980310371,2026-08-06T08:26:00,TWR-185,telecom_cdr.csv
9249363568,phone,IMEI-6811582771,IMSI-8163263195,2026-07-17T10:50:00,TWR-151,telecom_cdr.csv
9691846146,phone,IMEI-4534335948,IMSI-1752565082,2026-08-07T03:36:00,TWR-186,telecom_cdr.csv
9891712996,phone,IMEI-2417841663,IMSI-9782591182,2026-07-28T23:26:00,TWR-110,telecom_cdr.csv
9683847079,phone,IMEI-0600083514,IMSI-3429687054,2026-08-02T07:41:00,TWR-150,telecom_cdr.csv
9564099477,phone,IMEI-4600243004,IMSI-2936944846,2026-07-31T15:50:00,TWR-138,telecom_cdr.csv
9884354408,phone,IMEI-7604202714,IMSI-6855329343,2026-08-28T17:07:00,TWR-150,telecom_cdr.csv
9460888817,phone,IMEI-5330290345,IMSI-1245471517,2026-08-15T16:11:00,TWR-173,telecom_cdr.csv
9586623614,phone,IMEI-0887771598,IMSI-3568398545,2026-07-18T17:26:00,TWR-176,telecom_cdr.csv
9404914720,phone,IMEI-4090015656,IMSI-1193307735,2026-08-06T04:43:00,TWR-175,telecom_cdr.csv
9320016462,phone,IMEI-8797199572,IMSI-9747405916,2026-07-02T11:04:00,TWR-199,telecom_cdr.csv
9597122314,phone,IMEI-8709746261,IMSI-0634704633,2026-07-05T10:46:00,TWR-125,telecom_cdr.csv
9384008626,phone,IMEI-5319941821,IMSI-0420545753,2026-07-22T00:22:00,TWR-185,telecom_cdr.csv
9258558771,phone,IMEI-4852639918,IMSI-4130973827,2026-07-03T17:11:00,TWR-151,telecom_cdr.csv
9602015781,phone,IMEI-0884446931,IMSI-7201987789,2026-07-11T22:03:00,TWR-199,telecom_cdr.csv
9691846146,phone,IMEI-4534335948,IMSI-1752565082,2026-08-04T13:42:00,TWR-187,telecom_cdr.csv
9315946182,phone,IMEI-6030513471,IMSI-7062121670,2026-08-15T00:48:00,TWR-146,telecom_cdr.csv
9992023872,phone,IMEI-6123307024,IMSI-3912797421,2026-08-02T03:53:00,TWR-189,telecom_cdr.csv
9673417670,phone,IMEI-3599122529,IMSI-4431934080,2026-07-31T16:59:00,TWR-100,telecom_cdr.csv
9955906003,phone,IMEI-1668929709,IMSI-5340833279,2026-07-05T17:43:00,TWR-149,telecom_cdr.csv
9736840619,phone,IMEI-3896393685,IMSI-6630274421,2026-07-06T19:02:00,TWR-123,telecom_cdr.csv
9955906003,phone,IMEI-1668929709,IMSI-5340833279,2026-07-21T10:15:00,TWR-124,telecom_cdr.csv
9052248897,phone,IMEI-9323304340,IMSI-9102154726,2026-07-07T05:03:00,TWR-191,telecom_cdr.csv
9470138106,phone,IMEI-7288837831,IMSI-4527084198,2026-07-26T14:20:00,TWR-131,telecom_cdr.csv
9566917456,phone,IMEI-2146515992,IMSI-4568631912,2026-07-23T04:44:00,TWR-175,telecom_cdr.csv
9028267486,phone,IMEI-0990287722,IMSI-1904848888,2026-07-19T01:25:00,TWR-198,telecom_cdr.csv
9476572146,phone,IMEI-8991515020,IMSI-7841629692,2026-07-05T08:38:00,TWR-148,telecom_cdr.csv
9295361047,phone,IMEI-1434102396,IMSI-8150726368,2026-07-02T17:39:00,TWR-195,telecom_cdr.csv
9119797995,phone,IMEI-5706195678,IMSI-2254105709,2026-08-10T14:28:00,TWR-131,telecom_cdr.csv
9308845429,phone,IMEI-7694229206,IMSI-6769302918,2026-08-28T11:18:00,TWR-112,telecom_cdr.csv
9814631059,phone,IMEI-4248529289,IMSI-4803891302,2026-07-01T17:41:00,TWR-156,telecom_cdr.csv
9279052515,phone,IMEI-2148512002,IMSI-7153600683,2026-08-05T23:33:00,TWR-195,telecom_cdr.csv
9182077024,phone,IMEI-1066626490,IMSI-1408953371,2026-07-22T01:23:00,TWR-105,telecom_cdr.csv
9662883030,phone,IMEI-9793759340,IMSI-0978942284,2026-08-28T16:14:00,TWR-189,telecom_cdr.csv
9404914720,phone,IMEI-4090015656,IMSI-1193307735,2026-07-08T13:28:00,TWR-154,telecom_cdr.csv
9396454436,phone,IMEI-9562527096,IMSI-8818089029,2026-08-26T04:14:00,TWR-185,telecom_cdr.csv
9983671609,phone,IMEI-9158653821,IMSI-6422000383,2026-08-18T02:44:00,TWR-141,telecom_cdr.csv
9327371243,phone,IMEI-0706366806,IMSI-9463467046,2026-08-23T16:16:00,TWR-137,telecom_cdr.csv
9481010893,phone,IMEI-2446511237,IMSI-7094747437,2026-08-03T20:08:00,TWR-132,telecom_cdr.csv
9676650588,phone,IMEI-2535874395,IMSI-7029071889,2026-07-08T22:35:00,TWR-116,telecom_cdr.csv
9148804543,phone,IMEI-3346908625,IMSI-8564869470,2026-07-31T10:37:00,TWR-109,telecom_cdr.csv
9253232817,phone,IMEI-7487857624,IMSI-6021549849,2026-07-07T00:02:00,TWR-155,telecom_cdr.csv
9793735024,phone,IMEI-1156568196,IMSI-6997607466,2026-07-07T03:41:00,TWR-175,telecom_cdr.csv
9482868447,phone,IMEI-9645744869,IMSI-4659880035,2026-07-14T01:23:00,TWR-166,telecom_cdr.csv
9543282721,phone,IMEI-2316776096,IMSI-0198078830,2026-08-05T09:13:00,TWR-189,telecom_cdr.csv
9841230544,phone,IMEI-3688762066,IMSI-0985232117,2026-07-28T20:08:00,TWR-115,telecom_cdr.csv
9961618335,phone,IMEI-5752734493,IMSI-8298823460,2026-08-25T07:14:00,TWR-138,telecom_cdr.csv
9757105317,phone,IMEI-9808886408,IMSI-4613420403,2026-07-19T01:49:00,TWR-137,telecom_cdr.csv
9691846146,phone,IMEI-4534335948,IMSI-1752565082,2026-08-13T16:09:00,TWR-114,telecom_cdr.csv
9993223299,phone,IMEI-5377169903,IMSI-7137375657,2026-07-03T23:21:00,TWR-164,telecom_cdr.csv
9986505771,phone,IMEI-8019888819,IMSI-9753679669,2026-08-06T04:48:00,TWR-120,telecom_cdr.csv
9977288139,phone,IMEI-2789519384,IMSI-6777642602,2026-07-25T23:34:00,TWR-138,telecom_cdr.csv
9014685172,phone,IMEI-5531176811,IMSI-1537511506,2026-08-16T16:34:00,TWR-127,telecom_cdr.csv
9559321940,phone,IMEI-7522970723,IMSI-5449490568,2026-08-02T15:34:00,TWR-134,telecom_cdr.csv
9199512086,phone,IMEI-5121587690,IMSI-5876472024,2026-07-26T14:14:00,TWR-105,telecom_cdr.csv
9339899280,phone,IMEI-3287756597,IMSI-4213052281,2026-07-23T00:04:00,TWR-186,telecom_cdr.csv
9271401903,phone,IMEI-6762506365,IMSI-5207343348,2026-08-04T10:15:00,TWR-125,telecom_cdr.csv
9406454159,phone,IMEI-5200339415,IMSI-3882619019,2026-07-15T11:51:00,TWR-120,telecom_cdr.csv
9935410186,phone,IMEI-0217850370,IMSI-4402377551,2026-08-23T02:09:00,TWR-181,telecom_cdr.csv
9248477233,phone,IMEI-6563078851,IMSI-9115160463,2026-08-17T04:27:00,TWR-106,telecom_cdr.csv
9967287288,phone,IMEI-5531865775,IMSI-1917546621,2026-07-17T08:11:00,TWR-193,telecom_cdr.csv
9193850480,phone,IMEI-4056396030,IMSI-7869040491,2026-07-23T16:47:00,TWR-171,telecom_cdr.csv
9814488986,phone,IMEI-8402450836,IMSI-9997976132,2026-07-19T12:44:00,TWR-161,telecom_cdr.csv
9655734481,phone,IMEI-8354977365,IMSI-9857964228,2026-08-15T02:53:00,TWR-147,telecom_cdr.csv
9394154958,phone,IMEI-2375652077,IMSI-1613137018,2026-08-14T08:06:00,TWR-129,telecom_cdr.csv
9681618901,phone,IMEI-2181045410,IMSI-0926719862,2026-08-08T08:22:00,TWR-194,telecom_cdr.csv
9892195305,phone,IMEI-3482362498,IMSI-1721450403,2026-07-26T22:13:00,TWR-198,telecom_cdr.csv
9235973021,phone,IMEI-2583943185,IMSI-8616009985,2026-07-11T22:40:00,TWR-179,telecom_cdr.csv
9720831826,phone,IMEI-3676577295,IMSI-6888150973,2026-08-28T00:20:00,TWR-124,telecom_cdr.csv
9349060795,phone,IMEI-4832570734,IMSI-5208503516,2026-08-08T17:23:00,TWR-195,telecom_cdr.csv
9084209783,phone,IMEI-7684964261,IMSI-7877783732,2026-07-24T18:49:00,TWR-163,telecom_cdr.csv
9872545071,phone,IMEI-3791005065,IMSI-5582109795,2026-07-23T03:50:00,TWR-195,telecom_cdr.csv
9526824044,phone,IMEI-1327895693,IMSI-4016492938,2026-07-27T03:16:00,TWR-158,telecom_cdr.csv
9472817397,phone,IMEI-3943536741,IMSI-5980622656,2026-07-05T15:37:00,TWR-119,telecom_cdr.csv
9213278016,phone,IMEI-4465904654,IMSI-5277064654,2026-07-26T04:18:00,TWR-102,telecom_cdr.csv
9251924510,phone,IMEI-7177124242,IMSI-2693810245,2026-07-14T17:37:00,TWR-181,telecom_cdr.csv
9213633365,phone,IMEI-6550090413,IMSI-3490436468,2026-07-03T18:18:00,TWR-123,telecom_cdr.csv
9427417325,phone,IMEI-5938717264,IMSI-1756444119,2026-07-21T02:42:00,TWR-187,telecom_cdr.csv
9657812846,phone,IMEI-9765732617,IMSI-8249332885,2026-07-25T09:53:00,TWR-113,telecom_cdr.csv
9876010337,phone,IMEI-0268803862,IMSI-7368018006,2026-07-30T05:14:00,TWR-118,telecom_cdr.csv
9375742874,phone,IMEI-3310813747,IMSI-0244709152,2026-08-21T07:04:00,TWR-113,telecom_cdr.csv
9884354408,phone,IMEI-7604202714,IMSI-6855329343,2026-07-17T15:49:00,TWR-177,telecom_cdr.csv
9163673270,phone,IMEI-3007180897,IMSI-4404020975,2026-08-18T07:20:00,TWR-106,telecom_cdr.csv
9623871285,phone,IMEI-9142445182,IMSI-9509197389,2026-07-06T07:20:00,TWR-146,telecom_cdr.csv
9707711861,phone,IMEI-5444624745,IMSI-4241977022,2026-08-26T01:27:00,TWR-117,telecom_cdr.csv
9402438050,phone,IMEI-2411119216,IMSI-4050734844,2026-08-19T21:20:00,TWR-106,telecom_cdr.csv
9308845429,phone,IMEI-7694229206,IMSI-6769302918,2026-07-19T05:32:00,TWR-181,telecom_cdr.csv
9001971594,phone,IMEI-0493528240,IMSI-8232834601,2026-08-08T08:19:00,TWR-193,telecom_cdr.csv
9623121500,phone,IMEI-0108792131,IMSI-6877336484,2026-08-30T02:20:00,TWR-124,telecom_cdr.csv
9692552797,phone,IMEI-1764458848,IMSI-3966457784,2026-08-11T06:50:00,TWR-179,telecom_cdr.csv
9992206411,phone,IMEI-9575813014,IMSI-2848717749,2026-07-30T13:13:00,TWR-108,telecom_cdr.csv
9615796546,phone,IMEI-6950112498,IMSI-4491718898,2026-08-25T11:27:00,TWR-174,telecom_cdr.csv
9015589230,phone,IMEI-4892447397,IMSI-2920650602,2026-08-18T10:00:00,TWR-184,telecom_cdr.csv
9707711861,phone,IMEI-5444624745,IMSI-4241977022,2026-07-23T01:08:00,TWR-169,telecom_cdr.csv
9764126252,phone,IMEI-0304481099,IMSI-2491992121,2026-07-16T20:59:00,TWR-143,telecom_cdr.csv
9681618901,phone,IMEI-2181045410,IMSI-0926719862,2026-07-06T04:56:00,TWR-119,telecom_cdr.csv
9527246581,phone,IMEI-0569622581,IMSI-1016823223,2026-07-12T13:08:00,TWR-167,telecom_cdr.csv
9472817397,phone,IMEI-3943536741,IMSI-5980622656,2026-07-15T22:05:00,TWR-192,telecom_cdr.csv
9482868447,phone,IMEI-9645744869,IMSI-4659880035,2026-07-21T17:31:00,TWR-123,telecom_cdr.csv
9655734481,phone,IMEI-8354977365,IMSI-9857964228,2026-08-11T23:45:00,TWR-181,telecom_cdr.csv
9406125313,phone,IMEI-3748359350,IMSI-1107966250,2026-08-21T20:32:00,TWR-195,telecom_cdr.csv
9352364431,phone,IMEI-3618044238,IMSI-2314274818,2026-08-23T22:18:00,TWR-191,telecom_cdr.csv
9704583586,phone,IMEI-5888293752,IMSI-2725537131,2026-07-30T00:21:00,TWR-171,telecom_cdr.csv
9681618901,phone,IMEI-2181045410,IMSI-0926719862,2026-08-24T08:05:00,TWR-122,telecom_cdr.csv
9868498624,phone,IMEI-7637483850,IMSI-9494004591,2026-07-06T07:17:00,TWR-138,telecom_cdr.csv
9954882339,phone,IMEI-9986404688,IMSI-6508308241,2026-07-20T05:26:00,TWR-146,telecom_cdr.csv
9960574125,phone,IMEI-3834356980,IMSI-0974141228,2026-08-09T12:59:00,TWR-133,telecom_cdr.csv
9279542355,phone,IMEI-8653995504,IMSI-5601123392,2026-07-08T08:04:00,TWR-169,telecom_cdr.csv
9213297993,phone,IMEI-5483442574,IMSI-1946987605,2026-08-11T13:49:00,TWR-153,telecom_cdr.csv
9084209783,phone,IMEI-7684964261,IMSI-7877783732,2026-07-19T01:49:00,TWR-150,telecom_cdr.csv
9551393227,phone,IMEI-5780546754,IMSI-2445620930,2026-07-12T12:02:00,TWR-160,telecom_cdr.csv
9837704899,phone,IMEI-4192096614,IMSI-3926697381,2026-07-24T10:55:00,TWR-106,telecom_cdr.csv
9222717235,phone,IMEI-7219658148,IMSI-5782307767,2026-07-07T04:25:00,TWR-125,telecom_cdr.csv
9343853185,phone,IMEI-4745057705,IMSI-1437353221,2026-07-13T01:56:00,TWR-108,telecom_cdr.csv
9163673270,phone,IMEI-3007180897,IMSI-4404020975,2026-08-01T11:09:00,TWR-176,telecom_cdr.csv
9024452049,phone,IMEI-0117104429,IMSI-7473374490,2026-07-19T15:15:00,TWR-144,telecom_cdr.csv
9432789553,phone,IMEI-7581615382,IMSI-6059787584,2026-07-16T18:22:00,TWR-119,telecom_cdr.csv
9035922148,phone,IMEI-2224625802,IMSI-9359009204,2026-07-29T14:38:00,TWR-135,telecom_cdr.csv
9835358094,phone,IMEI-4314635019,IMSI-0245519763,2026-08-27T19:29:00,TWR-119,telecom_cdr.csv
9662883030,phone,IMEI-9793759340,IMSI-0978942284,2026-07-10T21:57:00,TWR-167,telecom_cdr.csv
9658966573,phone,IMEI-5717676475,IMSI-7649468920,2026-08-02T16:55:00,TWR-100,telecom_cdr.csv
9032926051,phone,IMEI-6529088324,IMSI-0974431797,2026-08-28T17:05:00,TWR-108,telecom_cdr.csv
9620805495,phone,IMEI-9798503611,IMSI-7553029147,2026-07-30T13:43:00,TWR-197,telecom_cdr.csv
9472817397,phone,IMEI-3943536741,IMSI-5980622656,2026-08-30T07:43:00,TWR-132,telecom_cdr.csv
9784533346,phone,IMEI-3707681783,IMSI-5399223496,2026-08-13T11:51:00,TWR-154,telecom_cdr.csv
9968318989,phone,IMEI-2473063861,IMSI-6996267363,2026-08-10T10:04:00,TWR-111,telecom_cdr.csv
9656939039,phone,IMEI-1635032031,IMSI-7154819630,2026-07-04T09:02:00,TWR-110,telecom_cdr.csv
9113894274,phone,IMEI-2146302492,IMSI-0540358963,2026-08-14T23:29:00,TWR-172,telecom_cdr.csv
9353907400,phone,IMEI-6539442892,IMSI-8146537124,2026-07-02T05:43:00,TWR-137,telecom_cdr.csv
9271253582,phone,IMEI-9510152690,IMSI-1089208945,2026-07-14T15:06:00,TWR-134,telecom_cdr.csv
9834003292,phone,IMEI-0343459429,IMSI-7047464601,2026-07-21T03:16:00,TWR-172,telecom_cdr.csv
9661642277,phone,IMEI-5076705064,IMSI-3132738024,2026-08-23T16:17:00,TWR-184,telecom_cdr.csv
9951468336,phone,IMEI-9833539850,IMSI-4324092769,2026-07-06T05:02:00,TWR-177,telecom_cdr.csv
9626296040,phone,IMEI-8392209518,IMSI-3728872159,2026-07-02T18:37:00,TWR-129,telecom_cdr.csv
9868498624,phone,IMEI-7637483850,IMSI-9494004591,2026-07-28T08:37:00,TWR-152,telecom_cdr.csv
9784541701,phone,IMEI-4794903435,IMSI-6935154833,2026-08-06T00:43:00,TWR-168,telecom_cdr.csv
9222717235,phone,IMEI-7219658148,IMSI-5782307767,2026-07-15T11:20:00,TWR-153,telecom_cdr.csv
9858539967,phone,IMEI-7042897596,IMSI-6506683459,2026-08-09T20:38:00,TWR-159,telecom_cdr.csv
9705629519,phone,IMEI-5783109870,IMSI-4275222475,2026-07-07T14:55:00,TWR-109,telecom_cdr.csv
9808579845,phone,IMEI-8087040989,IMSI-5392371679,2026-07-29T18:19:00,TWR-166,telecom_cdr.csv
9615796546,phone,IMEI-6950112498,IMSI-4491718898,2026-07-05T12:13:00,TWR-189,telecom_cdr.csv
9078522433,phone,IMEI-7634964095,IMSI-5330377572,2026-08-27T02:04:00,TWR-124,telecom_cdr.csv
9169655864,phone,IMEI-1253979739,IMSI-7565164348,2026-07-25T06:52:00,TWR-195,telecom_cdr.csv
9257114068,phone,IMEI-4399357731,IMSI-1672099153,2026-08-02T10:13:00,TWR-172,telecom_cdr.csv
9781338414,phone,IMEI-2700824663,IMSI-5397043081,2026-07-28T22:19:00,TWR-134,telecom_cdr.csv
9290816302,phone,IMEI-2542781927,IMSI-4339504550,2026-08-15T22:03:00,TWR-130,telecom_cdr.csv
9897114683,phone,IMEI-8939275552,IMSI-7241239884,2026-07-04T17:31:00,TWR-125,telecom_cdr.csv
9525089424,phone,IMEI-6171533701,IMSI-0320153741,2026-07-08T23:34:00,TWR-196,telecom_cdr.csv
9974168056,phone,IMEI-5341386308,IMSI-8950482854,2026-07-17T02:56:00,TWR-196,telecom_cdr.csv
9067973962,phone,IMEI-3210762736,IMSI-8552134527,2026-07-21T08:02:00,TWR-103,telecom_cdr.csv
9963616536,phone,IMEI-0981470934,IMSI-9638556417,2026-07-22T05:59:00,TWR-168,telecom_cdr.csv
9293480844,phone,IMEI-8568759131,IMSI-1147789695,2026-08-26T00:08:00,TWR-119,telecom_cdr.csv
9070145149,phone,IMEI-8528550318,IMSI-1707109883,2026-08-02T18:22:00,TWR-125,telecom_cdr.csv
9584242489,phone,IMEI-3711761377,IMSI-6896549459,2026-08-26T05:23:00,TWR-113,telecom_cdr.csv
9469763439,phone,IMEI-0852973859,IMSI-7754398944,2026-07-05T00:16:00,TWR-180,telecom_cdr.csv
9089204157,phone,IMEI-1891015126,IMSI-6860080383,2026-07-27T07:56:00,TWR-179,telecom_cdr.csv
9406125313,phone,IMEI-3748359350,IMSI-1107966250,2026-07-08T02:45:00,TWR-162,telecom_cdr.csv
9472817397,phone,IMEI-3943536741,IMSI-5980622656,2026-07-09T20:41:00,TWR-166,telecom_cdr.csv
9327888369,phone,IMEI-7698981986,IMSI-6354953088,2026-07-11T20:17:00,TWR-194,telecom_cdr.csv
9468748835,phone,IMEI-5361336908,IMSI-4651458287,2026-07-10T11:27:00,TWR-170,telecom_cdr.csv
9525089424,phone,IMEI-6171533701,IMSI-0320153741,2026-07-20T10:25:00,TWR-142,telecom_cdr.csv
9485847011,phone,IMEI-3616414782,IMSI-7156462613,2026-08-01T08:10:00,TWR-107,telecom_cdr.csv
9863626383,phone,IMEI-3156686324,IMSI-3105190338,2026-07-03T09:54:00,TWR-197,telecom_cdr.csv
9188180702,phone,IMEI-9453874896,IMSI-7885652348,2026-08-27T02:02:00,TWR-196,telecom_cdr.csv
9954882339,phone,IMEI-9986404688,IMSI-6508308241,2026-07-14T15:57:00,TWR-191,telecom_cdr.csv
9623871285,phone,IMEI-9142445182,IMSI-9509197389,2026-08-02T11:38:00,TWR-156,telecom_cdr.csv
9193547286,phone,IMEI-2535910972,IMSI-2576563321,2026-08-23T04:18:00,TWR-149,telecom_cdr.csv
9204267814,phone,IMEI-0513626020,IMSI-6541552734,2026-08-27T10:56:00,TWR-101,telecom_cdr.csv
9904220310,phone,IMEI-2722872527,IMSI-2398195726,2026-07-14T05:58:00,TWR-151,telecom_cdr.csv
9714322405,phone,IMEI-2563370156,IMSI-2549786229,2026-07-21T18:20:00,TWR-169,telecom_cdr.csv
9253232817,phone,IMEI-7487857624,IMSI-6021549849,2026-07-10T19:48:00,TWR-127,telecom_cdr.csv
9834826825,phone,IMEI-8904044044,IMSI-0708861395,2026-07-13T06:34:00,TWR-160,telecom_cdr.csv
9354125779,phone,IMEI-3515778647,IMSI-1002319725,2026-08-04T16:16:00,TWR-134,telecom_cdr.csv
9188180702,phone,IMEI-9453874896,IMSI-7885652348,2026-07-23T01:02:00,TWR-135,telecom_cdr.csv
9783601253,phone,IMEI-5379129229,IMSI-9247577649,2026-08-28T10:12:00,TWR-140,telecom_cdr.csv
9792178365,phone,IMEI-5340830680,IMSI-1385621710,2026-07-20T21:47:00,TWR-136,telecom_cdr.csv
9558401725,phone,IMEI-9018823279,IMSI-7670102992,2026-08-18T17:23:00,TWR-106,telecom_cdr.csv
9476572146,phone,IMEI-8991515020,IMSI-7841629692,2026-08-08T10:13:00,TWR-136,telecom_cdr.csv
9291560480,phone,IMEI-6197984381,IMSI-7712208365,2026-08-01T19:21:00,TWR-132,telecom_cdr.csv
9350335680,phone,IMEI-5155214360,IMSI-3276562475,2026-08-29T02:53:00,TWR-129,telecom_cdr.csv
9953419276,phone,IMEI-5346925695,IMSI-3961747123,2026-08-08T20:01:00,TWR-105,telecom_cdr.csv
9490684265,phone,IMEI-6725708846,IMSI-3251399263,2026-07-16T14:00:00,TWR-141,telecom_cdr.csv
9029380964,phone,IMEI-1200821527,IMSI-6889099505,2026-07-25T08:03:00,TWR-128,telecom_cdr.csv
9954882339,phone,IMEI-9986404688,IMSI-6508308241,2026-07-31T23:33:00,TWR-105,telecom_cdr.csv
9521820994,phone,IMEI-2715093351,IMSI-4565984056,2026-07-16T12:17:00,TWR-144,telecom_cdr.csv
9053036677,phone,IMEI-5162495928,IMSI-8796626944,2026-08-03T11:05:00,TWR-148,telecom_cdr.csv
9026804519,phone,IMEI-6013642185,IMSI-5937328931,2026-08-26T23:01:00,TWR-124,telecom_cdr.csv
9816663121,phone,IMEI-9378559839,IMSI-7894632512,2026-07-27T15:16:00,TWR-124,telecom_cdr.csv
9576172543,phone,IMEI-0561865049,IMSI-7238415421,2026-08-21T10:09:00,TWR-177,telecom_cdr.csv
9739047311,phone,IMEI-6658564236,IMSI-0144725709,2026-07-24T19:10:00,TWR-130,telecom_cdr.csv
9260628721,phone,IMEI-9994080845,IMSI-6080368639,2026-08-27T04:34:00,TWR-134,telecom_cdr.csv
9078522433,phone,IMEI-7634964095,IMSI-5330377572,2026-07-19T14:33:00,TWR-118,telecom_cdr.csv
9798271778,phone,IMEI-6338109511,IMSI-1483709143,2026-08-04T12:16:00,TWR-111,telecom_cdr.csv
9029380964,phone,IMEI-1200821527,IMSI-6889099505,2026-08-25T09:43:00,TWR-112,telecom_cdr.csv
9717964393,phone,IMEI-1336166221,IMSI-3798227162,2026-08-10T09:03:00,TWR-111,telecom_cdr.csv
9279052515,phone,IMEI-2148512002,IMSI-7153600683,2026-07-23T08:21:00,TWR-161,telecom_cdr.csv
9998681300,phone,IMEI-1085727773,IMSI-8554311851,2026-07-15T09:56:00,TWR-104,telecom_cdr.csv
9757105317,phone,IMEI-9808886408,IMSI-4613420403,2026-08-08T03:52:00,TWR-151,telecom_cdr.csv
9584242489,phone,IMEI-3711761377,IMSI-6896549459,2026-07-24T03:43:00,TWR-191,telecom_cdr.csv
9291807385,phone,IMEI-6526469046,IMSI-9253759369,2026-08-02T07:48:00,TWR-164,telecom_cdr.csv
9517600235,phone,IMEI-2912800533,IMSI-1250430801,2026-08-12T20:04:00,TWR-145,telecom_cdr.csv
9075311300,phone,IMEI-4408601965,IMSI-9308588860,2026-08-15T12:29:00,TWR-101,telecom_cdr.csv
9991205817,phone,IMEI-9329436732,IMSI-9249137229,2026-08-04T16:19:00,TWR-172,telecom_cdr.csv
9720831826,phone,IMEI-3676577295,IMSI-6888150973,2026-07-30T01:02:00,TWR-165,telecom_cdr.csv
9481905306,phone,IMEI-0617455345,IMSI-1458866250,2026-08-11T07:15:00,TWR-105,telecom_cdr.csv
9330434633,phone,IMEI-6280159530,IMSI-5327982527,2026-08-15T18:31:00,TWR-150,telecom_cdr.csv
9884354408,phone,IMEI-7604202714,IMSI-6855329343,2026-07-13T01:54:00,TWR-186,telecom_cdr.csv
9792178365,phone,IMEI-5340830680,IMSI-1385621710,2026-07-28T19:27:00,TWR-102,telecom_cdr.csv
9871873991,phone,IMEI-0075092476,IMSI-8776904064,2026-08-11T09:54:00,TWR-169,telecom_cdr.csv
9391101258,phone,IMEI-8216786993,IMSI-1748026884,2026-07-30T07:26:00,TWR-119,telecom_cdr.csv
9927033369,phone,IMEI-7870679587,IMSI-9719498305,2026-08-14T09:42:00,TWR-160,telecom_cdr.csv
9334017043,phone,IMEI-6535811985,IMSI-9220383011,2026-08-26T10:45:00,TWR-180,telecom_cdr.csv
9389276201,phone,IMEI-6019281237,IMSI-0057483944,2026-08-23T09:52:00,TWR-195,telecom_cdr.csv
9014685172,phone,IMEI-5531176811,IMSI-1537511506,2026-07-22T04:36:00,TWR-151,telecom_cdr.csv
9514716369,phone,IMEI-5142856644,IMSI-6005250896,2026-08-03T21:29:00,TWR-151,telecom_cdr.csv
9834826825,phone,IMEI-8904044044,IMSI-0708861395,2026-08-11T03:00:00,TWR-132,telecom_cdr.csv
9290816302,phone,IMEI-2542781927,IMSI-4339504550,2026-08-05T06:36:00,TWR-107,telecom_cdr.csv
9037548430,phone,IMEI-3229544495,IMSI-5683183539,2026-07-06T10:29:00,TWR-147,telecom_cdr.csv
9119689122,phone,IMEI-4968221667,IMSI-5571547255,2026-08-15T20:13:00,TWR-103,telecom_cdr.csv
9586623614,phone,IMEI-0887771598,IMSI-3568398545,2026-08-29T18:52:00,TWR-113,telecom_cdr.csv
9451862998,phone,IMEI-9724228223,IMSI-1335168885,2026-08-07T09:55:00,TWR-126,telecom_cdr.csv
9274004854,phone,IMEI-9737389873,IMSI-7649661283,2026-08-23T20:43:00,TWR-145,telecom_cdr.csv
9576957454,phone,IMEI-0491209123,IMSI-1300712241,2026-08-01T05:26:00,TWR-151,telecom_cdr.csv
9468349143,phone,IMEI-3914369758,IMSI-1719948146,2026-07-28T21:05:00,TWR-103,telecom_cdr.csv
9809362966,phone,IMEI-6207009819,IMSI-1302045948,2026-07-06T06:03:00,TWR-161,telecom_cdr.csv
9897114683,phone,IMEI-8939275552,IMSI-7241239884,2026-07-28T09:37:00,TWR-172,telecom_cdr.csv
9657812846,phone,IMEI-9765732617,IMSI-8249332885,2026-08-24T22:54:00,TWR-176,telecom_cdr.csv
9704583586,phone,IMEI-5888293752,IMSI-2725537131,2026-07-31T22:05:00,TWR-132,telecom_cdr.csv
9002978753,phone,IMEI-9353374149,IMSI-2575451497,2026-07-13T18:41:00,TWR-161,telecom_cdr.csv
9457706949,phone,IMEI-5357510705,IMSI-1859824507,2026-08-17T22:04:00,TWR-146,telecom_cdr.csv
9806584807,phone,IMEI-3325739683,IMSI-3431450804,2026-07-30T02:25:00,TWR-144,telecom_cdr.csv
9905802164,phone,IMEI-7145647193,IMSI-1216365150,2026-08-14T07:18:00,TWR-153,telecom_cdr.csv
9974168056,phone,IMEI-5341386308,IMSI-8950482854,2026-08-25T12:49:00,TWR-140,telecom_cdr.csv
9295361047,phone,IMEI-1434102396,IMSI-8150726368,2026-07-02T15:46:00,TWR-125,telecom_cdr.csv
9622739459,phone,IMEI-2489524924,IMSI-8155071615,2026-08-08T04:48:00,TWR-183,telecom_cdr.csv
9587103048,phone,IMEI-7484745666,IMSI-4961482864,2026-07-20T06:40:00,TWR-168,telecom_cdr.csv
9582938523,phone,IMEI-2985430651,IMSI-6130510364,2026-08-11T20:58:00,TWR-116,telecom_cdr.csv
9983519002,phone,IMEI-7347125783,IMSI-6385958878,2026-07-01T20:47:00,TWR-171,telecom_cdr.csv
9067351927,phone,IMEI-4914192402,IMSI-3482142797,2026-07-16T16:49:00,TWR-148,telecom_cdr.csv
9943604188,phone,IMEI-6668635297,IMSI-7520017429,2026-08-24T05:24:00,TWR-144,telecom_cdr.csv
9119689122,phone,IMEI-4968221667,IMSI-5571547255,2026-08-17T19:58:00,TWR-104,telecom_cdr.csv
9070145149,phone,IMEI-8528550318,IMSI-1707109883,2026-07-24T06:03:00,TWR-121,telecom_cdr.csv
9581891703,phone,IMEI-5852870877,IMSI-0584119856,2026-07-21T22:10:00,TWR-119,telecom_cdr.csv
9054186775,phone,IMEI-9137435913,IMSI-3429537630,2026-07-08T06:32:00,TWR-193,telecom_cdr.csv
9828083255,phone,IMEI-5976071619,IMSI-4602339619,2026-07-23T02:13:00,TWR-167,telecom_cdr.csv
9676650588,phone,IMEI-2535874395,IMSI-7029071889,2026-07-14T18:50:00,TWR-141,telecom_cdr.csv
9884520326,phone,IMEI-6766495534,IMSI-2318830436,2026-07-25T02:14:00,TWR-106,telecom_cdr.csv
9919108073,phone,IMEI-7816291043,IMSI-1715663547,2026-08-08T02:45:00,TWR-168,telecom_cdr.csv
9507598515,phone,IMEI-5650545635,IMSI-1175969441,2026-07-14T09:30:00,TWR-113,telecom_cdr.csv
9983671609,phone,IMEI-9158653821,IMSI-6422000383,2026-08-26T06:38:00,TWR-196,telecom_cdr.csv
9327371243,phone,IMEI-0706366806,IMSI-9463467046,2026-07-21T19:20:00,TWR-166,telecom_cdr.csv
9892195305,phone,IMEI-3482362498,IMSI-1721450403,2026-07-09T06:24:00,TWR-117,telecom_cdr.csv
9507598515,phone,IMEI-5650545635,IMSI-1175969441,2026-07-18T18:14:00,TWR-124,telecom_cdr.csv
9582184249,phone,IMEI-3779525637,IMSI-7246178112,2026-07-30T11:52:00,TWR-195,telecom_cdr.csv
9992023872,phone,IMEI-6123307024,IMSI-3912797421,2026-08-04T03:14:00,TWR-160,telecom_cdr.csv
9029380964,phone,IMEI-1200821527,IMSI-6889099505,2026-08-29T13:08:00,TWR-123,telecom_cdr.csv
9874249954,phone,IMEI-4200352328,IMSI-3148847499,2026-07-08T05:38:00,TWR-148,telecom_cdr.csv
9213278016,phone,IMEI-4465904654,IMSI-5277064654,2026-08-03T18:23:00,TWR-151,telecom_cdr.csv
9278250200,phone,IMEI-3513691866,IMSI-2323998667,2026-08-05T13:13:00,TWR-172,telecom_cdr.csv
9293480844,phone,IMEI-8568759131,IMSI-1147789695,2026-08-06T11:52:00,TWR-177,telecom_cdr.csv
9495481440,phone,IMEI-7343978348,IMSI-7299004607,2026-08-02T05:49:00,TWR-102,telecom_cdr.csv
9658966573,phone,IMEI-5717676475,IMSI-7649468920,2026-07-26T15:35:00,TWR-178,telecom_cdr.csv
9808594706,phone,IMEI-0442497172,IMSI-9844344228,2026-08-28T19:44:00,TWR-138,telecom_cdr.csv
9680479553,phone,IMEI-8242039321,IMSI-2319158333,2026-08-25T08:41:00,TWR-125,telecom_cdr.csv
9260628721,phone,IMEI-9994080845,IMSI-6080368639,2026-07-12T15:29:00,TWR-166,telecom_cdr.csv
9098471173,phone,IMEI-7271949408,IMSI-1881818368,2026-07-29T20:32:00,TWR-124,telecom_cdr.csv
9084209783,phone,IMEI-7684964261,IMSI-7877783732,2026-07-19T07:53:00,TWR-147,telecom_cdr.csv
9413409595,phone,IMEI-9198245592,IMSI-6918675312,2026-07-07T12:00:00,TWR-186,telecom_cdr.csv
9386896000,phone,IMEI-4962986758,IMSI-2471331430,2026-08-29T00:44:00,TWR-134,telecom_cdr.csv
9437723988,phone,IMEI-4298782594,IMSI-8119107350,2026-08-11T04:54:00,TWR-133,telecom_cdr.csv
9641445280,phone,IMEI-6990651019,IMSI-4884701240,2026-08-13T12:20:00,TWR-182,telecom_cdr.csv
9446485809,phone,IMEI-8567624422,IMSI-1677292965,2026-08-29T03:46:00,TWR-126,telecom_cdr.csv
9744013158,phone,IMEI-0204936180,IMSI-5765546111,2026-07-03T10:22:00,TWR-171,telecom_cdr.csv
9388850469,phone,IMEI-4386804296,IMSI-9841550156,2026-07-30T15:40:00,TWR-187,telecom_cdr.csv
9331760225,phone,IMEI-6823126679,IMSI-9556657153,2026-08-01T10:48:00,TWR-165,telecom_cdr.csv
9067973962,phone,IMEI-3210762736,IMSI-8552134527,2026-07-10T04:42:00,TWR-175,telecom_cdr.csv
9666442915,phone,IMEI-0804775625,IMSI-2115641857,2026-07-30T00:26:00,TWR-136,telecom_cdr.csv
9468748835,phone,IMEI-5361336908,IMSI-4651458287,2026-08-27T09:51:00,TWR-100,telecom_cdr.csv
9688853201,phone,IMEI-4214519644,IMSI-7189901505,2026-08-09T00:48:00,TWR-179,telecom_cdr.csv
9220969700,phone,IMEI-2355180961,IMSI-2592684647,2026-08-04T01:18:00,TWR-155,telecom_cdr.csv
9833390099,phone,IMEI-7064692062,IMSI-3990213685,2026-07-06T00:26:00,TWR-113,telecom_cdr.csv
9429522889,phone,IMEI-3067396449,IMSI-4994327666,2026-08-21T09:54:00,TWR-165,telecom_cdr.csv
9471958575,phone,IMEI-4764251333,IMSI-2865780863,2026-07-31T00:32:00,TWR-144,telecom_cdr.csv
9502624719,phone,IMEI-5003891237,IMSI-9635494234,2026-07-17T09:25:00,TWR-197,telecom_cdr.csv
9402438050,phone,IMEI-2411119216,IMSI-4050734844,2026-08-17T23:16:00,TWR-110,telecom_cdr.csv
9257827965,phone,IMEI-6468780293,IMSI-1640945050,2026-07-11T03:05:00,TWR-143,telecom_cdr.csv
9200139158,phone,IMEI-0054870777,IMSI-4754723180,2026-08-07T15:25:00,TWR-140,telecom_cdr.csv
9349613120,phone,IMEI-7120450068,IMSI-1755976326,2026-07-22T01:20:00,TWR-130,telecom_cdr.csv
9641643119,phone,IMEI-9263370349,IMSI-4083002667,2026-07-21T12:28:00,TWR-100,telecom_cdr.csv
9834826825,phone,IMEI-8904044044,IMSI-0708861395,2026-08-23T09:49:00,TWR-169,telecom_cdr.csv
9428025968,phone,IMEI-5595534505,IMSI-3593963620,2026-08-06T04:44:00,TWR-141,telecom_cdr.csv
9429522889,phone,IMEI-3067396449,IMSI-4994327666,2026-08-29T02:46:00,TWR-166,telecom_cdr.csv
9808594706,phone,IMEI-0442497172,IMSI-9844344228,2026-07-11T03:53:00,TWR-108,telecom_cdr.csv
9562679527,phone,IMEI-5177175824,IMSI-9150100589,2026-08-17T08:30:00,TWR-153,telecom_cdr.csv
9983171750,phone,IMEI-4400039016,IMSI-9514991673,2026-08-20T13:35:00,TWR-141,telecom_cdr.csv
9227813809,phone,IMEI-6753587083,IMSI-5640922283,2026-07-31T07:43:00,TWR-148,telecom_cdr.csv
9951468336,phone,IMEI-9833539850,IMSI-4324092769,2026-08-21T23:30:00,TWR-119,telecom_cdr.csv
9809362966,phone,IMEI-6207009819,IMSI-1302045948,2026-07-30T07:54:00,TWR-117,telecom_cdr.csv
9248477233,phone,IMEI-6563078851,IMSI-9115160463,2026-08-09T01:47:00,TWR-138,telecom_cdr.csv
9007309220,phone,IMEI-6988478685,IMSI-9658803171,2026-08-11T01:21:00,TWR-159,telecom_cdr.csv
9985200539,phone,IMEI-9375839641,IMSI-2217792916,2026-08-21T19:52:00,TWR-143,telecom_cdr.csv
9446485809,phone,IMEI-8567624422,IMSI-1677292965,2026-08-10T11:13:00,TWR-109,telecom_cdr.csv
9822745513,phone,IMEI-0197789236,IMSI-6673910180,2026-08-18T03:59:00,TWR-138,telecom_cdr.csv
9815172061,phone,IMEI-7892314815,IMSI-3616881557,2026-08-15T05:15:00,TWR-173,telecom_cdr.csv
9200375438,phone,IMEI-4397382276,IMSI-3873692961,2026-08-12T06:19:00,TWR-161,telecom_cdr.csv
9640649508,phone,IMEI-3446472023,IMSI-8364758084,2026-08-23T17:07:00,TWR-170,telecom_cdr.csv
9911135766,phone,IMEI-8903842578,IMSI-4547717498,2026-08-24T08:57:00,TWR-115,telecom_cdr.csv
9594924991,phone,IMEI-3630121292,IMSI-8018351121,2026-08-29T06:22:00,TWR-173,telecom_cdr.csv
9905828031,phone,IMEI-0781238549,IMSI-4012237783,2026-08-07T17:56:00,TWR-176,telecom_cdr.csv
9511976381,phone,IMEI-3341338675,IMSI-7153516453,2026-07-28T22:41:00,TWR-141,telecom_cdr.csv
9601311183,phone,IMEI-0340657742,IMSI-9412347573,2026-08-24T23:23:00,TWR-172,telecom_cdr.csv
9200234695,phone,IMEI-3610403394,IMSI-1168400464,2026-08-13T14:00:00,TWR-142,telecom_cdr.csv
9469763439,phone,IMEI-0852973859,IMSI-7754398944,2026-08-10T16:51:00,TWR-105,telecom_cdr.csv
9691975020,phone,IMEI-0423872955,IMSI-5976317406,2026-08-01T05:09:00,TWR-188,telecom_cdr.csv
9032926051,phone,IMEI-6529088324,IMSI-0974431797,2026-07-27T04:49:00,TWR-186,telecom_cdr.csv
9252995406,phone,IMEI-4066662946,IMSI-7752976606,2026-08-14T10:16:00,TWR-151,telecom_cdr.csv
9364540204,phone,IMEI-7194965681,IMSI-8534759259,2026-08-11T15:20:00,TWR-138,telecom_cdr.csv
9631036891,phone,IMEI-7085159885,IMSI-0555365475,2026-07-09T06:10:00,TWR-119,telecom_cdr.csv
9991205817,phone,IMEI-9329436732,IMSI-9249137229,2026-08-30T00:29:00,TWR-104,telecom_cdr.csv
9037548430,phone,IMEI-3229544495,IMSI-5683183539,2026-08-20T13:33:00,TWR-105,telecom_cdr.csv
9586592627,phone,IMEI-9592646825,IMSI-6747179784,2026-08-07T19:27:00,TWR-196,telecom_cdr.csv
9705629519,phone,IMEI-5783109870,IMSI-4275222475,2026-08-29T12:17:00,TWR-140,telecom_cdr.csv
9113894274,phone,IMEI-2146302492,IMSI-0540358963,2026-08-06T05:46:00,TWR-174,telecom_cdr.csv
9622469420,phone,IMEI-7346336061,IMSI-5486402106,2026-08-07T00:31:00,TWR-115,telecom_cdr.csv
9235973021,phone,IMEI-2583943185,IMSI-8616009985,2026-08-15T09:05:00,TWR-137,telecom_cdr.csv
9589598530,phone,IMEI-7679253762,IMSI-8549930085,2026-07-01T21:10:00,TWR-161,telecom_cdr.csv
9992557047,phone,IMEI-1485764275,IMSI-3547588134,2026-07-12T05:04:00,TWR-168,telecom_cdr.csv
9054186775,phone,IMEI-9137435913,IMSI-3429537630,2026-08-10T20:19:00,TWR-199,telecom_cdr.csv
9589598530,phone,IMEI-7679253762,IMSI-8549930085,2026-08-26T05:34:00,TWR-132,telecom_cdr.csv
9950780803,phone,IMEI-7161278708,IMSI-9020949409,2026-07-29T16:15:00,TWR-176,telecom_cdr.csv
9368290911,phone,IMEI-2438192926,IMSI-4864644779,2026-07-19T00:15:00,TWR-155,telecom_cdr.csv
9259995536,phone,IMEI-9566882160,IMSI-5082497559,2026-08-30T07:30:00,TWR-180,telecom_cdr.csv
9789162925,phone,IMEI-6706397428,IMSI-9039846625,2026-08-19T05:56:00,TWR-196,telecom_cdr.csv
9991205817,phone,IMEI-9329436732,IMSI-9249137229,2026-07-03T12:28:00,TWR-182,telecom_cdr.csv
9241105711,phone,IMEI-9803656515,IMSI-7082186948,2026-08-06T10:14:00,TWR-133,telecom_cdr.csv
9257827965,phone,IMEI-6468780293,IMSI-1640945050,2026-08-24T15:59:00,TWR-129,telecom_cdr.csv
9801970920,phone,IMEI-1292012637,IMSI-1135753950,2026-08-18T19:08:00,TWR-132,telecom_cdr.csv
9905802164,phone,IMEI-7145647193,IMSI-1216365150,2026-07-21T22:43:00,TWR-110,telecom_cdr.csv
9677217388,phone,IMEI-8717105032,IMSI-9266491300,2026-08-06T08:42:00,TWR-130,telecom_cdr.csv
9586623614,phone,IMEI-0887771598,IMSI-3568398545,2026-07-15T15:32:00,TWR-138,telecom_cdr.csv
9525089424,phone,IMEI-6171533701,IMSI-0320153741,2026-07-05T22:29:00,TWR-180,telecom_cdr.csv
9819709768,phone,IMEI-9605408796,IMSI-3200654811,2026-08-01T05:30:00,TWR-185,telecom_cdr.csv
9476913647,phone,IMEI-4739402259,IMSI-5182879172,2026-08-11T21:06:00,TWR-178,telecom_cdr.csv
9207971522,phone,IMEI-7443674400,IMSI-3923742160,2026-08-19T20:38:00,TWR-176,telecom_cdr.csv
9816663121,phone,IMEI-9378559839,IMSI-7894632512,2026-08-16T08:45:00,TWR-108,telecom_cdr.csv
9582184249,phone,IMEI-3779525637,IMSI-7246178112,2026-07-14T05:33:00,TWR-159,telecom_cdr.csv
9088410525,phone,IMEI-2404699364,IMSI-7683056527,2026-07-15T12:48:00,TWR-143,telecom_cdr.csv
9750044653,phone,IMEI-5285840303,IMSI-4825043815,2026-07-20T03:39:00,TWR-125,telecom_cdr.csv
9383027006,phone,IMEI-4725949493,IMSI-6588641393,2026-08-14T15:47:00,TWR-169,telecom_cdr.csv
9974178400,phone,IMEI-3032999856,IMSI-7707871191,2026-08-29T10:18:00,TWR-131,telecom_cdr.csv
9707711861,phone,IMEI-5444624745,IMSI-4241977022,2026-07-06T02:58:00,TWR-125,telecom_cdr.csv
9024707036,phone,IMEI-7347992008,IMSI-2888843616,2026-07-26T01:20:00,TWR-100,telecom_cdr.csv
9471958575,phone,IMEI-4764251333,IMSI-2865780863,2026-08-14T23:14:00,TWR-177,telecom_cdr.csv
9266407928,phone,IMEI-1315633685,IMSI-6515307291,2026-07-22T00:20:00,TWR-196,telecom_cdr.csv
9582184249,phone,IMEI-3779525637,IMSI-7246178112,2026-08-02T18:53:00,TWR-158,telecom_cdr.csv
9048233130,phone,IMEI-7341196897,IMSI-1521336548,2026-08-03T10:41:00,TWR-153,telecom_cdr.csv
9886247321,phone,IMEI-3732677445,IMSI-6782052055,2026-07-23T22:55:00,TWR-186,telecom_cdr.csv
9562254266,phone,IMEI-9002034944,IMSI-5089706326,2026-08-17T13:47:00,TWR-169,telecom_cdr.csv
9582184249,phone,IMEI-3779525637,IMSI-7246178112,2026-08-16T08:10:00,TWR-135,telecom_cdr.csv
9469763439,phone,IMEI-0852973859,IMSI-7754398944,2026-08-15T00:08:00,TWR-131,telecom_cdr.csv
9707711861,phone,IMEI-5444624745,IMSI-4241977022,2026-08-08T03:33:00,TWR-161,telecom_cdr.csv
9167649836,phone,IMEI-3998783293,IMSI-5271989094,2026-08-30T08:18:00,TWR-113,telecom_cdr.csv
9620805495,phone,IMEI-9798503611,IMSI-7553029147,2026-08-02T07:14:00,TWR-134,telecom_cdr.csv
9768160718,phone,IMEI-6553496821,IMSI-9218665983,2026-07-01T16:37:00,TWR-121,telecom_cdr.csv
9476913647,phone,IMEI-4739402259,IMSI-5182879172,2026-07-11T09:32:00,TWR-135,telecom_cdr.csv
9095950087,phone,IMEI-6408982926,IMSI-3137052971,2026-08-23T10:02:00,TWR-139,telecom_cdr.csv
9623068655,phone,IMEI-6533395065,IMSI-3803435764,2026-07-15T05:11:00,TWR-105,telecom_cdr.csv
9615796546,phone,IMEI-6950112498,IMSI-4491718898,2026-07-11T11:51:00,TWR-179,telecom_cdr.csv
9552337763,phone,IMEI-2098944971,IMSI-9920649298,2026-08-29T06:26:00,TWR-118,telecom_cdr.csv
9797449946,phone,IMEI-6504289074,IMSI-8867604255,2026-08-24T04:16:00,TWR-160,telecom_cdr.csv
9992557047,phone,IMEI-1485764275,IMSI-3547588134,2026-07-15T07:27:00,TWR-166,telecom_cdr.csv
9253232817,phone,IMEI-7487857624,IMSI-6021549849,2026-07-19T18:14:00,TWR-190,telecom_cdr.csv
9293480844,phone,IMEI-8568759131,IMSI-1147789695,2026-07-05T04:38:00,TWR-174,telecom_cdr.csv
9983671609,phone,IMEI-9158653821,IMSI-6422000383,2026-08-08T22:25:00,TWR-173,telecom_cdr.csv
9347052967,phone,IMEI-5448119712,IMSI-9901365634,2026-07-17T10:12:00,TWR-127,telecom_cdr.csv
9562679527,phone,IMEI-5177175824,IMSI-9150100589,2026-07-12T15:54:00,TWR-192,telecom_cdr.csv
9673417670,phone,IMEI-3599122529,IMSI-4431934080,2026-07-22T22:49:00,TWR-188,telecom_cdr.csv
9057062130,phone,IMEI-1891539968,IMSI-6848322961,2026-07-22T09:06:00,TWR-159,telecom_cdr.csv
9911135766,phone,IMEI-8903842578,IMSI-4547717498,2026-07-24T03:23:00,TWR-116,telecom_cdr.csv
9279052515,phone,IMEI-2148512002,IMSI-7153600683,2026-08-07T13:34:00,TWR-143,telecom_cdr.csv
9222717235,phone,IMEI-7219658148,IMSI-5782307767,2026-08-23T06:07:00,TWR-191,telecom_cdr.csv
9366850427,phone,IMEI-4191750603,IMSI-7365428640,2026-08-22T13:00:00,TWR-105,telecom_cdr.csv
9861985877,phone,IMEI-9327146095,IMSI-9462811342,2026-07-03T09:06:00,TWR-139,telecom_cdr.csv
9623701950,phone,IMEI-1007524639,IMSI-3459351007,2026-08-22T00:48:00,TWR-182,telecom_cdr.csv
9328570169,phone,IMEI-0925323625,IMSI-5711517305,2026-07-11T02:44:00,TWR-139,telecom_cdr.csv
9419499003,phone,IMEI-4927002694,IMSI-4402857394,2026-07-15T17:34:00,TWR-171,telecom_cdr.csv
9988853930,phone,IMEI-2215295848,IMSI-3024275776,2026-07-19T16:42:00,TWR-142,telecom_cdr.csv
9476913647,phone,IMEI-4739402259,IMSI-5182879172,2026-07-06T09:33:00,TWR-124,telecom_cdr.csv
9217455501,phone,IMEI-5978749003,IMSI-2792413289,2026-07-15T06:55:00,TWR-142,telecom_cdr.csv
9457706949,phone,IMEI-5357510705,IMSI-1859824507,2026-08-19T06:24:00,TWR-136,telecom_cdr.csv
9472817397,phone,IMEI-3943536741,IMSI-5980622656,2026-07-31T21:30:00,TWR-168,telecom_cdr.csv
9220969700,phone,IMEI-2355180961,IMSI-2592684647,2026-07-06T07:20:00,TWR-150,telecom_cdr.csv
9088410525,phone,IMEI-2404699364,IMSI-7683056527,2026-08-08T01:07:00,TWR-172,telecom_cdr.csv
9050884189,phone,IMEI-6360726241,IMSI-5947857176,2026-08-29T02:48:00,TWR-199,telecom_cdr.csv
9113920361,phone,IMEI-3360587270,IMSI-9912359751,2026-08-05T12:48:00,TWR-118,telecom_cdr.csv
9153514440,phone,IMEI-2811772442,IMSI-9051485715,2026-08-06T01:48:00,TWR-171,telecom_cdr.csv
9808579845,phone,IMEI-8087040989,IMSI-5392371679,2026-08-04T17:20:00,TWR-154,telecom_cdr.csv
9556161246,phone,IMEI-9232058172,IMSI-6240572973,2026-07-26T01:05:00,TWR-156,telecom_cdr.csv
9828083255,phone,IMEI-5976071619,IMSI-4602339619,2026-07-24T21:37:00,TWR-120,telecom_cdr.csv
9257114068,phone,IMEI-4399357731,IMSI-1672099153,2026-07-25T03:49:00,TWR-109,telecom_cdr.csv
9404914720,phone,IMEI-4090015656,IMSI-1193307735,2026-07-04T11:19:00,TWR-164,telecom_cdr.csv
9031225357,phone,IMEI-2401507627,IMSI-0587460249,2026-07-08T10:19:00,TWR-117,telecom_cdr.csv
9576957454,phone,IMEI-0491209123,IMSI-1300712241,2026-08-14T10:05:00,TWR-197,telecom_cdr.csv
9148804543,phone,IMEI-3346908625,IMSI-8564869470,2026-07-06T06:44:00,TWR-161,telecom_cdr.csv
9330833334,phone,IMEI-5153766162,IMSI-9581629746,2026-08-27T21:50:00,TWR-136,telecom_cdr.csv
9432789553,phone,IMEI-7581615382,IMSI-6059787584,2026-07-28T10:40:00,TWR-137,telecom_cdr.csv
9552337763,phone,IMEI-2098944971,IMSI-9920649298,2026-08-16T17:15:00,TWR-174,telecom_cdr.csv
9808594706,phone,IMEI-0442497172,IMSI-9844344228,2026-08-19T20:22:00,TWR-170,telecom_cdr.csv
9622469420,phone,IMEI-7346336061,IMSI-5486402106,2026-07-21T20:05:00,TWR-129,telecom_cdr.csv
9683847079,phone,IMEI-0600083514,IMSI-3429687054,2026-07-31T19:09:00,TWR-114,telecom_cdr.csv
9265230098,phone,IMEI-5253328564,IMSI-5469787294,2026-08-29T08:25:00,TWR-177,telecom_cdr.csv
9891712996,phone,IMEI-2417841663,IMSI-9782591182,2026-08-18T10:03:00,TWR-198,telecom_cdr.csv
9432789553,phone,IMEI-7581615382,IMSI-6059787584,2026-07-11T10:51:00,TWR-187,telecom_cdr.csv
9327888369,phone,IMEI-7698981986,IMSI-6354953088,2026-07-07T04:28:00,TWR-110,telecom_cdr.csv
9274004854,phone,IMEI-9737389873,IMSI-7649661283,2026-08-18T13:49:00,TWR-133,telecom_cdr.csv
9460888817,phone,IMEI-5330290345,IMSI-1245471517,2026-07-03T13:26:00,TWR-124,telecom_cdr.csv
9495481440,phone,IMEI-7343978348,IMSI-7299004607,2026-08-01T22:16:00,TWR-197,telecom_cdr.csv
9623121500,phone,IMEI-0108792131,IMSI-6877336484,2026-07-22T13:23:00,TWR-198,telecom_cdr.csv
9391101258,phone,IMEI-8216786993,IMSI-1748026884,2026-07-25T18:37:00,TWR-110,telecom_cdr.csv
9514856229,phone,IMEI-3197885749,IMSI-6798628126,2026-08-04T19:25:00,TWR-199,telecom_cdr.csv
9368290911,phone,IMEI-2438192926,IMSI-4864644779,2026-08-09T05:06:00,TWR-121,telecom_cdr.csv
9941262446,phone,IMEI-4415336975,IMSI-5893841131,2026-07-23T21:19:00,TWR-140,telecom_cdr.csv
9695427713,phone,IMEI-3896101601,IMSI-4335493568,2026-07-15T11:36:00,TWR-121,telecom_cdr.csv
9364540204,phone,IMEI-7194965681,IMSI-8534759259,2026-07-13T05:09:00,TWR-107,telecom_cdr.csv
9002978753,phone,IMEI-9353374149,IMSI-2575451497,2026-08-29T12:10:00,TWR-194,telecom_cdr.csv
9339899280,phone,IMEI-3287756597,IMSI-4213052281,2026-07-20T02:35:00,TWR-124,telecom_cdr.csv
9428025968,phone,IMEI-5595534505,IMSI-3593963620,2026-08-30T07:25:00,TWR-142,telecom_cdr.csv
9836051835,phone,IMEI-4002458239,IMSI-2965785366,2026-08-11T23:59:00,TWR-178,telecom_cdr.csv
9257827965,phone,IMEI-6468780293,IMSI-1640945050,2026-08-08T23:00:00,TWR-122,telecom_cdr.csv
9797758127,phone,IMEI-0603574703,IMSI-9882589061,2026-07-23T09:46:00,TWR-190,telecom_cdr.csv
9886247321,phone,IMEI-3732677445,IMSI-6782052055,2026-07-10T16:32:00,TWR-184,telecom_cdr.csv
9657812846,phone,IMEI-9765732617,IMSI-8249332885,2026-08-08T03:35:00,TWR-156,telecom_cdr.csv
9562254266,phone,IMEI-9002034944,IMSI-5089706326,2026-08-17T20:40:00,TWR-130,telecom_cdr.csv
9328742878,phone,IMEI-0159171950,IMSI-9753393771,2026-08-22T20:30:00,TWR-156,telecom_cdr.csv
9416151222,phone,IMEI-8768119539,IMSI-3558405416,2026-08-13T20:47:00,TWR-101,telecom_cdr.csv
9524417224,phone,IMEI-0151188291,IMSI-1260342701,2026-08-13T20:00:00,TWR-185,telecom_cdr.csv
9315946182,phone,IMEI-6030513471,IMSI-7062121670,2026-07-03T11:07:00,TWR-145,telecom_cdr.csv
9065105025,phone,IMEI-8111943039,IMSI-7328722369,2026-07-09T06:34:00,TWR-177,telecom_cdr.csv
9292869007,phone,IMEI-0943331952,IMSI-4641712705,2026-08-12T02:21:00,TWR-197,telecom_cdr.csv
9451525376,phone,IMEI-8511467861,IMSI-3331904361,2026-07-15T08:16:00,TWR-122,telecom_cdr.csv
9349060795,phone,IMEI-4832570734,IMSI-5208503516,2026-08-25T06:11:00,TWR-172,telecom_cdr.csv
9260117805,phone,IMEI-0536827146,IMSI-4415939529,2026-08-17T18:35:00,TWR-132,telecom_cdr.csv
9028267486,phone,IMEI-0990287722,IMSI-1904848888,2026-07-20T07:51:00,TWR-112,telecom_cdr.csv
9327371243,phone,IMEI-0706366806,IMSI-9463467046,2026-08-19T19:18:00,TWR-195,telecom_cdr.csv
9200842411,phone,IMEI-5364978542,IMSI-9596690438,2026-08-19T04:07:00,TWR-119,telecom_cdr.csv
9783601253,phone,IMEI-5379129229,IMSI-9247577649,2026-08-22T21:18:00,TWR-169,telecom_cdr.csv
9246656522,phone,IMEI-0051187760,IMSI-3512193645,2026-08-17T03:26:00,TWR-177,telecom_cdr.csv
9704583586,phone,IMEI-5888293752,IMSI-2725537131,2026-07-10T03:29:00,TWR-146,telecom_cdr.csv
9800529753,phone,IMEI-2023051743,IMSI-8062170797,2026-07-26T06:28:00,TWR-193,telecom_cdr.csv
9833390099,phone,IMEI-7064692062,IMSI-3990213685,2026-07-01T10:24:00,TWR-170,telecom_cdr.csv
9114542068,phone,IMEI-9239938505,IMSI-7368720283,2026-07-15T11:16:00,TWR-111,telecom_cdr.csv
9386896000,phone,IMEI-4962986758,IMSI-2471331430,2026-08-24T17:13:00,TWR-194,telecom_cdr.csv
9057062130,phone,IMEI-1891539968,IMSI-6848322961,2026-07-17T14:52:00,TWR-109,telecom_cdr.csv
9129555777,phone,IMEI-0062479692,IMSI-9993459649,2026-07-10T07:00:00,TWR-153,telecom_cdr.csv
9502624719,phone,IMEI-5003891237,IMSI-9635494234,2026-08-25T03:35:00,TWR-192,telecom_cdr.csv
9833592143,phone,IMEI-6058491626,IMSI-1896284043,2026-07-07T11:05:00,TWR-198,telecom_cdr.csv
9026954613,phone,IMEI-9561082774,IMSI-4696531085,2026-07-13T22:18:00,TWR-167,telecom_cdr.csv
9967287288,phone,IMEI-5531865775,IMSI-1917546621,2026-07-23T03:47:00,TWR-143,telecom_cdr.csv
9253232817,phone,IMEI-7487857624,IMSI-6021549849,2026-08-25T20:53:00,TWR-116,telecom_cdr.csv
9008584061,phone,IMEI-7100659960,IMSI-3778430184,2026-08-14T21:47:00,TWR-119,telecom_cdr.csv
9070145149,phone,IMEI-8528550318,IMSI-1707109883,2026-08-22T07:00:00,TWR-118,telecom_cdr.csv
9469763439,phone,IMEI-0852973859,IMSI-7754398944,2026-08-05T07:11:00,TWR-184,telecom_cdr.csv
9933390585,phone,IMEI-8541751229,IMSI-9861048331,2026-08-06T01:03:00,TWR-115,telecom_cdr.csv
9640649508,phone,IMEI-3446472023,IMSI-8364758084,2026-07-10T07:21:00,TWR-155,telecom_cdr.csv
9631036891,phone,IMEI-7085159885,IMSI-0555365475,2026-07-22T15:10:00,TWR-126,telecom_cdr.csv
9309176245,phone,IMEI-1715753190,IMSI-0042972767,2026-07-26T17:28:00,TWR-110,telecom_cdr.csv
9213633365,phone,IMEI-6550090413,IMSI-3490436468,2026-08-04T13:15:00,TWR-132,telecom_cdr.csv
9204267814,phone,IMEI-0513626020,IMSI-6541552734,2026-08-18T15:04:00,TWR-126,telecom_cdr.csv
9834826825,phone,IMEI-8904044044,IMSI-0708861395,2026-07-18T18:14:00,TWR-167,telecom_cdr.csv
9752820266,phone,IMEI-6368625769,IMSI-7937917527,2026-07-03T22:01:00,TWR-105,telecom_cdr.csv
9278250200,phone,IMEI-3513691866,IMSI-2323998667,2026-07-26T13:30:00,TWR-125,telecom_cdr.csv
9524417224,phone,IMEI-0151188291,IMSI-1260342701,2026-08-21T22:09:00,TWR-132,telecom_cdr.csv
9792178365,phone,IMEI-5340830680,IMSI-1385621710,2026-07-09T10:23:00,TWR-114,telecom_cdr.csv
9815172061,phone,IMEI-7892314815,IMSI-3616881557,2026-07-08T11:45:00,TWR-121,telecom_cdr.csv
9921873448,phone,IMEI-5665790813,IMSI-0402416184,2026-07-11T08:59:00,TWR-149,telecom_cdr.csv
9190777522,phone,IMEI-6160323305,IMSI-9254337711,2026-07-06T10:55:00,TWR-157,telecom_cdr.csv
9323687193,phone,IMEI-3470857301,IMSI-1027718079,2026-08-26T18:44:00,TWR-192,telecom_cdr.csv
9870151534,phone,IMEI-2208294402,IMSI-2997905078,2026-08-14T06:40:00,TWR-114,telecom_cdr.csv
9476572146,phone,IMEI-8991515020,IMSI-7841629692,2026-07-10T23:18:00,TWR-114,telecom_cdr.csv
9640649508,phone,IMEI-3446472023,IMSI-8364758084,2026-07-13T10:02:00,TWR-153,telecom_cdr.csv
9584242489,phone,IMEI-3711761377,IMSI-6896549459,2026-08-03T14:21:00,TWR-196,telecom_cdr.csv
9290816302,phone,IMEI-2542781927,IMSI-4339504550,2026-08-29T19:35:00,TWR-102,telecom_cdr.csv
9927402184,phone,IMEI-8660428186,IMSI-3269225489,2026-08-25T07:43:00,TWR-141,telecom_cdr.csv
9814631059,phone,IMEI-4248529289,IMSI-4803891302,2026-08-18T20:02:00,TWR-137,telecom_cdr.csv
9500923243,phone,IMEI-3208327507,IMSI-7648870743,2026-08-10T23:24:00,TWR-180,telecom_cdr.csv
9873173192,phone,IMEI-4178183485,IMSI-3005028827,2026-08-02T11:36:00,TWR-180,telecom_cdr.csv
9366850427,phone,IMEI-4191750603,IMSI-7365428640,2026-08-30T02:00:00,TWR-135,telecom_cdr.csv
9582938523,phone,IMEI-2985430651,IMSI-6130510364,2026-08-19T15:49:00,TWR-183,telecom_cdr.csv
9347052967,phone,IMEI-5448119712,IMSI-9901365634,2026-08-11T14:48:00,TWR-178,telecom_cdr.csv
9897114683,phone,IMEI-8939275552,IMSI-7241239884,2026-07-24T21:23:00,TWR-132,telecom_cdr.csv
9249363568,phone,IMEI-6811582771,IMSI-8163263195,2026-07-22T21:28:00,TWR-193,telecom_cdr.csv
9884354408,phone,IMEI-7604202714,IMSI-6855329343,2026-07-22T16:51:00,TWR-111,telecom_cdr.csv
9833390099,phone,IMEI-7064692062,IMSI-3990213685,2026-08-13T16:20:00,TWR-121,telecom_cdr.csv
9776329597,phone,IMEI-5548993676,IMSI-5828641899,2026-08-16T10:22:00,TWR-192,telecom_cdr.csv
9320016462,phone,IMEI-8797199572,IMSI-9747405916,2026-08-20T22:35:00,TWR-142,telecom_cdr.csv
9251924510,phone,IMEI-7177124242,IMSI-2693810245,2026-08-17T00:49:00,TWR-197,telecom_cdr.csv
9169655864,phone,IMEI-1253979739,IMSI-7565164348,2026-07-20T08:13:00,TWR-165,telecom_cdr.csv
9193850480,phone,IMEI-4056396030,IMSI-7869040491,2026-07-13T07:25:00,TWR-102,telecom_cdr.csv
9911135766,phone,IMEI-8903842578,IMSI-4547717498,2026-08-14T22:14:00,TWR-142,telecom_cdr.csv
9481010893,phone,IMEI-2446511237,IMSI-7094747437,2026-08-20T21:57:00,TWR-144,telecom_cdr.csv
9921873448,phone,IMEI-5665790813,IMSI-0402416184,2026-08-01T12:47:00,TWR-112,telecom_cdr.csv
9688853201,phone,IMEI-4214519644,IMSI-7189901505,2026-08-26T20:25:00,TWR-100,telecom_cdr.csv
9757105317,phone,IMEI-9808886408,IMSI-4613420403,2026-08-22T18:52:00,TWR-158,telecom_cdr.csv
9705629519,phone,IMEI-5783109870,IMSI-4275222475,2026-07-07T17:41:00,TWR-193,telecom_cdr.csv
9833390099,phone,IMEI-7064692062,IMSI-3990213685,2026-08-01T21:34:00,TWR-173,telecom_cdr.csv
9656939039,phone,IMEI-1635032031,IMSI-7154819630,2026-08-02T22:19:00,TWR-132,telecom_cdr.csv
9977288139,phone,IMEI-2789519384,IMSI-6777642602,2026-08-30T02:59:00,TWR-145,telecom_cdr.csv
9581891703,phone,IMEI-5852870877,IMSI-0584119856,2026-08-19T17:46:00,TWR-138,telecom_cdr.csv
9790275345,phone,IMEI-7129712637,IMSI-2343745828,2026-07-15T15:45:00,TWR-133,telecom_cdr.csv
9279052515,phone,IMEI-2148512002,IMSI-7153600683,2026-07-25T14:29:00,TWR-193,telecom_cdr.csv
9829662079,phone,IMEI-1297462206,IMSI-1511941598,2026-08-09T01:22:00,TWR-150,telecom_cdr.csv
9271401903,phone,IMEI-6762506365,IMSI-5207343348,2026-07-19T06:20:00,TWR-102,telecom_cdr.csv
9750044653,phone,IMEI-5285840303,IMSI-4825043815,2026-08-05T15:41:00,TWR-184,telecom_cdr.csv
9167649836,phone,IMEI-3998783293,IMSI-5271989094,2026-07-02T00:46:00,TWR-119,telecom_cdr.csv
9623871285,phone,IMEI-9142445182,IMSI-9509197389,2026-07-24T22:10:00,TWR-157,telecom_cdr.csv
9884520326,phone,IMEI-6766495534,IMSI-2318830436,2026-07-15T03:53:00,TWR-131,telecom_cdr.csv
9429522889,phone,IMEI-3067396449,IMSI-4994327666,2026-08-29T07:09:00,TWR-145,telecom_cdr.csv
9582938523,phone,IMEI-2985430651,IMSI-6130510364,2026-07-24T19:44:00,TWR-112,telecom_cdr.csv
9200234695,phone,IMEI-3610403394,IMSI-1168400464,2026-07-15T20:26:00,TWR-144,telecom_cdr.csv
9533492995,phone,IMEI-3442653754,IMSI-7225620982,2026-08-19T21:11:00,TWR-111,telecom_cdr.csv
9872545071,phone,IMEI-3791005065,IMSI-5582109795,2026-08-14T12:10:00,TWR-190,telecom_cdr.csv
9623871285,phone,IMEI-9142445182,IMSI-9509197389,2026-08-09T22:51:00,TWR-108,telecom_cdr.csv
9291807385,phone,IMEI-6526469046,IMSI-9253759369,2026-07-23T21:26:00,TWR-142,telecom_cdr.csv
9619076686,phone,IMEI-1335653577,IMSI-8379754571,2026-08-07T22:42:00,TWR-146,telecom_cdr.csv
9873599794,phone,IMEI-2018688559,IMSI-1432340619,2026-07-30T07:46:00,TWR-154,telecom_cdr.csv
9111007715,phone,IMEI-2993553676,IMSI-6251384966,2026-08-18T22:02:00,TWR-108,telecom_cdr.csv
9373613848,phone,IMEI-8051756948,IMSI-5607949860,2026-07-22T16:29:00,TWR-188,telecom_cdr.csv
9676650588,phone,IMEI-2535874395,IMSI-7029071889,2026-07-12T18:26:00,TWR-150,telecom_cdr.csv
9891403278,phone,IMEI-9843890388,IMSI-9878915903,2026-08-23T09:27:00,TWR-111,telecom_cdr.csv
9736840619,phone,IMEI-3896393685,IMSI-6630274421,2026-07-28T08:30:00,TWR-104,telecom_cdr.csv
9651699247,phone,IMEI-7391912109,IMSI-5628934186,2026-08-04T10:10:00,TWR-147,telecom_cdr.csv
9431862585,phone,IMEI-9189450515,IMSI-3486330131,2026-07-24T22:45:00,TWR-123,telecom_cdr.csv
9284186415,phone,IMEI-4710802736,IMSI-5006523315,2026-08-04T07:14:00,TWR-183,telecom_cdr.csv
9383110351,phone,IMEI-6993339985,IMSI-0148259083,2026-08-26T23:49:00,TWR-150,telecom_cdr.csv
9471958575,phone,IMEI-4764251333,IMSI-2865780863,2026-07-27T09:28:00,TWR-157,telecom_cdr.csv
9805634296,phone,IMEI-6869960327,IMSI-4548720395,2026-08-12T04:11:00,TWR-192,telecom_cdr.csv
9148804543,phone,IMEI-3346908625,IMSI-8564869470,2026-08-01T02:03:00,TWR-184,telecom_cdr.csv
9582938523,phone,IMEI-2985430651,IMSI-6130510364,2026-07-10T09:20:00,TWR-127,telecom_cdr.csv
9951468336,phone,IMEI-9833539850,IMSI-4324092769,2026-07-23T10:31:00,TWR-173,telecom_cdr.csv
9485267539,phone,IMEI-9023724787,IMSI-3090571081,2026-07-23T03:29:00,TWR-180,telecom_cdr.csv
9558401725,phone,IMEI-9018823279,IMSI-7670102992,2026-08-28T20:34:00,TWR-110,telecom_cdr.csv
9588489595,phone,IMEI-7122035643,IMSI-8378274530,2026-08-16T15:58:00,TWR-107,telecom_cdr.csv
9626296040,phone,IMEI-8392209518,IMSI-3728872159,2026-08-03T16:57:00,TWR-112,telecom_cdr.csv
9581891703,phone,IMEI-5852870877,IMSI-0584119856,2026-07-19T04:30:00,TWR-134,telecom_cdr.csv
9887832742,phone,IMEI-3548201949,IMSI-9971589500,2026-08-29T00:16:00,TWR-167,telecom_cdr.csv
9819214001,phone,IMEI-1646085124,IMSI-6480506350,2026-07-23T21:58:00,TWR-149,telecom_cdr.csv
9586623614,phone,IMEI-0887771598,IMSI-3568398545,2026-07-21T11:17:00,TWR-156,telecom_cdr.csv
9511976381,phone,IMEI-3341338675,IMSI-7153516453,2026-07-16T17:31:00,TWR-100,telecom_cdr.csv
9955420533,phone,IMEI-4753026857,IMSI-4464279175,2026-07-20T01:27:00,TWR-188,telecom_cdr.csv
9870151534,phone,IMEI-2208294402,IMSI-2997905078,2026-08-29T08:16:00,TWR-194,telecom_cdr.csv
9188180702,phone,IMEI-9453874896,IMSI-7885652348,2026-08-09T06:17:00,TWR-197,telecom_cdr.csv
9925397865,phone,IMEI-3898523377,IMSI-3949130418,2026-08-27T01:24:00,TWR-195,telecom_cdr.csv
9210244612,phone,IMEI-6189465100,IMSI-7205358651,2026-08-06T02:28:00,TWR-172,telecom_cdr.csv
9524486938,phone,IMEI-7566819896,IMSI-3731294120,2026-08-03T18:23:00,TWR-197,telecom_cdr.csv
9098713669,phone,IMEI-0583990102,IMSI-7629708285,2026-08-12T06:48:00,TWR-175,telecom_cdr.csv
9826643843,phone,IMEI-5842341203,IMSI-6447263513,2026-07-07T20:21:00,TWR-168,telecom_cdr.csv
9558401725,phone,IMEI-9018823279,IMSI-7670102992,2026-08-13T18:25:00,TWR-175,telecom_cdr.csv
9763462687,phone,IMEI-0158770989,IMSI-9062509835,2026-07-10T10:25:00,TWR-110,telecom_cdr.csv
9035922148,phone,IMEI-2224625802,IMSI-9359009204,2026-07-09T18:19:00,TWR-110,telecom_cdr.csv
9822745513,phone,IMEI-0197789236,IMSI-6673910180,2026-07-21T04:01:00,TWR-152,telecom_cdr.csv
9260117805,phone,IMEI-0536827146,IMSI-4415939529,2026-07-09T13:39:00,TWR-177,telecom_cdr.csv
9884520326,phone,IMEI-6766495534,IMSI-2318830436,2026-07-28T18:24:00,TWR-182,telecom_cdr.csv
9829662079,phone,IMEI-1297462206,IMSI-1511941598,2026-07-03T04:24:00,TWR-173,telecom_cdr.csv
9119797995,phone,IMEI-5706195678,IMSI-2254105709,2026-08-04T21:16:00,TWR-145,telecom_cdr.csv
9362272684,phone,IMEI-5958935981,IMSI-2951362368,2026-08-15T08:08:00,TWR-198,telecom_cdr.csv
9904918041,phone,IMEI-9240363234,IMSI-6447246867,2026-08-08T20:39:00,TWR-108,telecom_cdr.csv
9983142650,phone,IMEI-9388404548,IMSI-4148752876,2026-08-10T14:15:00,TWR-119,telecom_cdr.csv
9440101408,phone,IMEI-5987306395,IMSI-6040436131,2026-07-11T23:04:00,TWR-122,telecom_cdr.csv
9408119185,phone,IMEI-4825774962,IMSI-9490109164,2026-08-16T11:06:00,TWR-103,telecom_cdr.csv
9245911056,phone,IMEI-4589252588,IMSI-5987999575,2026-08-01T05:22:00,TWR-106,telecom_cdr.csv
9887832742,phone,IMEI-3548201949,IMSI-9971589500,2026-07-22T08:08:00,TWR-156,telecom_cdr.csv
9714201071,phone,IMEI-1215109801,IMSI-4981486433,2026-07-03T06:07:00,TWR-134,telecom_cdr.csv
9950780803,phone,IMEI-7161278708,IMSI-9020949409,2026-07-18T03:27:00,TWR-145,telecom_cdr.csv
9917643972,phone,IMEI-7312323584,IMSI-2916220010,2026-08-28T18:27:00,TWR-114,telecom_cdr.csv
9343853185,phone,IMEI-4745057705,IMSI-1437353221,2026-08-28T11:34:00,TWR-109,telecom_cdr.csv
9692552797,phone,IMEI-1764458848,IMSI-3966457784,2026-08-12T04:54:00,TWR-162,telecom_cdr.csv
9098471173,phone,IMEI-7271949408,IMSI-1881818368,2026-08-26T15:51:00,TWR-155,telecom_cdr.csv
9090925546,phone,IMEI-9180929907,IMSI-6836410785,2026-08-27T11:51:00,TWR-109,telecom_cdr.csv
9320016462,phone,IMEI-8797199572,IMSI-9747405916,2026-07-21T07:57:00,TWR-148,telecom_cdr.csv
9623068655,phone,IMEI-6533395065,IMSI-3803435764,2026-07-13T13:35:00,TWR-154,telecom_cdr.csv
9349352957,phone,IMEI-7200206606,IMSI-3990469045,2026-08-26T09:23:00,TWR-103,telecom_cdr.csv
9175658769,phone,IMEI-8543351535,IMSI-7093605695,2026-07-04T13:12:00,TWR-116,telecom_cdr.csv
9857618754,phone,IMEI-3804104516,IMSI-6750827644,2026-08-27T12:25:00,TWR-115,telecom_cdr.csv
9153514440,phone,IMEI-2811772442,IMSI-9051485715,2026-07-30T23:32:00,TWR-179,telecom_cdr.csv
9028267486,phone,IMEI-0990287722,IMSI-1904848888,2026-08-04T00:36:00,TWR-102,telecom_cdr.csv
9814488986,phone,IMEI-8402450836,IMSI-9997976132,2026-07-26T07:28:00,TWR-173,telecom_cdr.csv
9780874168,phone,IMEI-1814714635,IMSI-9283753410,2026-07-07T15:17:00,TWR-188,telecom_cdr.csv
9872545071,phone,IMEI-3791005065,IMSI-5582109795,2026-07-17T10:37:00,TWR-127,telecom_cdr.csv
9057062130,phone,IMEI-1891539968,IMSI-6848322961,2026-08-09T10:59:00,TWR-191,telecom_cdr.csv
9246656522,phone,IMEI-0051187760,IMSI-3512193645,2026-07-27T14:38:00,TWR-199,telecom_cdr.csv
9694458096,phone,IMEI-8042671714,IMSI-3468585288,2026-08-30T02:18:00,TWR-129,telecom_cdr.csv
9886247321,phone,IMEI-3732677445,IMSI-6782052055,2026-07-04T10:55:00,TWR-173,telecom_cdr.csv
9106672436,phone,IMEI-7571316002,IMSI-9913913475,2026-08-02T20:50:00,TWR-110,telecom_cdr.csv
9568945147,phone,IMEI-3313579640,IMSI-8087521525,2026-08-30T02:36:00,TWR-174,telecom_cdr.csv
9395008160,phone,IMEI-5776559744,IMSI-6993638729,2026-08-24T03:16:00,TWR-133,telecom_cdr.csv
9032926051,phone,IMEI-6529088324,IMSI-0974431797,2026-07-25T02:02:00,TWR-184,telecom_cdr.csv
9692552797,phone,IMEI-1764458848,IMSI-3966457784,2026-07-06T03:04:00,TWR-128,telecom_cdr.csv
9920240606,phone,IMEI-5708662937,IMSI-3953132652,2026-08-12T20:39:00,TWR-182,telecom_cdr.csv
9855390384,phone,IMEI-4217153226,IMSI-7218957012,2026-07-27T16:58:00,TWR-141,telecom_cdr.csv
9067351927,phone,IMEI-4914192402,IMSI-3482142797,2026-08-08T02:22:00,TWR-133,telecom_cdr.csv
9735076512,phone,IMEI-0841753939,IMSI-1527713886,2026-07-13T21:41:00,TWR-121,telecom_cdr.csv
9677217388,phone,IMEI-8717105032,IMSI-9266491300,2026-08-04T21:41:00,TWR-160,telecom_cdr.csv
9826643843,phone,IMEI-5842341203,IMSI-6447263513,2026-07-13T09:02:00,TWR-188,telecom_cdr.csv
9111007715,phone,IMEI-2993553676,IMSI-6251384966,2026-07-26T06:46:00,TWR-105,telecom_cdr.csv
9865140121,phone,IMEI-1159589835,IMSI-9020928984,2026-07-09T08:46:00,TWR-150,telecom_cdr.csv
9274610699,phone,IMEI-9344708531,IMSI-5316754520,2026-07-15T14:17:00,TWR-132,telecom_cdr.csv
9337047649,phone,IMEI-1256700988,IMSI-3177469602,2026-07-11T10:39:00,TWR-105,telecom_cdr.csv
9402819790,phone,IMEI-4294897908,IMSI-7466611652,2026-08-04T14:30:00,TWR-178,telecom_cdr.csv
9526824044,phone,IMEI-1327895693,IMSI-4016492938,2026-07-24T15:23:00,TWR-144,telecom_cdr.csv
9259995536,phone,IMEI-9566882160,IMSI-5082497559,2026-07-26T06:02:00,TWR-133,telecom_cdr.csv
9988853930,phone,IMEI-2215295848,IMSI-3024275776,2026-07-02T02:15:00,TWR-188,telecom_cdr.csv
9325983817,phone,IMEI-3400499804,IMSI-0005369733,2026-07-19T02:58:00,TWR-145,telecom_cdr.csv
9664047688,phone,IMEI-3388845271,IMSI-7498474746,2026-08-28T22:04:00,TWR-148,telecom_cdr.csv
9587008315,phone,IMEI-6690962209,IMSI-8838843771,2026-07-07T22:16:00,TWR-129,telecom_cdr.csv
9582184249,phone,IMEI-3779525637,IMSI-7246178112,2026-08-03T06:43:00,TWR-118,telecom_cdr.csv
9468692379,phone,IMEI-2857946562,IMSI-6720847286,2026-07-30T10:54:00,TWR-148,telecom_cdr.csv
9705629519,phone,IMEI-5783109870,IMSI-4275222475,2026-07-13T09:58:00,TWR-146,telecom_cdr.csv
9481103002,phone,IMEI-9245884068,IMSI-4734229256,2026-08-28T18:38:00,TWR-154,telecom_cdr.csv
9808579845,phone,IMEI-8087040989,IMSI-5392371679,2026-08-10T05:18:00,TWR-190,telecom_cdr.csv
9623871285,phone,IMEI-9142445182,IMSI-9509197389,2026-08-27T05:40:00,TWR-112,telecom_cdr.csv
9026804519,phone,IMEI-6013642185,IMSI-5937328931,2026-07-29T19:32:00,TWR-126,telecom_cdr.csv
9623121500,phone,IMEI-0108792131,IMSI-6877336484,2026-08-15T01:03:00,TWR-125,telecom_cdr.csv
9562679527,phone,IMEI-5177175824,IMSI-9150100589,2026-08-08T05:23:00,TWR-191,telecom_cdr.csv
9809362966,phone,IMEI-6207009819,IMSI-1302045948,2026-07-29T11:09:00,TWR-137,telecom_cdr.csv
9983671609,phone,IMEI-9158653821,IMSI-6422000383,2026-08-20T12:42:00,TWR-182,telecom_cdr.csv
9200139158,phone,IMEI-0054870777,IMSI-4754723180,2026-08-01T01:35:00,TWR-181,telecom_cdr.csv
9527600495,phone,IMEI-8228613607,IMSI-0187837949,2026-07-29T15:30:00,TWR-169,telecom_cdr.csv
9992206411,phone,IMEI-9575813014,IMSI-2848717749,2026-07-12T00:46:00,TWR-165,telecom_cdr.csv
9420863611,phone,IMEI-4537963191,IMSI-3558536002,2026-08-05T06:57:00,TWR-193,telecom_cdr.csv
9193547286,phone,IMEI-2535910972,IMSI-2576563321,2026-07-27T00:01:00,TWR-177,telecom_cdr.csv
9544975157,phone,IMEI-6465259090,IMSI-4961892459,2026-07-13T03:54:00,TWR-169,telecom_cdr.csv
9927033369,phone,IMEI-7870679587,IMSI-9719498305,2026-07-06T18:36:00,TWR-142,telecom_cdr.csv
9833390099,phone,IMEI-7064692062,IMSI-3990213685,2026-07-15T00:33:00,TWR-151,telecom_cdr.csv
9855390384,phone,IMEI-4217153226,IMSI-7218957012,2026-07-17T00:33:00,TWR-133,telecom_cdr.csv
9481010893,phone,IMEI-2446511237,IMSI-7094747437,2026-08-16T15:58:00,TWR-124,telecom_cdr.csv
9797758127,phone,IMEI-0603574703,IMSI-9882589061,2026-08-20T22:59:00,TWR-178,telecom_cdr.csv
9582938523,phone,IMEI-2985430651,IMSI-6130510364,2026-08-20T23:25:00,TWR-191,telecom_cdr.csv
9768160718,phone,IMEI-6553496821,IMSI-9218665983,2026-08-05T05:10:00,TWR-160,telecom_cdr.csv
9183357251,phone,IMEI-9542888361,IMSI-9383065515,2026-07-01T12:12:00,TWR-116,telecom_cdr.csv
9768160718,phone,IMEI-6553496821,IMSI-9218665983,2026-07-23T01:48:00,TWR-134,telecom_cdr.csv
9130186709,phone,IMEI-6363508065,IMSI-4981595852,2026-07-26T06:08:00,TWR-161,telecom_cdr.csv
9026804519,phone,IMEI-6013642185,IMSI-5937328931,2026-07-29T08:52:00,TWR-116,telecom_cdr.csv
9420515785,phone,IMEI-5002619776,IMSI-5556624137,2026-07-31T09:51:00,TWR-186,telecom_cdr.csv
9222717235,phone,IMEI-7219658148,IMSI-5782307767,2026-07-26T02:17:00,TWR-197,telecom_cdr.csv
9801970920,phone,IMEI-1292012637,IMSI-1135753950,2026-07-13T20:32:00,TWR-143,telecom_cdr.csv
9954882339,phone,IMEI-9986404688,IMSI-6508308241,2026-07-16T07:08:00,TWR-141,telecom_cdr.csv
9476572146,phone,IMEI-8991515020,IMSI-7841629692,2026-07-31T12:09:00,TWR-142,telecom_cdr.csv
9163673270,phone,IMEI-3007180897,IMSI-4404020975,2026-07-09T14:29:00,TWR-160,telecom_cdr.csv
9665069854,phone,IMEI-0252360147,IMSI-4268227945,2026-07-28T10:47:00,TWR-121,telecom_cdr.csv
9692552797,phone,IMEI-1764458848,IMSI-3966457784,2026-07-29T01:32:00,TWR-129,telecom_cdr.csv
9048184584,phone,IMEI-5556194327,IMSI-0612124765,2026-07-03T07:00:00,TWR-138,telecom_cdr.csv
9352364431,phone,IMEI-3618044238,IMSI-2314274818,2026-07-03T09:26:00,TWR-188,telecom_cdr.csv
9522749968,phone,IMEI-0656456428,IMSI-9041268584,2026-07-21T10:43:00,TWR-101,telecom_cdr.csv
9927402184,phone,IMEI-8660428186,IMSI-3269225489,2026-08-04T03:58:00,TWR-164,telecom_cdr.csv
9511976381,phone,IMEI-3341338675,IMSI-7153516453,2026-08-15T10:45:00,TWR-138,telecom_cdr.csv
9636579261,phone,IMEI-7647856716,IMSI-6153608435,2026-08-07T21:45:00,TWR-193,telecom_cdr.csv
9603424007,phone,IMEI-9402555841,IMSI-7440544843,2026-08-23T07:31:00,TWR-187,telecom_cdr.csv
9784533346,phone,IMEI-3707681783,IMSI-5399223496,2026-08-03T12:13:00,TWR-155,telecom_cdr.csv
9468748835,phone,IMEI-5361336908,IMSI-4651458287,2026-07-13T09:50:00,TWR-167,telecom_cdr.csv
9763919028,phone,IMEI-1250460694,IMSI-0177010406,2026-08-23T07:02:00,TWR-162,telecom_cdr.csv
9857618754,phone,IMEI-3804104516,IMSI-6750827644,2026-08-17T18:18:00,TWR-154,telecom_cdr.csv
9714201071,phone,IMEI-1215109801,IMSI-4981486433,2026-07-12T17:27:00,TWR-106,telecom_cdr.csv
9295361047,phone,IMEI-1434102396,IMSI-8150726368,2026-08-29T17:16:00,TWR-190,telecom_cdr.csv
9874249954,phone,IMEI-4200352328,IMSI-3148847499,2026-07-26T18:03:00,TWR-152,telecom_cdr.csv
9084209783,phone,IMEI-7684964261,IMSI-7877783732,2026-07-28T09:46:00,TWR-145,telecom_cdr.csv
9067351927,phone,IMEI-4914192402,IMSI-3482142797,2026-08-18T08:28:00,TWR-103,telecom_cdr.csv
9904220310,phone,IMEI-2722872527,IMSI-2398195726,2026-07-10T05:53:00,TWR-181,telecom_cdr.csv
9153514440,phone,IMEI-2811772442,IMSI-9051485715,2026-07-08T10:02:00,TWR-192,telecom_cdr.csv
9175658769,phone,IMEI-8543351535,IMSI-7093605695,2026-08-30T02:19:00,TWR-109,telecom_cdr.csv
9750044653,phone,IMEI-5285840303,IMSI-4825043815,2026-08-04T22:21:00,TWR-109,telecom_cdr.csv
9323687193,phone,IMEI-3470857301,IMSI-1027718079,2026-08-29T22:23:00,TWR-116,telecom_cdr.csv
9590637250,phone,IMEI-4290055835,IMSI-8526830553,2026-07-06T22:47:00,TWR-167,telecom_cdr.csv
9589598530,phone,IMEI-7679253762,IMSI-8549930085,2026-07-29T09:15:00,TWR-145,telecom_cdr.csv
9925397865,phone,IMEI-3898523377,IMSI-3949130418,2026-08-24T14:37:00,TWR-155,telecom_cdr.csv
9891184672,phone,IMEI-0027364086,IMSI-7196040460,2026-08-20T04:47:00,TWR-185,telecom_cdr.csv
9408119185,phone,IMEI-4825774962,IMSI-9490109164,2026-08-04T02:21:00,TWR-192,telecom_cdr.csv
9078522433,phone,IMEI-7634964095,IMSI-5330377572,2026-07-13T08:36:00,TWR-161,telecom_cdr.csv
9431862585,phone,IMEI-9189450515,IMSI-3486330131,2026-07-29T05:06:00,TWR-131,telecom_cdr.csv
9257114068,phone,IMEI-4399357731,IMSI-1672099153,2026-07-12T19:53:00,TWR-174,telecom_cdr.csv
9815172061,phone,IMEI-7892314815,IMSI-3616881557,2026-08-06T09:34:00,TWR-181,telecom_cdr.csv
9411207999,phone,IMEI-8453484218,IMSI-8347399812,2026-08-10T21:47:00,TWR-154,telecom_cdr.csv
9210244612,phone,IMEI-6189465100,IMSI-7205358651,2026-08-18T15:26:00,TWR-157,telecom_cdr.csv
9692552797,phone,IMEI-1764458848,IMSI-3966457784,2026-07-23T03:47:00,TWR-124,telecom_cdr.csv
9260117805,phone,IMEI-0536827146,IMSI-4415939529,2026-07-30T23:52:00,TWR-155,telecom_cdr.csv
9783601253,phone,IMEI-5379129229,IMSI-9247577649,2026-07-26T09:55:00,TWR-181,telecom_cdr.csv
9368290911,phone,IMEI-2438192926,IMSI-4864644779,2026-08-11T22:56:00,TWR-171,telecom_cdr.csv
9603548538,phone,IMEI-1415166901,IMSI-2146809813,2026-08-03T21:33:00,TWR-195,telecom_cdr.csv
9752820266,phone,IMEI-6368625769,IMSI-7937917527,2026-07-18T07:10:00,TWR-139,telecom_cdr.csv
9874249954,phone,IMEI-4200352328,IMSI-3148847499,2026-07-31T07:18:00,TWR-112,telecom_cdr.csv
9863626383,phone,IMEI-3156686324,IMSI-3105190338,2026-07-05T07:32:00,TWR-132,telecom_cdr.csv
9495274785,phone,IMEI-1224526124,IMSI-8037804706,2026-07-16T23:06:00,TWR-156,telecom_cdr.csv
9481103002,phone,IMEI-9245884068,IMSI-4734229256,2026-07-02T14:22:00,TWR-132,telecom_cdr.csv
9299090911,phone,IMEI-4807650146,IMSI-5333767238,2026-08-21T09:29:00,TWR-125,telecom_cdr.csv
9231347176,phone,IMEI-2468302695,IMSI-2603978086,2026-08-06T22:31:00,TWR-153,telecom_cdr.csv
9816663121,phone,IMEI-9378559839,IMSI-7894632512,2026-08-27T06:49:00,TWR-137,telecom_cdr.csv
9053036677,phone,IMEI-5162495928,IMSI-8796626944,2026-07-20T15:34:00,TWR-186,telecom_cdr.csv
9137678825,phone,IMEI-2620552136,IMSI-7994288521,2026-07-23T12:53:00,TWR-121,telecom_cdr.csv
9327888369,phone,IMEI-7698981986,IMSI-6354953088,2026-08-03T10:35:00,TWR-195,telecom_cdr.csv
9429522889,phone,IMEI-3067396449,IMSI-4994327666,2026-08-07T20:15:00,TWR-195,telecom_cdr.csv
9215138019,phone,IMEI-1469630754,IMSI-5640016715,2026-07-17T12:39:00,TWR-170,telecom_cdr.csv
9213297993,phone,IMEI-5483442574,IMSI-1946987605,2026-07-09T12:04:00,TWR-101,telecom_cdr.csv
9273451778,phone,IMEI-3536885796,IMSI-4887200854,2026-07-12T22:10:00,TWR-144,telecom_cdr.csv
9988853930,phone,IMEI-2215295848,IMSI-3024275776,2026-08-17T04:33:00,TWR-124,telecom_cdr.csv
9983671609,phone,IMEI-9158653821,IMSI-6422000383,2026-08-08T00:10:00,TWR-133,telecom_cdr.csv
9745386561,phone,IMEI-8716172764,IMSI-9174333986,2026-08-07T11:48:00,TWR-145,telecom_cdr.csv
9877776348,phone,IMEI-3220167854,IMSI-0133889589,2026-07-06T17:04:00,TWR-167,telecom_cdr.csv
9514856229,phone,IMEI-3197885749,IMSI-6798628126,2026-08-21T14:44:00,TWR-100,telecom_cdr.csv
9657812846,phone,IMEI-9765732617,IMSI-8249332885,2026-07-15T11:35:00,TWR-125,telecom_cdr.csv
9971989169,phone,IMEI-3848937224,IMSI-0892217842,2026-08-30T00:29:00,TWR-160,telecom_cdr.csv
9853795114,phone,IMEI-1352490271,IMSI-3408296210,2026-07-09T07:38:00,TWR-197,telecom_cdr.csv
9829662079,phone,IMEI-1297462206,IMSI-1511941598,2026-08-17T01:04:00,TWR-158,telecom_cdr.csv
9950712865,phone,IMEI-7429481661,IMSI-9887989570,2026-07-25T05:00:00,TWR-137,telecom_cdr.csv
9834444548,phone,IMEI-9012308721,IMSI-9432604048,2026-07-31T02:29:00,TWR-123,telecom_cdr.csv
9973381637,phone,IMEI-4477037948,IMSI-0565775093,2026-07-04T17:37:00,TWR-126,telecom_cdr.csv
9206752746,phone,IMEI-5711397258,IMSI-7467067157,2026-07-20T10:36:00,TWR-196,telecom_cdr.csv
9354125779,phone,IMEI-3515778647,IMSI-1002319725,2026-08-16T17:41:00,TWR-142,telecom_cdr.csv
9274895219,phone,IMEI-6908873368,IMSI-1806085875,2026-08-24T13:00:00,TWR-191,telecom_cdr.csv
9328570169,phone,IMEI-0925323625,IMSI-5711517305,2026-07-25T10:30:00,TWR-153,telecom_cdr.csv
9065105025,phone,IMEI-8111943039,IMSI-7328722369,2026-07-05T08:42:00,TWR-156,telecom_cdr.csv
9863248414,phone,IMEI-5696212355,IMSI-2774984289,2026-08-07T17:59:00,TWR-178,telecom_cdr.csv
9754074724,phone,IMEI-0474251131,IMSI-2798903733,2026-07-03T22:50:00,TWR-195,telecom_cdr.csv
9658966573,phone,IMEI-5717676475,IMSI-7649468920,2026-07-17T16:38:00,TWR-180,telecom_cdr.csv
9105343128,phone,IMEI-3567086541,IMSI-9854147217,2026-07-01T22:46:00,TWR-146,telecom_cdr.csv
9123825217,phone,IMEI-7188595163,IMSI-9914575113,2026-08-02T07:50:00,TWR-186,telecom_cdr.csv
9819709768,phone,IMEI-9605408796,IMSI-3200654811,2026-08-25T09:53:00,TWR-190,telecom_cdr.csv
9815172061,phone,IMEI-7892314815,IMSI-3616881557,2026-07-27T18:18:00,TWR-178,telecom_cdr.csv
9683509307,phone,IMEI-2052204318,IMSI-5650646676,2026-07-02T05:17:00,TWR-113,telecom_cdr.csv
9971996767,phone,IMEI-7476825008,IMSI-5434181641,2026-07-12T11:49:00,TWR-114,telecom_cdr.csv
9423639948,phone,IMEI-4618232726,IMSI-5795032358,2026-07-30T14:46:00,TWR-183,telecom_cdr.csv
9193547286,phone,IMEI-2535910972,IMSI-2576563321,2026-08-20T07:13:00,TWR-143,telecom_cdr.csv
9257114068,phone,IMEI-4399357731,IMSI-1672099153,2026-07-18T22:30:00,TWR-169,telecom_cdr.csv
9795042893,phone,IMEI-4741789434,IMSI-9532058629,2026-08-08T17:22:00,TWR-133,telecom_cdr.csv
9597685625,phone,IMEI-4686630566,IMSI-6009527101,2026-08-09T16:34:00,TWR-122,telecom_cdr.csv
9342606616,phone,IMEI-3629173792,IMSI-4791991052,2026-08-25T15:03:00,TWR-114,telecom_cdr.csv
9213297993,phone,IMEI-5483442574,IMSI-1946987605,2026-07-21T02:30:00,TWR-136,telecom_cdr.csv
9562679527,phone,IMEI-5177175824,IMSI-9150100589,2026-08-01T14:55:00,TWR-116,telecom_cdr.csv
9683847079,phone,IMEI-0600083514,IMSI-3429687054,2026-07-18T20:38:00,TWR-157,telecom_cdr.csv
9292869007,phone,IMEI-0943331952,IMSI-4641712705,2026-08-02T00:17:00,TWR-141,telecom_cdr.csv
9654919306,phone,IMEI-6308420781,IMSI-6808671244,2026-07-25T18:38:00,TWR-120,telecom_cdr.csv
9470138106,phone,IMEI-7288837831,IMSI-4527084198,2026-07-27T18:00:00,TWR-195,telecom_cdr.csv
9591218852,phone,IMEI-1778264939,IMSI-8013573726,2026-07-11T03:56:00,TWR-173,telecom_cdr.csv
9235973021,phone,IMEI-2583943185,IMSI-8616009985,2026-08-30T02:27:00,TWR-100,telecom_cdr.csv
9613879165,phone,IMEI-8541925296,IMSI-6940659123,2026-07-10T02:55:00,TWR-117,telecom_cdr.csv
9540384926,phone,IMEI-7271453186,IMSI-5137182255,2026-07-03T05:40:00,TWR-133,telecom_cdr.csv
9404914720,phone,IMEI-4090015656,IMSI-1193307735,2026-08-26T23:16:00,TWR-151,telecom_cdr.csv
9130186709,phone,IMEI-6363508065,IMSI-4981595852,2026-08-17T09:39:00,TWR-134,telecom_cdr.csv
9119689122,phone,IMEI-4968221667,IMSI-5571547255,2026-08-27T19:52:00,TWR-110,telecom_cdr.csv
9961618335,phone,IMEI-5752734493,IMSI-8298823460,2026-08-07T04:28:00,TWR-110,telecom_cdr.csv
9973381637,phone,IMEI-4477037948,IMSI-0565775093,2026-08-19T10:37:00,TWR-128,telecom_cdr.csv
9835358094,phone,IMEI-4314635019,IMSI-0245519763,2026-07-19T18:54:00,TWR-129,telecom_cdr.csv
9323048675,phone,IMEI-0866984245,IMSI-7340621185,2026-08-23T09:50:00,TWR-193,telecom_cdr.csv
9603548538,phone,IMEI-1415166901,IMSI-2146809813,2026-08-24T06:17:00,TWR-136,telecom_cdr.csv
9533492995,phone,IMEI-3442653754,IMSI-7225620982,2026-07-04T06:16:00,TWR-182,telecom_cdr.csv
9656939039,phone,IMEI-1635032031,IMSI-7154819630,2026-07-15T22:23:00,TWR-127,telecom_cdr.csv
9413409595,phone,IMEI-9198245592,IMSI-6918675312,2026-07-25T03:29:00,TWR-198,telecom_cdr.csv
9113920361,phone,IMEI-3360587270,IMSI-9912359751,2026-08-11T14:27:00,TWR-108,telecom_cdr.csv
9738711379,phone,IMEI-3555194118,IMSI-8673754743,2026-07-02T20:00:00,TWR-140,telecom_cdr.csv
9695618974,phone,IMEI-6198011985,IMSI-4776374706,2026-07-27T03:10:00,TWR-162,telecom_cdr.csv
9025067408,phone,IMEI-8800707702,IMSI-7764375199,2026-08-16T10:34:00,TWR-181,telecom_cdr.csv
9057062130,phone,IMEI-1891539968,IMSI-6848322961,2026-07-12T01:05:00,TWR-197,telecom_cdr.csv
9745386561,phone,IMEI-8716172764,IMSI-9174333986,2026-07-13T21:13:00,TWR-167,telecom_cdr.csv
9988853930,phone,IMEI-2215295848,IMSI-3024275776,2026-07-12T16:46:00,TWR-175,telecom_cdr.csv
9182077024,phone,IMEI-1066626490,IMSI-1408953371,2026-07-14T10:39:00,TWR-108,telecom_cdr.csv
9727226471,phone,IMEI-0422532958,IMSI-5584133490,2026-08-02T10:01:00,TWR-126,telecom_cdr.csv
9884354408,phone,IMEI-7604202714,IMSI-6855329343,2026-07-19T01:28:00,TWR-178,telecom_cdr.csv
9067973962,phone,IMEI-3210762736,IMSI-8552134527,2026-07-23T19:10:00,TWR-103,telecom_cdr.csv
9798709592,phone,IMEI-8957082916,IMSI-5478311367,2026-07-06T11:20:00,TWR-158,telecom_cdr.csv
9095950087,phone,IMEI-6408982926,IMSI-3137052971,2026-08-14T09:49:00,TWR-103,telecom_cdr.csv
9279542355,phone,IMEI-8653995504,IMSI-5601123392,2026-08-26T16:10:00,TWR-168,telecom_cdr.csv
9752820266,phone,IMEI-6368625769,IMSI-7937917527,2026-07-22T20:34:00,TWR-162,telecom_cdr.csv
9527246581,phone,IMEI-0569622581,IMSI-1016823223,2026-08-11T14:32:00,TWR-196,telecom_cdr.csv
9540384926,phone,IMEI-7271453186,IMSI-5137182255,2026-08-14T07:08:00,TWR-184,telecom_cdr.csv
9007836490,phone,IMEI-9378517721,IMSI-2518565840,2026-08-19T07:04:00,TWR-130,telecom_cdr.csv
9784541701,phone,IMEI-4794903435,IMSI-6935154833,2026-08-02T11:49:00,TWR-175,telecom_cdr.csv
9440101408,phone,IMEI-5987306395,IMSI-6040436131,2026-07-26T15:57:00,TWR-101,telecom_cdr.csv
9955906003,phone,IMEI-1668929709,IMSI-5340833279,2026-08-26T21:53:00,TWR-177,telecom_cdr.csv
9027966628,phone,IMEI-8703759095,IMSI-8536513390,2026-07-27T16:39:00,TWR-118,telecom_cdr.csv
9480993572,phone,IMEI-2381321447,IMSI-8222237676,2026-07-12T20:55:00,TWR-124,telecom_cdr.csv
9539773000,phone,IMEI-5872840441,IMSI-8768199416,2026-07-03T17:29:00,TWR-176,telecom_cdr.csv
9487658493,phone,IMEI-2481422094,IMSI-4940339494,2026-07-25T08:46:00,TWR-111,telecom_cdr.csv
9527246581,phone,IMEI-0569622581,IMSI-1016823223,2026-08-21T14:36:00,TWR-138,telecom_cdr.csv
9744013158,phone,IMEI-0204936180,IMSI-5765546111,2026-07-13T10:16:00,TWR-112,telecom_cdr.csv
9955420533,phone,IMEI-4753026857,IMSI-4464279175,2026-08-25T23:20:00,TWR-149,telecom_cdr.csv
9404914720,phone,IMEI-4090015656,IMSI-1193307735,2026-08-20T14:34:00,TWR-184,telecom_cdr.csv
9873173192,phone,IMEI-4178183485,IMSI-3005028827,2026-07-17T12:33:00,TWR-172,telecom_cdr.csv
9569076123,phone,IMEI-5183268976,IMSI-8066333014,2026-08-22T14:18:00,TWR-157,telecom_cdr.csv
9233839146,phone,IMEI-6759945492,IMSI-2643409792,2026-07-27T13:47:00,TWR-157,telecom_cdr.csv
9480993572,phone,IMEI-2381321447,IMSI-8222237676,2026-08-07T04:22:00,TWR-115,telecom_cdr.csv
9920240606,phone,IMEI-5708662937,IMSI-3953132652,2026-07-30T01:47:00,TWR-108,telecom_cdr.csv
9253232817,phone,IMEI-7487857624,IMSI-6021549849,2026-08-06T10:30:00,TWR-133,telecom_cdr.csv
9540384926,phone,IMEI-7271453186,IMSI-5137182255,2026-08-09T06:08:00,TWR-198,telecom_cdr.csv
9580143749,phone,IMEI-3479877466,IMSI-1984032943,2026-07-15T04:13:00,TWR-148,telecom_cdr.csv
9819729399,phone,IMEI-2301615059,IMSI-4636655283,2026-07-26T01:03:00,TWR-193,telecom_cdr.csv
9113894274,phone,IMEI-2146302492,IMSI-0540358963,2026-07-26T18:26:00,TWR-163,telecom_cdr.csv
9551393227,phone,IMEI-5780546754,IMSI-2445620930,2026-08-01T11:59:00,TWR-196,telecom_cdr.csv
9258558771,phone,IMEI-4852639918,IMSI-4130973827,2026-07-27T09:53:00,TWR-149,telecom_cdr.csv
9781338414,phone,IMEI-2700824663,IMSI-5397043081,2026-08-21T02:29:00,TWR-106,telecom_cdr.csv
9626296040,phone,IMEI-8392209518,IMSI-3728872159,2026-08-03T17:19:00,TWR-150,telecom_cdr.csv
9386896000,phone,IMEI-4962986758,IMSI-2471331430,2026-07-14T11:40:00,TWR-182,telecom_cdr.csv
9169655864,phone,IMEI-1253979739,IMSI-7565164348,2026-08-01T04:38:00,TWR-167,telecom_cdr.csv
9892195305,phone,IMEI-3482362498,IMSI-1721450403,2026-07-04T22:52:00,TWR-158,telecom_cdr.csv
9917643972,phone,IMEI-7312323584,IMSI-2916220010,2026-07-16T14:02:00,TWR-170,telecom_cdr.csv
9528657624,phone,IMEI-8378863854,IMSI-9267728295,2026-08-27T07:40:00,TWR-154,telecom_cdr.csv
9947875390,phone,IMEI-5793611595,IMSI-7730889722,2026-08-19T02:54:00,TWR-126,telecom_cdr.csv
9190777522,phone,IMEI-6160323305,IMSI-9254337711,2026-08-06T19:45:00,TWR-164,telecom_cdr.csv
9098713669,phone,IMEI-0583990102,IMSI-7629708285,2026-08-24T23:07:00,TWR-125,telecom_cdr.csv
9665069854,phone,IMEI-0252360147,IMSI-4268227945,2026-08-19T11:05:00,TWR-183,telecom_cdr.csv
9183586783,phone,IMEI-1124328676,IMSI-4812458623,2026-08-20T09:46:00,TWR-191,telecom_cdr.csv
9183586783,phone,IMEI-1124328676,IMSI-4812458623,2026-07-02T07:09:00,TWR-122,telecom_cdr.csv
9127967516,phone,IMEI-2146882817,IMSI-9733129100,2026-07-29T19:50:00,TWR-135,telecom_cdr.csv
9354125779,phone,IMEI-3515778647,IMSI-1002319725,2026-07-04T15:38:00,TWR-159,telecom_cdr.csv
9678920670,phone,IMEI-6615710243,IMSI-4687231211,2026-07-29T23:41:00,TWR-126,telecom_cdr.csv
9819729399,phone,IMEI-2301615059,IMSI-4636655283,2026-08-07T22:29:00,TWR-112,telecom_cdr.csv
9241105711,phone,IMEI-9803656515,IMSI-7082186948,2026-07-05T20:07:00,TWR-146,telecom_cdr.csv
9556161246,phone,IMEI-9232058172,IMSI-6240572973,2026-08-29T19:38:00,TWR-158,telecom_cdr.csv
9873599794,phone,IMEI-2018688559,IMSI-1432340619,2026-07-10T07:08:00,TWR-116,telecom_cdr.csv
9323048675,phone,IMEI-0866984245,IMSI-7340621185,2026-08-06T13:01:00,TWR-174,telecom_cdr.csv
9638941365,phone,IMEI-2621969989,IMSI-9903756052,2026-08-15T15:51:00,TWR-161,telecom_cdr.csv
9993223299,phone,IMEI-5377169903,IMSI-7137375657,2026-08-02T12:17:00,TWR-178,telecom_cdr.csv
9784541701,phone,IMEI-4794903435,IMSI-6935154833,2026-08-29T16:11:00,TWR-122,telecom_cdr.csv
9008584061,phone,IMEI-7100659960,IMSI-3778430184,2026-07-31T13:33:00,TWR-166,telecom_cdr.csv
9582184249,phone,IMEI-3779525637,IMSI-7246178112,2026-07-09T14:41:00,TWR-113,telecom_cdr.csv
9213278016,phone,IMEI-4465904654,IMSI-5277064654,2026-08-18T12:46:00,TWR-190,telecom_cdr.csv
9130186709,phone,IMEI-6363508065,IMSI-4981595852,2026-08-05T22:10:00,TWR-109,telecom_cdr.csv
9673261224,phone,IMEI-5321143101,IMSI-0418880411,2026-07-22T07:06:00,TWR-166,telecom_cdr.csv
9284186415,phone,IMEI-4710802736,IMSI-5006523315,2026-07-02T16:39:00,TWR-131,telecom_cdr.csv
9859713678,phone,IMEI-7927657928,IMSI-4020734838,2026-08-25T13:21:00,TWR-139,telecom_cdr.csv
9325983817,phone,IMEI-3400499804,IMSI-0005369733,2026-07-16T14:50:00,TWR-113,telecom_cdr.csv
9562679527,phone,IMEI-5177175824,IMSI-9150100589,2026-08-12T15:25:00,TWR-111,telecom_cdr.csv
9007836490,phone,IMEI-9378517721,IMSI-2518565840,2026-07-24T20:17:00,TWR-172,telecom_cdr.csv
9967256212,phone,IMEI-3882709301,IMSI-5745970892,2026-07-20T11:48:00,TWR-101,telecom_cdr.csv
9876010337,phone,IMEI-0268803862,IMSI-7368018006,2026-07-15T12:52:00,TWR-180,telecom_cdr.csv
9295361047,phone,IMEI-1434102396,IMSI-8150726368,2026-08-01T06:12:00,TWR-169,telecom_cdr.csv
9868498624,phone,IMEI-7637483850,IMSI-9494004591,2026-07-17T21:26:00,TWR-152,telecom_cdr.csv
9295361047,phone,IMEI-1434102396,IMSI-8150726368,2026-08-15T12:35:00,TWR-181,telecom_cdr.csv
9576957454,phone,IMEI-0491209123,IMSI-1300712241,2026-07-25T06:06:00,TWR-124,telecom_cdr.csv
9814631059,phone,IMEI-4248529289,IMSI-4803891302,2026-08-15T07:40:00,TWR-162,telecom_cdr.csv
9816663121,phone,IMEI-9378559839,IMSI-7894632512,2026-08-13T09:17:00,TWR-144,telecom_cdr.csv
9925397865,phone,IMEI-3898523377,IMSI-3949130418,2026-07-15T23:15:00,TWR-118,telecom_cdr.csv
9036057232,phone,IMEI-9429354641,IMSI-9250384488,2026-07-08T14:30:00,TWR-175,telecom_cdr.csv
9000812852,phone,IMEI-0768684034,IMSI-9166578261,2026-07-23T15:17:00,TWR-121,telecom_cdr.csv
9291560480,phone,IMEI-6197984381,IMSI-7712208365,2026-08-27T20:11:00,TWR-141,telecom_cdr.csv
9183540946,phone,IMEI-1864747755,IMSI-3269121712,2026-08-06T16:58:00,TWR-161,telecom_cdr.csv
9468748835,phone,IMEI-5361336908,IMSI-4651458287,2026-08-19T17:55:00,TWR-134,telecom_cdr.csv
9800529753,phone,IMEI-2023051743,IMSI-8062170797,2026-07-24T07:03:00,TWR-148,telecom_cdr.csv
9552337763,phone,IMEI-2098944971,IMSI-9920649298,2026-08-03T11:22:00,TWR-158,telecom_cdr.csv
9347052967,phone,IMEI-5448119712,IMSI-9901365634,2026-07-23T04:36:00,TWR-170,telecom_cdr.csv
9654919306,phone,IMEI-6308420781,IMSI-6808671244,2026-07-06T07:06:00,TWR-183,telecom_cdr.csv
9070145149,phone,IMEI-8528550318,IMSI-1707109883,2026-08-19T19:31:00,TWR-112,telecom_cdr.csv
9031225357,phone,IMEI-2401507627,IMSI-0587460249,2026-08-03T22:56:00,TWR-103,telecom_cdr.csv
9241105711,phone,IMEI-9803656515,IMSI-7082186948,2026-08-16T15:30:00,TWR-170,telecom_cdr.csv
9953419276,phone,IMEI-5346925695,IMSI-3961747123,2026-08-10T12:37:00,TWR-131,telecom_cdr.csv
9391686645,phone,IMEI-0016973796,IMSI-5574013757,2026-07-28T18:15:00,TWR-193,telecom_cdr.csv
9814631059,phone,IMEI-4248529289,IMSI-4803891302,2026-07-11T16:07:00,TWR-178,telecom_cdr.csv
9200375438,phone,IMEI-4397382276,IMSI-3873692961,2026-07-24T22:27:00,TWR-177,telecom_cdr.csv
9673261224,phone,IMEI-5321143101,IMSI-0418880411,2026-08-19T15:53:00,TWR-140,telecom_cdr.csv
9564099477,phone,IMEI-4600243004,IMSI-2936944846,2026-07-27T04:27:00,TWR-133,telecom_cdr.csv
9692552797,phone,IMEI-1764458848,IMSI-3966457784,2026-08-25T02:59:00,TWR-152,telecom_cdr.csv
9541651533,phone,IMEI-2784957791,IMSI-6154638039,2026-08-12T09:49:00,TWR-115,telecom_cdr.csv
9563850020,phone,IMEI-6954138012,IMSI-9172128616,2026-07-29T16:05:00,TWR-158,telecom_cdr.csv
9678920670,phone,IMEI-6615710243,IMSI-4687231211,2026-07-22T16:56:00,TWR-191,telecom_cdr.csv
9871873991,phone,IMEI-0075092476,IMSI-8776904064,2026-07-30T21:59:00,TWR-142,telecom_cdr.csv
9699709622,phone,IMEI-3174193628,IMSI-5289027386,2026-07-20T09:17:00,TWR-107,telecom_cdr.csv
9919108073,phone,IMEI-7816291043,IMSI-1715663547,2026-07-06T12:01:00,TWR-108,telecom_cdr.csv
9193850480,phone,IMEI-4056396030,IMSI-7869040491,2026-07-28T06:42:00,TWR-199,telecom_cdr.csv
9655734481,phone,IMEI-8354977365,IMSI-9857964228,2026-08-13T17:04:00,TWR-136,telecom_cdr.csv
9220969700,phone,IMEI-2355180961,IMSI-2592684647,2026-07-10T21:39:00,TWR-148,telecom_cdr.csv
9220969700,phone,IMEI-2355180961,IMSI-2592684647,2026-08-23T20:42:00,TWR-162,telecom_cdr.csv
9325983817,phone,IMEI-3400499804,IMSI-0005369733,2026-08-23T00:15:00,TWR-169,telecom_cdr.csv
9258558771,phone,IMEI-4852639918,IMSI-4130973827,2026-08-08T09:10:00,TWR-151,telecom_cdr.csv
9428025968,phone,IMEI-5595534505,IMSI-3593963620,2026-08-28T12:39:00,TWR-173,telecom_cdr.csv
9955906003,phone,IMEI-1668929709,IMSI-5340833279,2026-08-20T11:10:00,TWR-117,telecom_cdr.csv
9024452049,phone,IMEI-0117104429,IMSI-7473374490,2026-08-27T11:31:00,TWR-152,telecom_cdr.csv
9309176245,phone,IMEI-1715753190,IMSI-0042972767,2026-07-14T19:56:00,TWR-111,telecom_cdr.csv
9726000597,phone,IMEI-6249744605,IMSI-9074747716,2026-08-20T21:47:00,TWR-131,telecom_cdr.csv
9153514440,phone,IMEI-2811772442,IMSI-9051485715,2026-08-28T02:35:00,TWR-181,telecom_cdr.csv
9792178365,phone,IMEI-5340830680,IMSI-1385621710,2026-07-23T07:41:00,TWR-127,telecom_cdr.csv
9274004854,phone,IMEI-9737389873,IMSI-7649661283,2026-08-05T05:26:00,TWR-193,telecom_cdr.csv
9098471173,phone,IMEI-7271949408,IMSI-1881818368,2026-08-01T17:21:00,TWR-109,telecom_cdr.csv
9428025968,phone,IMEI-5595534505,IMSI-3593963620,2026-07-15T21:16:00,TWR-197,telecom_cdr.csv
9873173192,phone,IMEI-4178183485,IMSI-3005028827,2026-08-27T18:23:00,TWR-143,telecom_cdr.csv
9626296040,phone,IMEI-8392209518,IMSI-3728872159,2026-08-01T13:22:00,TWR-101,telecom_cdr.csv
9070145149,phone,IMEI-8528550318,IMSI-1707109883,2026-08-21T09:21:00,TWR-109,telecom_cdr.csv
9602138521,phone,IMEI-1840426739,IMSI-5757966694,2026-08-27T02:54:00,TWR-101,telecom_cdr.csv
9003474782,phone,IMEI-1102230412,IMSI-4558698176,2026-07-19T14:43:00,TWR-149,telecom_cdr.csv
9620805495,phone,IMEI-9798503611,IMSI-7553029147,2026-07-13T15:22:00,TWR-110,telecom_cdr.csv
9587008315,phone,IMEI-6690962209,IMSI-8838843771,2026-08-22T15:17:00,TWR-153,telecom_cdr.csv
9808579845,phone,IMEI-8087040989,IMSI-5392371679,2026-07-23T05:29:00,TWR-166,telecom_cdr.csv
9884520326,phone,IMEI-6766495534,IMSI-2318830436,2026-07-11T15:11:00,TWR-115,telecom_cdr.csv
9595026413,phone,IMEI-4335200281,IMSI-3118571879,2026-08-10T17:37:00,TWR-160,telecom_cdr.csv
9623092322,phone,IMEI-7334352130,IMSI-2719759170,2026-07-21T22:16:00,TWR-156,telecom_cdr.csv
9008722810,phone,IMEI-9232142342,IMSI-0050825943,2026-07-02T03:10:00,TWR-175,telecom_cdr.csv
9739047311,phone,IMEI-6658564236,IMSI-0144725709,2026-07-25T10:26:00,TWR-120,telecom_cdr.csv
9127967516,phone,IMEI-2146882817,IMSI-9733129100,2026-07-11T22:24:00,TWR-161,telecom_cdr.csv
9731033395,phone,IMEI-1123291676,IMSI-2226558836,2026-08-06T03:53:00,TWR-187,telecom_cdr.csv
9495274785,phone,IMEI-1224526124,IMSI-8037804706,2026-08-17T11:59:00,TWR-103,telecom_cdr.csv
9929695123,phone,IMEI-9345104318,IMSI-1253544220,2026-08-08T08:35:00,TWR-154,telecom_cdr.csv
9378012248,phone,IMEI-8609401939,IMSI-2724977073,2026-07-15T17:38:00,TWR-163,telecom_cdr.csv
9271401903,phone,IMEI-6762506365,IMSI-5207343348,2026-07-14T19:13:00,TWR-197,telecom_cdr.csv
9542905882,phone,IMEI-2439012781,IMSI-6734354004,2026-08-23T06:54:00,TWR-145,telecom_cdr.csv
9462451088,phone,IMEI-3829229821,IMSI-2058340063,2026-08-11T08:41:00,TWR-150,telecom_cdr.csv
9001971594,phone,IMEI-0493528240,IMSI-8232834601,2026-07-23T14:37:00,TWR-108,telecom_cdr.csv
9325983817,phone,IMEI-3400499804,IMSI-0005369733,2026-08-27T08:23:00,TWR-158,telecom_cdr.csv
9683509307,phone,IMEI-2052204318,IMSI-5650646676,2026-07-22T13:30:00,TWR-149,telecom_cdr.csv
9870151534,phone,IMEI-2208294402,IMSI-2997905078,2026-08-12T06:59:00,TWR-183,telecom_cdr.csv
9638941365,phone,IMEI-2621969989,IMSI-9903756052,2026-07-09T08:59:00,TWR-175,telecom_cdr.csv
9253232817,phone,IMEI-7487857624,IMSI-6021549849,2026-07-30T19:33:00,TWR-182,telecom_cdr.csv
9712239771,phone,IMEI-6711935640,IMSI-2848165980,2026-08-15T18:22:00,TWR-136,telecom_cdr.csv
9200842411,phone,IMEI-5364978542,IMSI-9596690438,2026-08-08T21:38:00,TWR-160,telecom_cdr.csv
9954882339,phone,IMEI-9986404688,IMSI-6508308241,2026-07-31T23:27:00,TWR-181,telecom_cdr.csv
9572427103,phone,IMEI-5634470338,IMSI-3624256035,2026-08-23T07:31:00,TWR-134,telecom_cdr.csv
9874249954,phone,IMEI-4200352328,IMSI-3148847499,2026-07-08T13:16:00,TWR-144,telecom_cdr.csv
9781338414,phone,IMEI-2700824663,IMSI-5397043081,2026-08-07T18:44:00,TWR-139,telecom_cdr.csv
9389276201,phone,IMEI-6019281237,IMSI-0057483944,2026-07-24T10:50:00,TWR-117,telecom_cdr.csv
9601311183,phone,IMEI-0340657742,IMSI-9412347573,2026-08-13T01:42:00,TWR-105,telecom_cdr.csv
9460888817,phone,IMEI-5330290345,IMSI-1245471517,2026-07-13T16:47:00,TWR-188,telecom_cdr.csv
9088410525,phone,IMEI-2404699364,IMSI-7683056527,2026-07-15T06:29:00,TWR-169,telecom_cdr.csv
9514856229,phone,IMEI-3197885749,IMSI-6798628126,2026-07-31T01:48:00,TWR-134,telecom_cdr.csv
9366850427,phone,IMEI-4191750603,IMSI-7365428640,2026-07-25T18:43:00,TWR-139,telecom_cdr.csv
9514716369,phone,IMEI-5142856644,IMSI-6005250896,2026-08-12T22:50:00,TWR-198,telecom_cdr.csv
9974168056,phone,IMEI-5341386308,IMSI-8950482854,2026-08-29T13:00:00,TWR-178,telecom_cdr.csv
9295361047,phone,IMEI-1434102396,IMSI-8150726368,2026-07-13T07:35:00,TWR-103,telecom_cdr.csv
9688853201,phone,IMEI-4214519644,IMSI-7189901505,2026-07-17T04:39:00,TWR-138,telecom_cdr.csv
9572427103,phone,IMEI-5634470338,IMSI-3624256035,2026-07-06T21:51:00,TWR-106,telecom_cdr.csv
9572427103,phone,IMEI-5634470338,IMSI-3624256035,2026-07-31T02:01:00,TWR-187,telecom_cdr.csv
9402819790,phone,IMEI-4294897908,IMSI-7466611652,2026-08-18T10:31:00,TWR-133,telecom_cdr.csv
9853795114,phone,IMEI-1352490271,IMSI-3408296210,2026-08-07T15:49:00,TWR-163,telecom_cdr.csv
9528657624,phone,IMEI-8378863854,IMSI-9267728295,2026-07-10T06:34:00,TWR-143,telecom_cdr.csv
9156043823,phone,IMEI-0151934166,IMSI-9047151207,2026-07-13T19:29:00,TWR-105,telecom_cdr.csv
9927402184,phone,IMEI-8660428186,IMSI-3269225489,2026-07-13T06:06:00,TWR-108,telecom_cdr.csv
9794873598,phone,IMEI-9565272965,IMSI-7344759078,2026-08-21T07:44:00,TWR-118,telecom_cdr.csv
9028267486,phone,IMEI-0990287722,IMSI-1904848888,2026-07-08T10:20:00,TWR-144,telecom_cdr.csv
9688853201,phone,IMEI-4214519644,IMSI-7189901505,2026-07-20T13:56:00,TWR-122,telecom_cdr.csv
9333160902,phone,IMEI-5413904982,IMSI-4084583797,2026-07-14T06:10:00,TWR-110,telecom_cdr.csv
9440101408,phone,IMEI-5987306395,IMSI-6040436131,2026-08-21T08:11:00,TWR-197,telecom_cdr.csv
9798271778,phone,IMEI-6338109511,IMSI-1483709143,2026-08-20T05:14:00,TWR-129,telecom_cdr.csv
9820738580,phone,IMEI-2072111637,IMSI-2740076038,2026-08-21T22:59:00,TWR-157,telecom_cdr.csv
9200375438,phone,IMEI-4397382276,IMSI-3873692961,2026-08-24T21:44:00,TWR-196,telecom_cdr.csv
9781338414,phone,IMEI-2700824663,IMSI-5397043081,2026-08-20T18:55:00,TWR-175,telecom_cdr.csv
9986505771,phone,IMEI-8019888819,IMSI-9753679669,2026-08-02T01:26:00,TWR-131,telecom_cdr.csv
9354125779,phone,IMEI-3515778647,IMSI-1002319725,2026-07-22T23:56:00,TWR-171,telecom_cdr.csv
9295361047,phone,IMEI-1434102396,IMSI-8150726368,2026-07-08T07:24:00,TWR-138,telecom_cdr.csv
9158252827,phone,IMEI-8805136103,IMSI-6508961138,2026-08-12T15:42:00,TWR-106,telecom_cdr.csv
9863626383,phone,IMEI-3156686324,IMSI-3105190338,2026-08-17T15:48:00,TWR-112,telecom_cdr.csv
9383110351,phone,IMEI-6993339985,IMSI-0148259083,2026-07-07T01:44:00,TWR-104,telecom_cdr.csv
9293480844,phone,IMEI-8568759131,IMSI-1147789695,2026-07-07T13:51:00,TWR-150,telecom_cdr.csv
9915684975,phone,IMEI-7552324309,IMSI-9692569537,2026-08-29T20:12:00,TWR-123,telecom_cdr.csv
9801970920,phone,IMEI-1292012637,IMSI-1135753950,2026-08-10T13:52:00,TWR-188,telecom_cdr.csv
9829662079,phone,IMEI-1297462206,IMSI-1511941598,2026-07-22T02:57:00,TWR-147,telecom_cdr.csv
9366850427,phone,IMEI-4191750603,IMSI-7365428640,2026-07-18T19:41:00,TWR-178,telecom_cdr.csv
9562254266,phone,IMEI-9002034944,IMSI-5089706326,2026-07-12T08:07:00,TWR-161,telecom_cdr.csv
9863626383,phone,IMEI-3156686324,IMSI-3105190338,2026-07-14T07:26:00,TWR-104,telecom_cdr.csv
9556214443,phone,IMEI-2843068024,IMSI-4172224634,2026-08-05T18:34:00,TWR-121,telecom_cdr.csv
9582184249,phone,IMEI-3779525637,IMSI-7246178112,2026-08-05T13:59:00,TWR-167,telecom_cdr.csv
9429522889,phone,IMEI-3067396449,IMSI-4994327666,2026-08-18T04:36:00,TWR-111,telecom_cdr.csv
9861985877,phone,IMEI-9327146095,IMSI-9462811342,2026-07-26T02:33:00,TWR-130,telecom_cdr.csv
9063565541,phone,IMEI-4503922894,IMSI-0868594593,2026-07-06T04:20:00,TWR-166,telecom_cdr.csv
9905802164,phone,IMEI-7145647193,IMSI-1216365150,2026-07-27T19:12:00,TWR-139,telecom_cdr.csv
9063565541,phone,IMEI-4503922894,IMSI-0868594593,2026-07-06T09:03:00,TWR-119,telecom_cdr.csv
9402438050,phone,IMEI-2411119216,IMSI-4050734844,2026-08-02T17:59:00,TWR-174,telecom_cdr.csv
9998681300,phone,IMEI-1085727773,IMSI-8554311851,2026-08-27T10:04:00,TWR-132,telecom_cdr.csv
9215138019,phone,IMEI-1469630754,IMSI-5640016715,2026-07-07T00:29:00,TWR-132,telecom_cdr.csv
9260628721,phone,IMEI-9994080845,IMSI-6080368639,2026-08-21T17:23:00,TWR-176,telecom_cdr.csv
9396454436,phone,IMEI-9562527096,IMSI-8818089029,2026-08-04T22:52:00,TWR-187,telecom_cdr.csv
9204267814,phone,IMEI-0513626020,IMSI-6541552734,2026-08-19T09:55:00,TWR-139,telecom_cdr.csv
9911135766,phone,IMEI-8903842578,IMSI-4547717498,2026-08-05T17:29:00,TWR-166,telecom_cdr.csv
9027966628,phone,IMEI-8703759095,IMSI-8536513390,2026-07-17T11:39:00,TWR-196,telecom_cdr.csv
9245911056,phone,IMEI-4589252588,IMSI-5987999575,2026-08-12T09:24:00,TWR-165,telecom_cdr.csv
9354125779,phone,IMEI-3515778647,IMSI-1002319725,2026-07-11T04:25:00,TWR-153,telecom_cdr.csv
9636952352,phone,IMEI-6383558287,IMSI-0249322336,2026-08-07T05:05:00,TWR-137,telecom_cdr.csv
9325983817,phone,IMEI-3400499804,IMSI-0005369733,2026-07-12T13:31:00,TWR-157,telecom_cdr.csv
9524417224,phone,IMEI-0151188291,IMSI-1260342701,2026-07-03T15:40:00,TWR-140,telecom_cdr.csv
9420863611,phone,IMEI-4537963191,IMSI-3558536002,2026-07-27T05:23:00,TWR-172,telecom_cdr.csv
9855390384,phone,IMEI-4217153226,IMSI-7218957012,2026-07-09T01:17:00,TWR-118,telecom_cdr.csv
9245911056,phone,IMEI-4589252588,IMSI-5987999575,2026-08-06T16:44:00,TWR-167,telecom_cdr.csv
9249363568,phone,IMEI-6811582771,IMSI-8163263195,2026-07-08T21:38:00,TWR-105,telecom_cdr.csv
9213278016,phone,IMEI-4465904654,IMSI-5277064654,2026-08-19T22:56:00,TWR-103,telecom_cdr.csv
9793735024,phone,IMEI-1156568196,IMSI-6997607466,2026-07-22T02:54:00,TWR-111,telecom_cdr.csv
9955420533,phone,IMEI-4753026857,IMSI-4464279175,2026-07-08T02:46:00,TWR-176,telecom_cdr.csv
9476572146,phone,IMEI-8991515020,IMSI-7841629692,2026-08-14T00:40:00,TWR-105,telecom_cdr.csv
9227813809,phone,IMEI-6753587083,IMSI-5640922283,2026-07-06T06:36:00,TWR-169,telecom_cdr.csv
9167649836,phone,IMEI-3998783293,IMSI-5271989094,2026-08-08T04:57:00,TWR-142,telecom_cdr.csv
9563850020,phone,IMEI-6954138012,IMSI-9172128616,2026-08-08T02:47:00,TWR-126,telecom_cdr.csv
9156490709,phone,IMEI-2198278959,IMSI-7494703100,2026-08-05T19:15:00,TWR-185,telecom_cdr.csv
9048184584,phone,IMEI-5556194327,IMSI-0612124765,2026-07-05T04:29:00,TWR-164,telecom_cdr.csv
9963616536,phone,IMEI-0981470934,IMSI-9638556417,2026-07-15T19:26:00,TWR-149,telecom_cdr.csv
9974178400,phone,IMEI-3032999856,IMSI-7707871191,2026-08-09T14:23:00,TWR-100,telecom_cdr.csv
9451862998,phone,IMEI-9724228223,IMSI-1335168885,2026-08-19T16:56:00,TWR-171,telecom_cdr.csv
9707711861,phone,IMEI-5444624745,IMSI-4241977022,2026-08-05T09:31:00,TWR-110,telecom_cdr.csv
9623871285,phone,IMEI-9142445182,IMSI-9509197389,2026-07-28T21:28:00,TWR-125,telecom_cdr.csv
9511976381,phone,IMEI-3341338675,IMSI-7153516453,2026-08-24T21:26:00,TWR-179,telecom_cdr.csv
9148804543,phone,IMEI-3346908625,IMSI-8564869470,2026-07-07T03:51:00,TWR-177,telecom_cdr.csv
9347052967,phone,IMEI-5448119712,IMSI-9901365634,2026-07-09T11:15:00,TWR-149,telecom_cdr.csv
9299090911,phone,IMEI-4807650146,IMSI-5333767238,2026-08-02T19:46:00,TWR-120,telecom_cdr.csv
9925397865,phone,IMEI-3898523377,IMSI-3949130418,2026-08-19T02:25:00,TWR-105,telecom_cdr.csv
9257827965,phone,IMEI-6468780293,IMSI-1640945050,2026-07-10T09:30:00,TWR-191,telecom_cdr.csv
9318467976,phone,IMEI-5685672371,IMSI-1468144302,2026-08-25T08:20:00,TWR-193,telecom_cdr.csv
9586592627,phone,IMEI-9592646825,IMSI-6747179784,2026-08-07T00:37:00,TWR-106,telecom_cdr.csv
9120335120,phone,IMEI-2330603798,IMSI-0031911878,2026-08-24T11:11:00,TWR-162,telecom_cdr.csv
9763919028,phone,IMEI-1250460694,IMSI-0177010406,2026-07-24T07:56:00,TWR-126,telecom_cdr.csv
9327371243,phone,IMEI-0706366806,IMSI-9463467046,2026-07-27T22:54:00,TWR-129,telecom_cdr.csv
9581891703,phone,IMEI-5852870877,IMSI-0584119856,2026-07-19T11:33:00,TWR-141,telecom_cdr.csv
9182077024,phone,IMEI-1066626490,IMSI-1408953371,2026-07-21T20:47:00,TWR-139,telecom_cdr.csv
9384008626,phone,IMEI-5319941821,IMSI-0420545753,2026-08-16T07:08:00,TWR-120,telecom_cdr.csv
9986505771,phone,IMEI-8019888819,IMSI-9753679669,2026-07-11T01:06:00,TWR-127,telecom_cdr.csv
9559321940,phone,IMEI-7522970723,IMSI-5449490568,2026-07-06T05:30:00,TWR-141,telecom_cdr.csv
9950712865,phone,IMEI-7429481661,IMSI-9887989570,2026-08-25T06:01:00,TWR-141,telecom_cdr.csv
9500923243,phone,IMEI-3208327507,IMSI-7648870743,2026-07-28T19:44:00,TWR-121,telecom_cdr.csv
9188180702,phone,IMEI-9453874896,IMSI-7885652348,2026-07-09T22:10:00,TWR-118,telecom_cdr.csv
9631036891,phone,IMEI-7085159885,IMSI-0555365475,2026-08-22T15:07:00,TWR-192,telecom_cdr.csv
9127967516,phone,IMEI-2146882817,IMSI-9733129100,2026-07-29T16:31:00,TWR-188,telecom_cdr.csv
9364091457,phone,IMEI-8369176916,IMSI-5797981795,2026-08-11T04:12:00,TWR-101,telecom_cdr.csv
9861985877,phone,IMEI-9327146095,IMSI-9462811342,2026-08-01T18:12:00,TWR-142,telecom_cdr.csv
9640649508,phone,IMEI-3446472023,IMSI-8364758084,2026-08-17T20:29:00,TWR-134,telecom_cdr.csv
9925397865,phone,IMEI-3898523377,IMSI-3949130418,2026-08-28T12:11:00,TWR-180,telecom_cdr.csv
9024452049,phone,IMEI-0117104429,IMSI-7473374490,2026-07-10T13:51:00,TWR-139,telecom_cdr.csv
9252995406,phone,IMEI-4066662946,IMSI-7752976606,2026-07-17T12:11:00,TWR-127,telecom_cdr.csv
9183540946,phone,IMEI-1864747755,IMSI-3269121712,2026-07-13T15:54:00,TWR-135,telecom_cdr.csv
9026954613,phone,IMEI-9561082774,IMSI-4696531085,2026-07-24T09:26:00,TWR-113,telecom_cdr.csv
9222717235,phone,IMEI-7219658148,IMSI-5782307767,2026-08-02T06:22:00,TWR-122,telecom_cdr.csv
9814631059,phone,IMEI-4248529289,IMSI-4803891302,2026-07-22T14:20:00,TWR-187,telecom_cdr.csv
9566917456,phone,IMEI-2146515992,IMSI-4568631912,2026-08-23T12:26:00,TWR-158,telecom_cdr.csv
9063565541,phone,IMEI-4503922894,IMSI-0868594593,2026-07-02T21:21:00,TWR-101,telecom_cdr.csv
9485847011,phone,IMEI-3616414782,IMSI-7156462613,2026-07-24T04:47:00,TWR-128,telecom_cdr.csv
9744055026,phone,IMEI-1615000391,IMSI-6960935422,2026-08-26T10:11:00,TWR-142,telecom_cdr.csv
9744055026,phone,IMEI-1615000391,IMSI-6960935422,2026-07-21T02:16:00,TWR-140,telecom_cdr.csv
9468748835,phone,IMEI-5361336908,IMSI-4651458287,2026-08-03T07:34:00,TWR-193,telecom_cdr.csv
9707711861,phone,IMEI-5444624745,IMSI-4241977022,2026-08-27T18:34:00,TWR-128,telecom_cdr.csv
9992557047,phone,IMEI-1485764275,IMSI-3547588134,2026-08-03T11:00:00,TWR-137,telecom_cdr.csv
9763919028,phone,IMEI-1250460694,IMSI-0177010406,2026-07-03T03:23:00,TWR-194,telecom_cdr.csv
9527246581,phone,IMEI-0569622581,IMSI-1016823223,2026-07-19T22:57:00,TWR-132,telecom_cdr.csv
9789162925,phone,IMEI-6706397428,IMSI-9039846625,2026-07-22T11:35:00,TWR-171,telecom_cdr.csv
9569898253,phone,IMEI-1967234029,IMSI-0769395545,2026-08-16T13:53:00,TWR-119,telecom_cdr.csv
9861985877,phone,IMEI-9327146095,IMSI-9462811342,2026-07-03T10:44:00,TWR-158,telecom_cdr.csv
9992206411,phone,IMEI-9575813014,IMSI-2848717749,2026-08-11T00:21:00,TWR-150,telecom_cdr.csv
9834444548,phone,IMEI-9012308721,IMSI-9432604048,2026-07-10T11:25:00,TWR-154,telecom_cdr.csv
9664047688,phone,IMEI-3388845271,IMSI-7498474746,2026-08-29T03:16:00,TWR-169,telecom_cdr.csv
9352364431,phone,IMEI-3618044238,IMSI-2314274818,2026-08-06T09:21:00,TWR-155,telecom_cdr.csv
9481010893,phone,IMEI-2446511237,IMSI-7094747437,2026-08-18T16:56:00,TWR-195,telecom_cdr.csv
9078522433,phone,IMEI-7634964095,IMSI-5330377572,2026-08-27T11:50:00,TWR-112,telecom_cdr.csv
9406125313,phone,IMEI-3748359350,IMSI-1107966250,2026-07-31T18:31:00,TWR-183,telecom_cdr.csv
9651614051,phone,IMEI-8947014715,IMSI-1840697069,2026-07-08T19:51:00,TWR-122,telecom_cdr.csv
9325983817,phone,IMEI-3400499804,IMSI-0005369733,2026-07-19T23:21:00,TWR-110,telecom_cdr.csv
9738711379,phone,IMEI-3555194118,IMSI-8673754743,2026-08-26T14:36:00,TWR-153,telecom_cdr.csv
9234395369,phone,IMEI-6790078680,IMSI-6560719571,2026-08-25T22:12:00,TWR-115,telecom_cdr.csv
9328566276,phone,IMEI-4171456569,IMSI-4413361718,2026-08-27T09:15:00,TWR-108,telecom_cdr.csv
9524417224,phone,IMEI-0151188291,IMSI-1260342701,2026-08-26T21:24:00,TWR-167,telecom_cdr.csv
9315946182,phone,IMEI-6030513471,IMSI-7062121670,2026-07-15T16:35:00,TWR-158,telecom_cdr.csv
9861985877,phone,IMEI-9327146095,IMSI-9462811342,2026-08-17T06:45:00,TWR-175,telecom_cdr.csv
9189008337,phone,IMEI-8173120002,IMSI-6240414156,2026-08-17T21:56:00,TWR-197,telecom_cdr.csv
9988853930,phone,IMEI-2215295848,IMSI-3024275776,2026-07-03T09:04:00,TWR-174,telecom_cdr.csv
9343646379,phone,IMEI-9698813499,IMSI-6776117303,2026-07-03T19:15:00,TWR-107,telecom_cdr.csv
9053036677,phone,IMEI-5162495928,IMSI-8796626944,2026-08-19T06:39:00,TWR-134,telecom_cdr.csv
9540384926,phone,IMEI-7271453186,IMSI-5137182255,2026-08-07T19:42:00,TWR-155,telecom_cdr.csv
9386371955,phone,IMEI-8017438478,IMSI-8294768629,2026-08-19T20:36:00,TWR-145,telecom_cdr.csv
9576957454,phone,IMEI-0491209123,IMSI-1300712241,2026-07-12T20:34:00,TWR-160,telecom_cdr.csv
9960574125,phone,IMEI-3834356980,IMSI-0974141228,2026-07-28T06:24:00,TWR-117,telecom_cdr.csv
9095950087,phone,IMEI-6408982926,IMSI-3137052971,2026-07-14T20:31:00,TWR-163,telecom_cdr.csv
9090925546,phone,IMEI-9180929907,IMSI-6836410785,2026-07-20T15:56:00,TWR-184,telecom_cdr.csv
9470138106,phone,IMEI-7288837831,IMSI-4527084198,2026-08-11T16:55:00,TWR-103,telecom_cdr.csv
9364091457,phone,IMEI-8369176916,IMSI-5797981795,2026-08-25T07:08:00,TWR-172,telecom_cdr.csv
9089204157,phone,IMEI-1891015126,IMSI-6860080383,2026-07-08T20:49:00,TWR-188,telecom_cdr.csv
9120335120,phone,IMEI-2330603798,IMSI-0031911878,2026-08-10T22:29:00,TWR-132,telecom_cdr.csv
9785939510,phone,IMEI-9982973259,IMSI-4386805117,2026-07-13T21:57:00,TWR-116,telecom_cdr.csv
9562679527,phone,IMEI-5177175824,IMSI-9150100589,2026-08-14T08:03:00,TWR-148,telecom_cdr.csv
9108252674,phone,IMEI-8973790545,IMSI-4816752486,2026-07-24T23:46:00,TWR-163,telecom_cdr.csv
9963616536,phone,IMEI-0981470934,IMSI-9638556417,2026-08-11T00:00:00,TWR-157,telecom_cdr.csv
9833592143,phone,IMEI-6058491626,IMSI-1896284043,2026-07-09T21:20:00,TWR-107,telecom_cdr.csv
9114968431,phone,IMEI-8769080055,IMSI-7754791819,2026-07-21T06:50:00,TWR-184,telecom_cdr.csv
9453985457,phone,IMEI-7011184507,IMSI-0842416682,2026-07-31T14:19:00,TWR-197,telecom_cdr.csv
9636952352,phone,IMEI-6383558287,IMSI-0249322336,2026-07-04T21:30:00,TWR-123,telecom_cdr.csv
9655734481,phone,IMEI-8354977365,IMSI-9857964228,2026-07-14T17:52:00,TWR-139,telecom_cdr.csv
9259995536,phone,IMEI-9566882160,IMSI-5082497559,2026-08-07T10:31:00,TWR-141,telecom_cdr.csv
9182010086,phone,IMEI-7702790588,IMSI-4407199530,2026-07-10T09:47:00,TWR-106,telecom_cdr.csv
9904220310,phone,IMEI-2722872527,IMSI-2398195726,2026-08-22T13:25:00,TWR-175,telecom_cdr.csv
9207971522,phone,IMEI-7443674400,IMSI-3923742160,2026-07-11T02:24:00,TWR-117,telecom_cdr.csv
9917643972,phone,IMEI-7312323584,IMSI-2916220010,2026-07-05T09:58:00,TWR-100,telecom_cdr.csv
9352364431,phone,IMEI-3618044238,IMSI-2314274818,2026-08-10T12:16:00,TWR-193,telecom_cdr.csv
9215138019,phone,IMEI-1469630754,IMSI-5640016715,2026-07-26T21:37:00,TWR-161,telecom_cdr.csv
9026954613,phone,IMEI-9561082774,IMSI-4696531085,2026-07-22T13:45:00,TWR-190,telecom_cdr.csv
9067973962,phone,IMEI-3210762736,IMSI-8552134527,2026-07-05T03:49:00,TWR-107,telecom_cdr.csv
9910619958,phone,IMEI-5465799488,IMSI-1223516197,2026-07-22T10:40:00,TWR-169,telecom_cdr.csv
9362272684,phone,IMEI-5958935981,IMSI-2951362368,2026-08-20T02:22:00,TWR-123,telecom_cdr.csv
9257114068,phone,IMEI-4399357731,IMSI-1672099153,2026-08-13T18:52:00,TWR-140,telecom_cdr.csv
9934372835,phone,IMEI-0534620831,IMSI-0744642868,2026-08-16T04:12:00,TWR-183,telecom_cdr.csv
9904845915,phone,IMEI-2928562860,IMSI-0191416813,2026-07-17T19:39:00,TWR-142,telecom_cdr.csv
9279542355,phone,IMEI-8653995504,IMSI-5601123392,2026-07-26T21:55:00,TWR-189,telecom_cdr.csv
9744013158,phone,IMEI-0204936180,IMSI-5765546111,2026-08-23T22:58:00,TWR-182,telecom_cdr.csv
9654919306,phone,IMEI-6308420781,IMSI-6808671244,2026-07-23T13:57:00,TWR-129,telecom_cdr.csv
9078522433,phone,IMEI-7634964095,IMSI-5330377572,2026-07-02T18:40:00,TWR-192,telecom_cdr.csv
9798271778,phone,IMEI-6338109511,IMSI-1483709143,2026-07-24T21:05:00,TWR-188,telecom_cdr.csv
9770179112,phone,IMEI-6822011905,IMSI-6712582001,2026-07-02T01:41:00,TWR-138,telecom_cdr.csv
9249363568,phone,IMEI-6811582771,IMSI-8163263195,2026-08-09T04:01:00,TWR-110,telecom_cdr.csv
9462913511,phone,IMEI-4151442350,IMSI-8392395095,2026-07-29T09:24:00,TWR-138,telecom_cdr.csv
9592735921,phone,IMEI-3301792865,IMSI-9261785845,2026-08-01T09:13:00,TWR-141,telecom_cdr.csv
9336062305,phone,IMEI-9695468778,IMSI-0723325237,2026-08-03T11:48:00,TWR-101,telecom_cdr.csv
9108870955,phone,IMEI-9681629163,IMSI-6874905123,2026-08-15T17:33:00,TWR-169,telecom_cdr.csv
9568945147,phone,IMEI-3313579640,IMSI-8087521525,2026-07-05T08:18:00,TWR-191,telecom_cdr.csv
9032926051,phone,IMEI-6529088324,IMSI-0974431797,2026-08-25T01:30:00,TWR-155,telecom_cdr.csv
9029380964,phone,IMEI-1200821527,IMSI-6889099505,2026-07-12T20:52:00,TWR-172,telecom_cdr.csv
9892195305,phone,IMEI-3482362498,IMSI-1721450403,2026-08-14T23:19:00,TWR-112,telecom_cdr.csv
9308845429,phone,IMEI-7694229206,IMSI-6769302918,2026-08-18T03:37:00,TWR-143,telecom_cdr.csv
9527600495,phone,IMEI-8228613607,IMSI-0187837949,2026-08-09T00:47:00,TWR-194,telecom_cdr.csv
9580143749,phone,IMEI-3479877466,IMSI-1984032943,2026-07-26T22:19:00,TWR-124,telecom_cdr.csv
9834444548,phone,IMEI-9012308721,IMSI-9432604048,2026-07-06T09:41:00,TWR-136,telecom_cdr.csv
9008722810,phone,IMEI-9232142342,IMSI-0050825943,2026-08-25T13:55:00,TWR-152,telecom_cdr.csv
9950712865,phone,IMEI-7429481661,IMSI-9887989570,2026-07-05T22:54:00,TWR-143,telecom_cdr.csv
9339899280,phone,IMEI-3287756597,IMSI-4213052281,2026-07-07T15:12:00,TWR-108,telecom_cdr.csv
9620805495,phone,IMEI-9798503611,IMSI-7553029147,2026-08-16T02:02:00,TWR-164,telecom_cdr.csv
9362272684,phone,IMEI-5958935981,IMSI-2951362368,2026-07-07T18:23:00,TWR-197,telecom_cdr.csv
9391686645,phone,IMEI-0016973796,IMSI-5574013757,2026-08-19T02:57:00,TWR-175,telecom_cdr.csv
9482868447,phone,IMEI-9645744869,IMSI-4659880035,2026-07-23T22:59:00,TWR-102,telecom_cdr.csv
9941508100,phone,IMEI-3430837098,IMSI-5176987623,2026-08-18T12:25:00,TWR-144,telecom_cdr.csv
