phone_number,imei,imsi,timestamp,tower_id
9904220310,IMEI-2722872527,IMSI-2398195726,2026-08-08T19:22:00,TWR-156
9677217388,IMEI-8717105032,IMSI-9266491300,2026-07-21T07:06:00,TWR-143
9419499003,IMEI-4927002694,IMSI-4402857394,2026-08-19T07:30:00,TWR-106
9204871729,IMEI-9592712584,IMSI-1866308160,2026-08-16T20:53:00,TWR-154
9723948025,IMEI-0710359181,IMSI-0826371021,2026-07-27T22:23:00,TWR-168
9790275345,IMEI-7129712637,IMSI-2343745828,2026-07-21T01:40:00,TWR-177
9993223299,IMEI-5377169903,IMSI-7137375657,2026-07-10T11:27:00,TWR-113
9328566276,IMEI-4171456569,IMSI-4413361718,2026-08-16T03:09:00,TWR-171
9014685172,IMEI-5531176811,IMSI-1537511506,2026-07-31T08:03:00,TWR-130
9485267539,IMEI-9023724787,IMSI-3090571081,2026-08-23T23:25:00,TWR-128
9123825217,IMEI-7188595163,IMSI-9914575113,2026-07-29T13:09:00,TWR-137
9233839146,IMEI-6759945492,IMSI-2643409792,2026-08-18T09:02:00,TWR-120
9108252674,IMEI-8973790545,IMSI-4816752486,2026-08-26T17:53:00,TWR-131
9327371243,IMEI-0706366806,IMSI-9463467046,2026-07-08T21:45:00,TWR-111
9623701950,IMEI-1007524639,IMSI-3459351007,2026-07-01T20:43:00,TWR-143
9220969700,IMEI-2355180961,IMSI-2592684647,2026-08-09T04:45:00,TWR-161
9874249954,IMEI-4200352328,IMSI-3148847499,2026-08-27T20:28:00,TWR-149
9106672436,IMEI-7571316002,IMSI-9913913475,2026-08-26T10:28:00,TWR-105
9622739459,IMEI-2489524924,IMSI-8155071615,2026-07-05T23:47:00,TWR-165
9036057232,IMEI-9429354641,IMSI-9250384488,2026-07-27T22:46:00,TWR-164
9891712996,IMEI-2417841663,IMSI-9782591182,2026-07-11T20:57:00,TWR-191
9153514440,IMEI-2811772442,IMSI-9051485715,2026-07-09T14:54:00,TWR-189
9084209783,IMEI-7684964261,IMSI-7877783732,2026-07-04T18:25:00,TWR-122
9199646627,IMEI-8703526006,IMSI-2286385757,2026-08-04T00:47:00,TWR-107
9714322405,IMEI-2563370156,IMSI-2549786229,2026-08-05T09:02:00,TWR-176
9950712865,IMEI-7429481661,IMSI-9887989570,2026-08-11T17:40:00,TWR-173
9993223299,IMEI-5377169903,IMSI-7137375657,2026-07-20T06:28:00,TWR-199
9961618335,IMEI-5752734493,IMSI-8298823460,2026-07-15T23:26:00,TWR-125
9790275345,IMEI-7129712637,IMSI-2343745828,2026-08-01T18:55:00,TWR-102
9559321940,IMEI-7522970723,IMSI-5449490568,2026-08-21T19:31:00,TWR-182
9954882339,IMEI-9986404688,IMSI-6508308241,2026-07-07T18:42:00,TWR-162
9921873448,IMEI-5665790813,IMSI-0402416184,2026-08-02T04:59:00,TWR-124
9234395369,IMEI-6790078680,IMSI-6560719571,2026-08-22T21:09:00,TWR-102
9968318989,IMEI-2473063861,IMSI-6996267363,2026-08-15T15:51:00,TWR-196
9127967516,IMEI-2146882817,IMSI-9733129100,2026-07-09T21:12:00,TWR-118
9965191353,IMEI-5893787421,IMSI-6214960586,2026-07-22T19:41:00,TWR-115
9859713678,IMEI-7927657928,IMSI-4020734838,2026-07-04T22:15:00,TWR-193
9098713669,IMEI-0583990102,IMSI-7629708285,2026-07-10T18:09:00,TWR-163
9350335680,IMEI-5155214360,IMSI-3276562475,2026-07-22T23:25:00,TWR-120
9763462687,IMEI-0158770989,IMSI-9062509835,2026-08-28T06:13:00,TWR-132
9420863611,IMEI-4537963191,IMSI-3558536002,2026-08-29T09:12:00,TWR-199
9323687193,IMEI-3470857301,IMSI-1027718079,2026-07-23T02:38:00,TWR-156
9200234695,IMEI-3610403394,IMSI-1168400464,2026-07-08T02:18:00,TWR-116
9594924991,IMEI-3630121292,IMSI-8018351121,2026-08-28T01:14:00,TWR-114
9468349143,IMEI-3914369758,IMSI-1719948146,2026-08-14T21:39:00,TWR-171
9198393549,IMEI-3816300190,IMSI-6270974989,2026-08-19T07:28:00,TWR-103
9480993572,IMEI-2381321447,IMSI-8222237676,2026-07-16T14:42:00,TWR-181
9814488986,IMEI-8402450836,IMSI-9997976132,2026-08-23T15:25:00,TWR-193
9872663192,IMEI-6090316066,IMSI-6630000599,2026-08-07T13:56:00,TWR-100
9052248897,IMEI-9323304340,IMSI-9102154726,2026-07-23T04:16:00,TWR-143
9428025968,IMEI-5595534505,IMSI-3593963620,2026-07-07T03:30:00,TWR-138
9210244612,IMEI-6189465100,IMSI-7205358651,2026-07-02T18:46:00,TWR-124
9683509307,IMEI-2052204318,IMSI-5650646676,2026-08-13T13:32:00,TWR-108
9188180702,IMEI-9453874896,IMSI-7885652348,2026-08-03T08:55:00,TWR-188
9563850020,IMEI-6954138012,IMSI-9172128616,2026-07-21T11:06:00,TWR-171
9666442915,IMEI-0804775625,IMSI-2115641857,2026-08-17T17:11:00,TWR-122
9432789553,IMEI-7581615382,IMSI-6059787584,2026-07-28T23:28:00,TWR-169
9943604188,IMEI-6668635297,IMSI-7520017429,2026-07-13T17:43:00,TWR-119
9500923243,IMEI-3208327507,IMSI-7648870743,2026-08-10T22:14:00,TWR-118
9614873003,IMEI-9543337149,IMSI-0980310371,2026-08-13T13:22:00,TWR-145
9641643119,IMEI-9263370349,IMSI-4083002667,2026-08-06T10:21:00,TWR-172
9282096728,IMEI-0338852094,IMSI-8039563622,2026-07-04T23:00:00,TWR-114
9482868447,IMEI-9645744869,IMSI-4659880035,2026-07-20T03:44:00,TWR-137
9841230544,IMEI-3688762066,IMSI-0985232117,2026-07-09T02:39:00,TWR-100
9581891703,IMEI-5852870877,IMSI-0584119856,2026-07-08T03:15:00,TWR-188
9320016462,IMEI-8797199572,IMSI-9747405916,2026-07-02T07:40:00,TWR-183
9953419276,IMEI-5346925695,IMSI-3961747123,2026-07-12T03:28:00,TWR-123
9213633365,IMEI-6550090413,IMSI-3490436468,2026-08-09T14:23:00,TWR-144
9105343128,IMEI-3567086541,IMSI-9854147217,2026-07-26T23:01:00,TWR-142
9484655639,IMEI-3302054243,IMSI-7587867528,2026-07-14T12:23:00,TWR-154
9785939510,IMEI-9982973259,IMSI-4386805117,2026-08-19T18:24:00,TWR-166
9960574125,IMEI-3834356980,IMSI-0974141228,2026-08-29T05:34:00,TWR-149
9446485809,IMEI-8567624422,IMSI-1677292965,2026-07-24T02:03:00,TWR-165
9943604188,IMEI-6668635297,IMSI-7520017429,2026-07-25T12:12:00,TWR-125
9752820266,IMEI-6368625769,IMSI-7937917527,2026-07-02T18:14:00,TWR-146
9037548430,IMEI-3229544495,IMSI-5683183539,2026-08-20T07:12:00,TWR-166
9347052967,IMEI-5448119712,IMSI-9901365634,2026-08-14T06:07:00,TWR-107
9514716369,IMEI-5142856644,IMSI-6005250896,2026-07-30T23:03:00,TWR-106
9026954613,IMEI-9561082774,IMSI-4696531085,2026-07-05T21:20:00,TWR-144
9120335120,IMEI-2330603798,IMSI-0031911878,2026-07-20T06:26:00,TWR-181
9744055026,IMEI-1615000391,IMSI-6960935422,2026-08-12T04:41:00,TWR-135
9271253582,IMEI-9510152690,IMSI-1089208945,2026-08-10T09:48:00,TWR-177
9983671609,IMEI-9158653821,IMSI-6422000383,2026-08-25T20:41:00,TWR-112
9683847079,IMEI-0600083514,IMSI-3429687054,2026-08-08T00:02:00,TWR-199
9245911056,IMEI-4589252588,IMSI-5987999575,2026-07-31T09:14:00,TWR-111
9295361047,IMEI-1434102396,IMSI-8150726368,2026-07-15T07:11:00,TWR-184
9118141811,IMEI-5728459382,IMSI-1499318085,2026-08-06T21:51:00,TWR-136
9973381637,IMEI-4477037948,IMSI-0565775093,2026-08-29T12:44:00,TWR-144
9814631059,IMEI-4248529289,IMSI-4803891302,2026-07-23T12:12:00,TWR-167
9075311300,IMEI-4408601965,IMSI-9308588860,2026-07-05T19:52:00,TWR-148
9655734481,IMEI-8354977365,IMSI-9857964228,2026-07-15T05:45:00,TWR-121
9521573651,IMEI-7083136462,IMSI-2216591960,2026-08-08T05:30:00,TWR-120
9048233130,IMEI-7341196897,IMSI-1521336548,2026-07-21T00:15:00,TWR-196
9013502707,IMEI-7216113408,IMSI-9257382205,2026-08-02T07:18:00,TWR-127
9780874168,IMEI-1814714635,IMSI-9283753410,2026-07-02T06:02:00,TWR-142
9292869007,IMEI-0943331952,IMSI-4641712705,2026-07-08T07:22:00,TWR-126
9905828031,IMEI-0781238549,IMSI-4012237783,2026-07-04T04:20:00,TWR-161
9347052967,IMEI-5448119712,IMSI-9901365634,2026-07-29T23:34:00,TWR-100
9943604188,IMEI-6668635297,IMSI-7520017429,2026-08-16T12:43:00,TWR-186
9886247321,IMEI-3732677445,IMSI-6782052055,2026-08-24T17:17:00,TWR-163
9183540946,IMEI-1864747755,IMSI-3269121712,2026-07-24T05:37:00,TWR-164
9636952352,IMEI-6383558287,IMSI-0249322336,2026-07-23T00:48:00,TWR-178
9200139158,IMEI-0054870777,IMSI-4754723180,2026-08-19T14:54:00,TWR-156
9651699247,IMEI-7391912109,IMSI-5628934186,2026-07-01T20:06:00,TWR-138
9375742874,IMEI-3310813747,IMSI-0244709152,2026-08-21T00:21:00,TWR-112
9114542068,IMEI-9239938505,IMSI-7368720283,2026-08-12T14:55:00,TWR-102
9941262446,IMEI-4415336975,IMSI-5893841131,2026-08-05T19:03:00,TWR-130
9291560480,IMEI-6197984381,IMSI-7712208365,2026-08-21T09:48:00,TWR-104
9620805495,IMEI-9798503611,IMSI-7553029147,2026-07-26T02:18:00,TWR-183
9891184672,IMEI-0027364086,IMSI-7196040460,2026-08-25T22:08:00,TWR-129
9683509307,IMEI-2052204318,IMSI-5650646676,2026-08-09T22:18:00,TWR-192
9271253582,IMEI-9510152690,IMSI-1089208945,2026-08-16T01:09:00,TWR-124
9800529753,IMEI-2023051743,IMSI-8062170797,2026-07-18T15:59:00,TWR-119
9234395369,IMEI-6790078680,IMSI-6560719571,2026-07-07T20:33:00,TWR-123
9202854808,IMEI-3759034903,IMSI-6891418260,2026-07-31T23:53:00,TWR-139
9876475967,IMEI-3138720991,IMSI-5507487276,2026-07-29T08:49:00,TWR-145
9954882339,IMEI-9986404688,IMSI-6508308241,2026-07-04T23:09:00,TWR-165
9349613120,IMEI-7120450068,IMSI-1755976326,2026-07-08T19:29:00,TWR-165
9814488986,IMEI-8402450836,IMSI-9997976132,2026-07-05T18:42:00,TWR-186
9586592627,IMEI-9592646825,IMSI-6747179784,2026-07-24T06:21:00,TWR-109
9119797995,IMEI-5706195678,IMSI-2254105709,2026-08-25T11:11:00,TWR-164
9406454159,IMEI-5200339415,IMSI-3882619019,2026-08-15T06:11:00,TWR-173
9218695154,IMEI-6064697905,IMSI-4183599345,2026-07-10T15:40:00,TWR-191
9416151222,IMEI-8768119539,IMSI-3558405416,2026-07-28T14:52:00,TWR-108
9676650588,IMEI-2535874395,IMSI-7029071889,2026-07-08T14:53:00,TWR-152
9432473370,IMEI-4360642625,IMSI-9597368029,2026-08-19T06:30:00,TWR-161
9815172061,IMEI-7892314815,IMSI-3616881557,2026-08-22T23:42:00,TWR-142
9678920670,IMEI-6615710243,IMSI-4687231211,2026-07-06T10:34:00,TWR-119
9814488986,IMEI-8402450836,IMSI-9997976132,2026-07-17T05:06:00,TWR-102
9495481440,IMEI-7343978348,IMSI-7299004607,2026-07-21T12:33:00,TWR-138
9308845429,IMEI-7694229206,IMSI-6769302918,2026-08-04T23:21:00,TWR-140
9375742874,IMEI-3310813747,IMSI-0244709152,2026-07-24T18:43:00,TWR-151
9325983817,IMEI-3400499804,IMSI-0005369733,2026-08-13T16:41:00,TWR-174
9792178365,IMEI-5340830680,IMSI-1385621710,2026-08-04T15:47:00,TWR-187
9200234695,IMEI-3610403394,IMSI-1168400464,2026-07-03T14:25:00,TWR-140
9048671311,IMEI-7087479062,IMSI-9129449046,2026-07-29T00:15:00,TWR-177
9420863611,IMEI-4537963191,IMSI-3558536002,2026-07-17T07:09:00,TWR-179
9595026413,IMEI-4335200281,IMSI-3118571879,2026-07-22T16:58:00,TWR-185
9113894274,IMEI-2146302492,IMSI-0540358963,2026-07-15T14:25:00,TWR-151
9648698389,IMEI-2911823345,IMSI-3313210986,2026-08-11T23:20:00,TWR-121
9559321940,IMEI-7522970723,IMSI-5449490568,2026-08-27T14:25:00,TWR-180
9023392439,IMEI-9298268023,IMSI-3857347696,2026-08-14T20:28:00,TWR-112
9971996767,IMEI-7476825008,IMSI-5434181641,2026-08-20T23:44:00,TWR-106
9623121500,IMEI-0108792131,IMSI-6877336484,2026-07-27T02:35:00,TWR-189
9349613120,IMEI-7120450068,IMSI-1755976326,2026-07-02T20:13:00,TWR-163
9587103048,IMEI-7484745666,IMSI-4961482864,2026-08-21T03:09:00,TWR-171
9562679527,IMEI-5177175824,IMSI-9150100589,2026-07-23T07:57:00,TWR-112
9770093141,IMEI-0840929222,IMSI-0710788208,2026-08-19T12:09:00,TWR-118
9200234695,IMEI-3610403394,IMSI-1168400464,2026-07-07T01:07:00,TWR-177
9215138019,IMEI-1469630754,IMSI-5640016715,2026-07-02T03:53:00,TWR-187
9566917456,IMEI-2146515992,IMSI-4568631912,2026-08-18T02:42:00,TWR-106
9423639948,IMEI-4618232726,IMSI-5795032358,2026-07-11T05:08:00,TWR-116
9337047649,IMEI-1256700988,IMSI-3177469602,2026-07-19T07:34:00,TWR-184
9234395369,IMEI-6790078680,IMSI-6560719571,2026-07-22T06:43:00,TWR-114
9325983817,IMEI-3400499804,IMSI-0005369733,2026-07-03T16:02:00,TWR-194
9544975157,IMEI-6465259090,IMSI-4961892459,2026-07-23T17:00:00,TWR-123
9657812846,IMEI-9765732617,IMSI-8249332885,2026-08-13T02:01:00,TWR-169
9566917456,IMEI-2146515992,IMSI-4568631912,2026-07-08T09:24:00,TWR-160
9364540204,IMEI-7194965681,IMSI-8534759259,2026-08-23T04:39:00,TWR-124
9024707036,IMEI-7347992008,IMSI-2888843616,2026-07-23T23:15:00,TWR-118
9535106651,IMEI-2563415290,IMSI-5522573387,2026-07-16T19:26:00,TWR-187
9048184584,IMEI-5556194327,IMSI-0612124765,2026-08-02T04:18:00,TWR-114
9290816302,IMEI-2542781927,IMSI-4339504550,2026-07-17T17:36:00,TWR-109
9481010893,IMEI-2446511237,IMSI-7094747437,2026-07-01T10:38:00,TWR-153
9054186775,IMEI-9137435913,IMSI-3429537630,2026-08-14T02:05:00,TWR-130
9562679527,IMEI-5177175824,IMSI-9150100589,2026-07-08T20:00:00,TWR-138
9973381637,IMEI-4477037948,IMSI-0565775093,2026-08-15T19:47:00,TWR-177
9388850469,IMEI-4386804296,IMSI-9841550156,2026-08-03T11:17:00,TWR-171
9232997749,IMEI-4003336104,IMSI-2045768429,2026-08-22T13:24:00,TWR-122
9353907400,IMEI-6539442892,IMSI-8146537124,2026-08-21T12:16:00,TWR-115
9391686645,IMEI-0016973796,IMSI-5574013757,2026-08-06T00:05:00,TWR-188
9233839146,IMEI-6759945492,IMSI-2643409792,2026-08-10T06:36:00,TWR-110
9960574125,IMEI-3834356980,IMSI-0974141228,2026-07-18T09:47:00,TWR-161
9364091457,IMEI-8369176916,IMSI-5797981795,2026-07-29T05:36:00,TWR-107
9933390585,IMEI-8541751229,IMSI-9861048331,2026-08-04T10:13:00,TWR-166
9048671311,IMEI-7087479062,IMSI-9129449046,2026-07-19T00:40:00,TWR-114
9555807068,IMEI-5801122849,IMSI-2995018542,2026-07-10T16:19:00,TWR-136
9822745513,IMEI-0197789236,IMSI-6673910180,2026-07-07T01:57:00,TWR-168
9876475967,IMEI-3138720991,IMSI-5507487276,2026-08-11T01:12:00,TWR-131
9028267486,IMEI-0990287722,IMSI-1904848888,2026-08-19T03:28:00,TWR-115
9373613848,IMEI-8051756948,IMSI-5607949860,2026-08-24T04:23:00,TWR-185
9874249954,IMEI-4200352328,IMSI-3148847499,2026-07-31T21:37:00,TWR-128
9603548538,IMEI-1415166901,IMSI-2146809813,2026-07-30T11:26:00,TWR-167
9098471173,IMEI-7271949408,IMSI-1881818368,2026-07-04T11:27:00,TWR-182
9429522889,IMEI-3067396449,IMSI-4994327666,2026-07-20T06:51:00,TWR-127
9992206411,IMEI-9575813014,IMSI-2848717749,2026-07-03T23:25:00,TWR-119
9988853930,IMEI-2215295848,IMSI-3024275776,2026-08-10T07:27:00,TWR-143
9904220310,IMEI-2722872527,IMSI-2398195726,2026-08-20T01:08:00,TWR-118
9582184249,IMEI-3779525637,IMSI-7246178112,2026-08-24T10:25:00,TWR-182
9754074724,IMEI-0474251131,IMSI-2798903733,2026-08-08T21:54:00,TWR-156
9364540204,IMEI-7194965681,IMSI-8534759259,2026-08-02T10:45:00,TWR-114
9785939510,IMEI-9982973259,IMSI-4386805117,2026-08-15T02:33:00,TWR-191
9601311183,IMEI-0340657742,IMSI-9412347573,2026-07-29T10:43:00,TWR-147
9052116857,IMEI-9870175705,IMSI-0972807590,2026-07-04T11:11:00,TWR-198
9920240606,IMEI-5708662937,IMSI-3953132652,2026-08-23T20:36:00,TWR-116
9859713678,IMEI-7927657928,IMSI-4020734838,2026-08-19T16:27:00,TWR-109
9402438050,IMEI-2411119216,IMSI-4050734844,2026-08-05T16:41:00,TWR-190
9871873991,IMEI-0075092476,IMSI-8776904064,2026-08-10T19:43:00,TWR-107
9819214001,IMEI-1646085124,IMSI-6480506350,2026-07-14T10:32:00,TWR-116
9507598515,IMEI-5650545635,IMSI-1175969441,2026-07-30T08:46:00,TWR-126
9266407928,IMEI-1315633685,IMSI-6515307291,2026-08-06T00:57:00,TWR-108
9991205817,IMEI-9329436732,IMSI-9249137229,2026-07-15T05:54:00,TWR-164
9089204157,IMEI-1891015126,IMSI-6860080383,2026-07-12T18:56:00,TWR-112
9798271778,IMEI-6338109511,IMSI-1483709143,2026-07-02T22:19:00,TWR-166
9662883030,IMEI-9793759340,IMSI-0978942284,2026-07-18T08:58:00,TWR-116
9167649836,IMEI-3998783293,IMSI-5271989094,2026-08-03T16:42:00,TWR-164
9717964393,IMEI-1336166221,IMSI-3798227162,2026-07-22T21:00:00,TWR-197
9626296040,IMEI-8392209518,IMSI-3728872159,2026-08-15T03:25:00,TWR-143
9595026413,IMEI-4335200281,IMSI-3118571879,2026-07-01T11:05:00,TWR-133
9521820994,IMEI-2715093351,IMSI-4565984056,2026-08-10T04:07:00,TWR-104
9781499194,IMEI-6669642686,IMSI-3835370494,2026-07-09T13:36:00,TWR-162
9905828031,IMEI-0781238549,IMSI-4012237783,2026-08-24T17:22:00,TWR-115
9480993572,IMEI-2381321447,IMSI-8222237676,2026-07-25T11:21:00,TWR-164
9587463342,IMEI-7113682872,IMSI-7384833540,2026-07-19T15:34:00,TWR-169
9927033369,IMEI-7870679587,IMSI-9719498305,2026-08-13T14:00:00,TWR-165
9362272684,IMEI-5958935981,IMSI-2951362368,2026-08-25T07:59:00,TWR-161
9423639948,IMEI-4618232726,IMSI-5795032358,2026-07-14T23:07:00,TWR-174
9323048675,IMEI-0866984245,IMSI-7340621185,2026-07-22T01:48:00,TWR-118
9014685172,IMEI-5531176811,IMSI-1537511506,2026-07-11T05:24:00,TWR-165
9502624719,IMEI-5003891237,IMSI-9635494234,2026-07-08T07:53:00,TWR-138
9568945147,IMEI-3313579640,IMSI-8087521525,2026-08-25T18:19:00,TWR-154
9613879165,IMEI-8541925296,IMSI-6940659123,2026-07-22T08:07:00,TWR-182
9731033395,IMEI-1123291676,IMSI-2226558836,2026-07-09T23:23:00,TWR-146
9111007715,IMEI-2993553676,IMSI-6251384966,2026-07-02T07:40:00,TWR-162
9052116857,IMEI-9870175705,IMSI-0972807590,2026-08-09T13:39:00,TWR-155
9416151222,IMEI-8768119539,IMSI-3558405416,2026-08-15T00:48:00,TWR-168
9917643972,IMEI-7312323584,IMSI-2916220010,2026-08-13T08:27:00,TWR-174
9251924510,IMEI-7177124242,IMSI-2693810245,2026-07-31T04:11:00,TWR-188
9451525376,IMEI-8511467861,IMSI-3331904361,2026-08-04T05:52:00,TWR-126
9485847011,IMEI-3616414782,IMSI-7156462613,2026-08-11T04:16:00,TWR-190
9910619958,IMEI-5465799488,IMSI-1223516197,2026-08-11T21:57:00,TWR-122
9665069854,IMEI-0252360147,IMSI-4268227945,2026-08-05T06:07:00,TWR-103
9566917456,IMEI-2146515992,IMSI-4568631912,2026-07-25T08:11:00,TWR-100
9114542068,IMEI-9239938505,IMSI-7368720283,2026-07-22T01:02:00,TWR-108
9183357251,IMEI-9542888361,IMSI-9383065515,2026-08-07T16:31:00,TWR-183
9327888369,IMEI-7698981986,IMSI-6354953088,2026-08-15T17:42:00,TWR-188
9273451778,IMEI-3536885796,IMSI-4887200854,2026-08-02T13:16:00,TWR-140
9641643119,IMEI-9263370349,IMSI-4083002667,2026-07-19T13:16:00,TWR-102
9853795114,IMEI-1352490271,IMSI-3408296210,2026-08-04T05:58:00,TWR-181
9568945147,IMEI-3313579640,IMSI-8087521525,2026-07-07T23:41:00,TWR-137
9156043823,IMEI-0151934166,IMSI-9047151207,2026-07-28T06:21:00,TWR-137
9119689122,IMEI-4968221667,IMSI-5571547255,2026-08-27T13:24:00,TWR-157
9241105711,IMEI-9803656515,IMSI-7082186948,2026-07-24T08:54:00,TWR-108
9597685625,IMEI-4686630566,IMSI-6009527101,2026-08-25T03:54:00,TWR-153
9419499003,IMEI-4927002694,IMSI-4402857394,2026-08-29T03:55:00,TWR-122
9925397865,IMEI-3898523377,IMSI-3949130418,2026-07-30T19:45:00,TWR-167
9437723988,IMEI-4298782594,IMSI-8119107350,2026-08-12T19:02:00,TWR-135
9551393227,IMEI-5780546754,IMSI-2445620930,2026-07-26T05:23:00,TWR-175
9021337833,IMEI-4115577692,IMSI-3726160042,2026-07-22T13:45:00,TWR-105
9897114683,IMEI-8939275552,IMSI-7241239884,2026-08-28T17:11:00,TWR-156
9792178365,IMEI-5340830680,IMSI-1385621710,2026-08-22T15:56:00,TWR-192
9594924991,IMEI-3630121292,IMSI-8018351121,2026-07-08T09:04:00,TWR-171
9863626383,IMEI-3156686324,IMSI-3105190338,2026-08-29T03:52:00,TWR-178
9053036677,IMEI-5162495928,IMSI-8796626944,2026-07-08T12:53:00,TWR-163
9835358094,IMEI-4314635019,IMSI-0245519763,2026-08-09T20:36:00,TWR-118
9692552797,IMEI-1764458848,IMSI-3966457784,2026-07-15T07:34:00,TWR-108
9156490709,IMEI-2198278959,IMSI-7494703100,2026-08-14T22:08:00,TWR-125
9468748835,IMEI-5361336908,IMSI-4651458287,2026-08-26T15:15:00,TWR-182
9235973021,IMEI-2583943185,IMSI-8616009985,2026-08-02T23:12:00,TWR-120
9206752746,IMEI-5711397258,IMSI-7467067157,2026-08-04T18:02:00,TWR-149
9533492995,IMEI-3442653754,IMSI-7225620982,2026-08-27T15:44:00,TWR-102
9032926051,IMEI-6529088324,IMSI-0974431797,2026-08-18T17:14:00,TWR-111
9490684265,IMEI-6725708846,IMSI-3251399263,2026-08-08T19:39:00,TWR-129
9347052967,IMEI-5448119712,IMSI-9901365634,2026-07-23T00:45:00,TWR-153
9641445280,IMEI-6990651019,IMSI-4884701240,2026-07-13T08:33:00,TWR-162
9904918041,IMEI-9240363234,IMSI-6447246867,2026-07-03T19:19:00,TWR-116
9809362966,IMEI-6207009819,IMSI-1302045948,2026-08-11T03:58:00,TWR-109
9824810215,IMEI-6544511135,IMSI-2088992459,2026-07-22T20:55:00,TWR-138
9169655864,IMEI-1253979739,IMSI-7565164348,2026-07-31T09:48:00,TWR-174
9207971522,IMEI-7443674400,IMSI-3923742160,2026-07-24T23:56:00,TWR-139
9974289528,IMEI-9081698993,IMSI-7754855127,2026-07-07T19:54:00,TWR-178
9539232741,IMEI-0531647418,IMSI-3346879319,2026-07-18T02:32:00,TWR-194
9694458096,IMEI-8042671714,IMSI-3468585288,2026-08-01T12:06:00,TWR-163
9524417224,IMEI-0151188291,IMSI-1260342701,2026-07-05T03:43:00,TWR-179
9215138019,IMEI-1469630754,IMSI-5640016715,2026-07-31T08:29:00,TWR-161
9743555336,IMEI-1879763705,IMSI-9643160587,2026-08-12T07:58:00,TWR-181
9190777522,IMEI-6160323305,IMSI-9254337711,2026-07-21T14:17:00,TWR-181
9780874168,IMEI-1814714635,IMSI-9283753410,2026-08-06T06:27:00,TWR-113
9386896000,IMEI-4962986758,IMSI-2471331430,2026-08-26T20:19:00,TWR-108
9563850020,IMEI-6954138012,IMSI-9172128616,2026-07-20T10:01:00,TWR-146
9597122314,IMEI-8709746261,IMSI-0634704633,2026-07-17T07:06:00,TWR-155
9199646627,IMEI-8703526006,IMSI-2286385757,2026-08-03T23:18:00,TWR-134
9375742874,IMEI-3310813747,IMSI-0244709152,2026-07-29T01:47:00,TWR-160
9636579261,IMEI-7647856716,IMSI-6153608435,2026-08-28T23:30:00,TWR-105
9482868447,IMEI-9645744869,IMSI-4659880035,2026-07-21T12:56:00,TWR-101
9983142650,IMEI-9388404548,IMSI-4148752876,2026-08-01T04:19:00,TWR-109
9717964393,IMEI-1336166221,IMSI-3798227162,2026-07-10T17:01:00,TWR-150
9328742878,IMEI-0159171950,IMSI-9753393771,2026-08-25T02:33:00,TWR-169
9873599794,IMEI-2018688559,IMSI-1432340619,2026-08-06T09:43:00,TWR-192
9904845915,IMEI-2928562860,IMSI-0191416813,2026-07-18T02:40:00,TWR-158
9026954613,IMEI-9561082774,IMSI-4696531085,2026-07-03T11:01:00,TWR-109
9218695154,IMEI-6064697905,IMSI-4183599345,2026-07-31T16:23:00,TWR-138
9290181585,IMEI-1507527980,IMSI-8858192226,2026-07-08T17:01:00,TWR-110
9396454436,IMEI-9562527096,IMSI-8818089029,2026-08-08T21:39:00,TWR-164
9891712996,IMEI-2417841663,IMSI-9782591182,2026-08-11T03:49:00,TWR-174
9603548538,IMEI-1415166901,IMSI-2146809813,2026-08-26T14:17:00,TWR-120
9887832742,IMEI-3548201949,IMSI-9971589500,2026-07-15T12:08:00,TWR-176
9521820994,IMEI-2715093351,IMSI-4565984056,2026-07-25T12:43:00,TWR-116
9366850427,IMEI-4191750603,IMSI-7365428640,2026-08-10T14:11:00,TWR-137
9282096728,IMEI-0338852094,IMSI-8039563622,2026-07-31T04:40:00,TWR-131
9920240606,IMEI-5708662937,IMSI-3953132652,2026-07-29T06:52:00,TWR-175
9927402184,IMEI-8660428186,IMSI-3269225489,2026-07-29T00:06:00,TWR-189
9657812846,IMEI-9765732617,IMSI-8249332885,2026-08-09T13:00:00,TWR-192
9210244612,IMEI-6189465100,IMSI-7205358651,2026-07-28T16:49:00,TWR-100
9874249954,IMEI-4200352328,IMSI-3148847499,2026-07-31T02:01:00,TWR-152
9048184584,IMEI-5556194327,IMSI-0612124765,2026-07-13T16:05:00,TWR-143
9485847011,IMEI-3616414782,IMSI-7156462613,2026-07-11T20:54:00,TWR-176
9905828031,IMEI-0781238549,IMSI-4012237783,2026-08-26T21:38:00,TWR-168
9623701950,IMEI-1007524639,IMSI-3459351007,2026-08-09T11:07:00,TWR-111
9971996767,IMEI-7476825008,IMSI-5434181641,2026-08-28T14:07:00,TWR-166
9651614051,IMEI-8947014715,IMSI-1840697069,2026-08-05T15:35:00,TWR-187
9349613120,IMEI-7120450068,IMSI-1755976326,2026-07-20T03:44:00,TWR-160
9075020416,IMEI-7025149198,IMSI-1738385411,2026-07-14T15:21:00,TWR-196
9626296040,IMEI-8392209518,IMSI-3728872159,2026-07-12T03:43:00,TWR-162
9353907400,IMEI-6539442892,IMSI-8146537124,2026-08-02T03:54:00,TWR-152
9025067408,IMEI-8800707702,IMSI-7764375199,2026-08-02T19:20:00,TWR-151
9991205817,IMEI-9329436732,IMSI-9249137229,2026-08-21T11:13:00,TWR-144
9757105317,IMEI-9808886408,IMSI-4613420403,2026-08-17T04:55:00,TWR-188
9032926051,IMEI-6529088324,IMSI-0974431797,2026-07-05T05:18:00,TWR-101
9468748835,IMEI-5361336908,IMSI-4651458287,2026-08-07T02:28:00,TWR-194
9257827965,IMEI-6468780293,IMSI-1640945050,2026-08-19T02:24:00,TWR-163
9527600495,IMEI-8228613607,IMSI-0187837949,2026-08-24T01:59:00,TWR-144
9704583586,IMEI-5888293752,IMSI-2725537131,2026-07-24T15:52:00,TWR-119
9920240606,IMEI-5708662937,IMSI-3953132652,2026-08-02T16:59:00,TWR-151
9943604188,IMEI-6668635297,IMSI-7520017429,2026-08-17T11:24:00,TWR-183
9925714244,IMEI-8425782495,IMSI-6750866870,2026-07-03T21:32:00,TWR-180
9933390585,IMEI-8541751229,IMSI-9861048331,2026-08-18T00:59:00,TWR-101
9562254266,IMEI-9002034944,IMSI-5089706326,2026-07-23T05:31:00,TWR-113
9036057232,IMEI-9429354641,IMSI-9250384488,2026-08-06T03:11:00,TWR-108
9707711861,IMEI-5444624745,IMSI-4241977022,2026-07-11T21:07:00,TWR-121
9001971594,IMEI-0493528240,IMSI-8232834601,2026-07-05T13:56:00,TWR-129
9024707036,IMEI-7347992008,IMSI-2888843616,2026-07-19T20:37:00,TWR-168
9279851207,IMEI-7951035100,IMSI-4449203537,2026-07-27T11:43:00,TWR-176
9714201071,IMEI-1215109801,IMSI-4981486433,2026-07-02T19:10:00,TWR-128
9337468903,IMEI-4363232160,IMSI-4719981838,2026-07-21T15:16:00,TWR-113
9235973021,IMEI-2583943185,IMSI-8616009985,2026-07-26T13:54:00,TWR-170
9568945147,IMEI-3313579640,IMSI-8087521525,2026-08-17T22:39:00,TWR-198
9863626383,IMEI-3156686324,IMSI-3105190338,2026-07-21T21:04:00,TWR-110
9915684975,IMEI-7552324309,IMSI-9692569537,2026-07-12T03:14:00,TWR-143
9200139158,IMEI-0054870777,IMSI-4754723180,2026-08-09T07:58:00,TWR-102
9556161246,IMEI-9232058172,IMSI-6240572973,2026-08-19T06:10:00,TWR-195
9325983817,IMEI-3400499804,IMSI-0005369733,2026-08-25T07:18:00,TWR-125
9114968431,IMEI-8769080055,IMSI-7754791819,2026-08-07T16:56:00,TWR-127
9368290911,IMEI-2438192926,IMSI-4864644779,2026-07-03T22:49:00,TWR-187
9374975071,IMEI-5214418241,IMSI-5649990038,2026-07-23T08:17:00,TWR-137
9784541701,IMEI-4794903435,IMSI-6935154833,2026-08-13T17:19:00,TWR-165
9683509307,IMEI-2052204318,IMSI-5650646676,2026-08-26T17:08:00,TWR-113
9095950087,IMEI-6408982926,IMSI-3137052971,2026-07-19T20:57:00,TWR-158
9873173192,IMEI-4178183485,IMSI-3005028827,2026-07-06T15:48:00,TWR-120
9245911056,IMEI-4589252588,IMSI-5987999575,2026-07-02T16:13:00,TWR-194
9562679527,IMEI-5177175824,IMSI-9150100589,2026-07-02T22:35:00,TWR-190
9075020416,IMEI-7025149198,IMSI-1738385411,2026-07-22T15:03:00,TWR-129
9420863611,IMEI-4537963191,IMSI-3558536002,2026-07-02T05:38:00,TWR-188
9573060504,IMEI-9845805713,IMSI-1269292427,2026-08-09T18:52:00,TWR-123
9290816302,IMEI-2542781927,IMSI-4339504550,2026-08-19T04:37:00,TWR-151
9648698389,IMEI-2911823345,IMSI-3313210986,2026-08-19T18:11:00,TWR-135
9472817397,IMEI-3943536741,IMSI-5980622656,2026-07-28T01:35:00,TWR-149
9819729399,IMEI-2301615059,IMSI-4636655283,2026-07-21T22:50:00,TWR-137
9585932222,IMEI-5135064293,IMSI-2500800031,2026-07-02T01:08:00,TWR-180
9253232817,IMEI-7487857624,IMSI-6021549849,2026-08-09T19:14:00,TWR-106
9910619958,IMEI-5465799488,IMSI-1223516197,2026-08-23T22:48:00,TWR-116
9904918041,IMEI-9240363234,IMSI-6447246867,2026-08-13T05:41:00,TWR-103
9861985877,IMEI-9327146095,IMSI-9462811342,2026-07-24T16:36:00,TWR-187
9088410525,IMEI-2404699364,IMSI-7683056527,2026-08-04T01:43:00,TWR-168
9714201071,IMEI-1215109801,IMSI-4981486433,2026-07-04T04:40:00,TWR-165
9446485809,IMEI-8567624422,IMSI-1677292965,2026-08-17T22:44:00,TWR-171
9526824044,IMEI-1327895693,IMSI-4016492938,2026-08-23T13:11:00,TWR-157
9029380964,IMEI-1200821527,IMSI-6889099505,2026-08-16T16:36:00,TWR-161
9037548430,IMEI-3229544495,IMSI-5683183539,2026-07-01T21:39:00,TWR-104
9967287288,IMEI-5531865775,IMSI-1917546621,2026-08-30T02:49:00,TWR-148
9613879165,IMEI-8541925296,IMSI-6940659123,2026-08-02T03:39:00,TWR-153
9416151222,IMEI-8768119539,IMSI-3558405416,2026-07-16T23:18:00,TWR-150
9950780803,IMEI-7161278708,IMSI-9020949409,2026-08-26T21:02:00,TWR-118
9806584807,IMEI-3325739683,IMSI-3431450804,2026-08-20T18:54:00,TWR-164
9408119185,IMEI-4825774962,IMSI-9490109164,2026-07-03T12:05:00,TWR-167
9828083255,IMEI-5976071619,IMSI-4602339619,2026-07-09T19:08:00,TWR-177
9654919306,IMEI-6308420781,IMSI-6808671244,2026-08-15T14:32:00,TWR-108
9954882339,IMEI-9986404688,IMSI-6508308241,2026-07-03T05:29:00,TWR-197
9052248897,IMEI-9323304340,IMSI-9102154726,2026-08-06T18:17:00,TWR-172
9274895219,IMEI-6908873368,IMSI-1806085875,2026-07-21T01:16:00,TWR-158
9245911056,IMEI-4589252588,IMSI-5987999575,2026-08-17T10:48:00,TWR-144
9691846146,IMEI-4534335948,IMSI-1752565082,2026-08-07T19:06:00,TWR-130
9602015781,IMEI-0884446931,IMSI-7201987789,2026-07-16T22:47:00,TWR-130
9586592627,IMEI-9592646825,IMSI-6747179784,2026-07-16T02:33:00,TWR-110
9626296040,IMEI-8392209518,IMSI-3728872159,2026-08-25T03:06:00,TWR-193
9543282721,IMEI-2316776096,IMSI-0198078830,2026-07-31T05:19:00,TWR-169
9780874168,IMEI-1814714635,IMSI-9283753410,2026-08-18T02:50:00,TWR-123
9035922148,IMEI-2224625802,IMSI-9359009204,2026-08-29T07:35:00,TWR-114
9917643972,IMEI-7312323584,IMSI-2916220010,2026-08-17T23:36:00,TWR-145
9805487915,IMEI-3445022468,IMSI-6975300505,2026-08-16T23:17:00,TWR-101
9515434515,IMEI-0855362648,IMSI-2150782919,2026-08-04T02:49:00,TWR-110
9075311300,IMEI-4408601965,IMSI-9308588860,2026-07-19T07:56:00,TWR-192
9254819907,IMEI-9224741128,IMSI-6454507798,2026-08-17T05:05:00,TWR-153
9032926051,IMEI-6529088324,IMSI-0974431797,2026-07-31T19:43:00,TWR-151
9544975157,IMEI-6465259090,IMSI-4961892459,2026-07-20T02:48:00,TWR-113
9420863611,IMEI-4537963191,IMSI-3558536002,2026-08-24T19:21:00,TWR-102
9218695154,IMEI-6064697905,IMSI-4183599345,2026-07-08T03:07:00,TWR-104
9770490673,IMEI-5293170280,IMSI-7306615743,2026-07-16T20:06:00,TWR-190
9658966573,IMEI-5717676475,IMSI-7649468920,2026-08-18T03:45:00,TWR-169
9420515785,IMEI-5002619776,IMSI-5556624137,2026-07-05T05:33:00,TWR-166
9873599794,IMEI-2018688559,IMSI-1432340619,2026-07-16T07:24:00,TWR-107
9961618335,IMEI-5752734493,IMSI-8298823460,2026-07-01T15:50:00,TWR-144
9797449946,IMEI-6504289074,IMSI-8867604255,2026-07-24T03:04:00,TWR-170
9597122314,IMEI-8709746261,IMSI-0634704633,2026-07-27T11:36:00,TWR-113
9287968855,IMEI-9100819128,IMSI-6868079513,2026-08-10T05:09:00,TWR-169
9468692379,IMEI-2857946562,IMSI-6720847286,2026-07-15T02:31:00,TWR-111
9584242489,IMEI-3711761377,IMSI-6896549459,2026-07-10T07:41:00,TWR-189
9602015781,IMEI-0884446931,IMSI-7201987789,2026-08-06T01:18:00,TWR-137
9863248414,IMEI-5696212355,IMSI-2774984289,2026-08-19T13:32:00,TWR-179
9406454159,IMEI-5200339415,IMSI-3882619019,2026-07-09T05:49:00,TWR-103
9188180702,IMEI-9453874896,IMSI-7885652348,2026-08-15T02:49:00,TWR-142
9915684975,IMEI-7552324309,IMSI-9692569537,2026-07-03T22:49:00,TWR-195
9108252674,IMEI-8973790545,IMSI-4816752486,2026-07-18T19:07:00,TWR-128
9792178365,IMEI-5340830680,IMSI-1385621710,2026-07-20T01:25:00,TWR-142
9636579261,IMEI-7647856716,IMSI-6153608435,2026-07-30T20:16:00,TWR-100
9378012248,IMEI-8609401939,IMSI-2724977073,2026-08-30T06:58:00,TWR-175
9623701950,IMEI-1007524639,IMSI-3459351007,2026-08-11T21:26:00,TWR-121
9745386561,IMEI-8716172764,IMSI-9174333986,2026-08-30T00:07:00,TWR-171
9158252827,IMEI-8805136103,IMSI-6508961138,2026-08-26T18:02:00,TWR-119
9028267486,IMEI-0990287722,IMSI-1904848888,2026-08-10T18:59:00,TWR-124
9108870955,IMEI-9681629163,IMSI-6874905123,2026-08-16T06:55:00,TWR-101
9111007715,IMEI-2993553676,IMSI-6251384966,2026-08-14T09:10:00,TWR-145
9951468336,IMEI-9833539850,IMSI-4324092769,2026-07-22T22:38:00,TWR-148
9052861995,IMEI-9123454088,IMSI-1139166697,2026-08-09T12:08:00,TWR-138
9735076512,IMEI-0841753939,IMSI-1527713886,2026-08-17T12:30:00,TWR-188
9806584807,IMEI-3325739683,IMSI-3431450804,2026-07-12T12:46:00,TWR-177
9664697473,IMEI-1894647082,IMSI-2726219324,2026-07-29T17:22:00,TWR-176
9015589230,IMEI-4892447397,IMSI-2920650602,2026-07-27T10:13:00,TWR-173
9427417325,IMEI-5938717264,IMSI-1756444119,2026-08-26T12:30:00,TWR-150
9189008337,IMEI-8173120002,IMSI-6240414156,2026-08-04T12:58:00,TWR-163
9602138521,IMEI-1840426739,IMSI-5757966694,2026-08-01T00:45:00,TWR-127
9320016462,IMEI-8797199572,IMSI-9747405916,2026-07-04T03:58:00,TWR-144
9822745513,IMEI-0197789236,IMSI-6673910180,2026-07-08T01:39:00,TWR-149
9411207999,IMEI-8453484218,IMSI-8347399812,2026-07-06T06:05:00,TWR-124
9526824044,IMEI-1327895693,IMSI-4016492938,2026-07-07T18:55:00,TWR-106
9623121500,IMEI-0108792131,IMSI-6877336484,2026-08-11T21:20:00,TWR-166
9292869007,IMEI-0943331952,IMSI-4641712705,2026-08-30T07:21:00,TWR-171
9081392335,IMEI-0599539452,IMSI-3735337330,2026-08-09T03:03:00,TWR-162
9320016462,IMEI-8797199572,IMSI-9747405916,2026-08-24T04:59:00,TWR-173
9293480844,IMEI-8568759131,IMSI-1147789695,2026-07-25T14:31:00,TWR-146
9108870955,IMEI-9681629163,IMSI-6874905123,2026-08-10T20:57:00,TWR-191
9950712865,IMEI-7429481661,IMSI-9887989570,2026-07-06T06:19:00,TWR-133
9334017043,IMEI-6535811985,IMSI-9220383011,2026-07-27T10:00:00,TWR-143
9784541701,IMEI-4794903435,IMSI-6935154833,2026-07-20T12:16:00,TWR-168
9641643119,IMEI-9263370349,IMSI-4083002667,2026-08-29T01:01:00,TWR-105
9487170800,IMEI-6019750957,IMSI-0955113744,2026-08-18T11:07:00,TWR-158
9955420533,IMEI-4753026857,IMSI-4464279175,2026-08-01T23:35:00,TWR-128
9961618335,IMEI-5752734493,IMSI-8298823460,2026-07-06T12:20:00,TWR-197
9025067408,IMEI-8800707702,IMSI-7764375199,2026-08-05T14:19:00,TWR-162
9950780803,IMEI-7161278708,IMSI-9020949409,2026-08-08T07:10:00,TWR-101
9863248414,IMEI-5696212355,IMSI-2774984289,2026-08-10T08:22:00,TWR-119
9754074724,IMEI-0474251131,IMSI-2798903733,2026-07-23T02:34:00,TWR-159
9158252827,IMEI-8805136103,IMSI-6508961138,2026-07-04T10:41:00,TWR-118
9309176245,IMEI-1715753190,IMSI-0042972767,2026-07-10T08:32:00,TWR-180
9892195305,IMEI-3482362498,IMSI-1721450403,2026-08-18T14:17:00,TWR-175
9808579845,IMEI-8087040989,IMSI-5392371679,2026-08-13T12:27:00,TWR-195
9217455501,IMEI-5978749003,IMSI-2792413289,2026-08-19T03:45:00,TWR-167
9805487915,IMEI-3445022468,IMSI-6975300505,2026-08-22T04:31:00,TWR-173
9484655639,IMEI-3302054243,IMSI-7587867528,2026-08-16T05:18:00,TWR-134
9597685625,IMEI-4686630566,IMSI-6009527101,2026-07-12T15:05:00,TWR-118
9200375438,IMEI-4397382276,IMSI-3873692961,2026-07-05T16:39:00,TWR-187
9714322405,IMEI-2563370156,IMSI-2549786229,2026-08-13T10:24:00,TWR-152
9828083255,IMEI-5976071619,IMSI-4602339619,2026-08-05T12:11:00,TWR-173
9476913647,IMEI-4739402259,IMSI-5182879172,2026-08-29T10:59:00,TWR-127
9067973962,IMEI-3210762736,IMSI-8552134527,2026-07-31T22:58:00,TWR-155
9678920670,IMEI-6615710243,IMSI-4687231211,2026-07-24T22:30:00,TWR-105
9235973021,IMEI-2583943185,IMSI-8616009985,2026-08-26T01:16:00,TWR-178
9655734481,IMEI-8354977365,IMSI-9857964228,2026-07-18T04:36:00,TWR-117
9623871285,IMEI-9142445182,IMSI-9509197389,2026-08-09T21:07:00,TWR-179
9327888369,IMEI-7698981986,IMSI-6354953088,2026-08-10T23:31:00,TWR-133
9054186775,IMEI-9137435913,IMSI-3429537630,2026-07-10T07:20:00,TWR-162
9402819790,IMEI-4294897908,IMSI-7466611652,2026-08-26T03:46:00,TWR-155
9558401725,IMEI-9018823279,IMSI-7670102992,2026-07-02T17:17:00,TWR-103
9935410186,IMEI-0217850370,IMSI-4402377551,2026-07-10T12:41:00,TWR-198
9814488986,IMEI-8402450836,IMSI-9997976132,2026-08-22T17:17:00,TWR-196
9174427652,IMEI-4825980235,IMSI-9469691198,2026-08-18T13:52:00,TWR-153
9647059068,IMEI-2336311722,IMSI-4832787868,2026-07-16T19:35:00,TWR-168
9514716369,IMEI-5142856644,IMSI-6005250896,2026-07-23T21:20:00,TWR-109
9432789553,IMEI-7581615382,IMSI-6059787584,2026-08-21T14:13:00,TWR-175
9824810215,IMEI-6544511135,IMSI-2088992459,2026-07-12T06:33:00,TWR-154
9113920361,IMEI-3360587270,IMSI-9912359751,2026-07-20T06:40:00,TWR-102
9763919028,IMEI-1250460694,IMSI-0177010406,2026-08-17T02:35:00,TWR-172
9683509307,IMEI-2052204318,IMSI-5650646676,2026-07-12T15:17:00,TWR-179
9680479553,IMEI-8242039321,IMSI-2319158333,2026-08-17T20:27:00,TWR-111
9521820994,IMEI-2715093351,IMSI-4565984056,2026-08-13T10:59:00,TWR-117
9327888369,IMEI-7698981986,IMSI-6354953088,2026-08-04T07:17:00,TWR-145
9158252827,IMEI-8805136103,IMSI-6508961138,2026-07-13T20:57:00,TWR-185
9691846146,IMEI-4534335948,IMSI-1752565082,2026-08-17T06:47:00,TWR-111
9517600235,IMEI-2912800533,IMSI-1250430801,2026-08-07T16:33:00,TWR-113
9153514440,IMEI-2811772442,IMSI-9051485715,2026-07-30T04:00:00,TWR-188
9576172543,IMEI-0561865049,IMSI-7238415421,2026-08-10T23:22:00,TWR-106
9471958575,IMEI-4764251333,IMSI-2865780863,2026-08-03T07:40:00,TWR-186
9350335680,IMEI-5155214360,IMSI-3276562475,2026-07-01T10:01:00,TWR-127
9917643972,IMEI-7312323584,IMSI-2916220010,2026-07-25T21:15:00,TWR-147
9416151222,IMEI-8768119539,IMSI-3558405416,2026-08-18T11:36:00,TWR-171
9727226471,IMEI-0422532958,IMSI-5584133490,2026-07-24T03:14:00,TWR-112
9707126885,IMEI-9547499380,IMSI-8818714468,2026-08-06T23:04:00,TWR-158
9514716369,IMEI-5142856644,IMSI-6005250896,2026-08-15T13:53:00,TWR-165
9028267486,IMEI-0990287722,IMSI-1904848888,2026-08-27T12:36:00,TWR-116
9798271778,IMEI-6338109511,IMSI-1483709143,2026-07-30T21:02:00,TWR-184
9833355085,IMEI-7634663811,IMSI-2589019228,2026-08-17T04:54:00,TWR-184
9137678825,IMEI-2620552136,IMSI-7994288521,2026-07-15T13:07:00,TWR-120
9615796546,IMEI-6950112498,IMSI-4491718898,2026-08-15T21:52:00,TWR-136
9998681300,IMEI-1085727773,IMSI-8554311851,2026-08-24T02:10:00,TWR-175
9770093141,IMEI-0840929222,IMSI-0710788208,2026-08-25T01:44:00,TWR-126
9108870955,IMEI-9681629163,IMSI-6874905123,2026-07-26T21:54:00,TWR-172
9325983817,IMEI-3400499804,IMSI-0005369733,2026-07-12T13:30:00,TWR-132
9383110351,IMEI-6993339985,IMSI-0148259083,2026-07-29T14:41:00,TWR-130
9515434515,IMEI-0855362648,IMSI-2150782919,2026-07-07T01:26:00,TWR-183
9854947319,IMEI-7644654409,IMSI-0430181971,2026-07-02T14:59:00,TWR-119
9295361047,IMEI-1434102396,IMSI-8150726368,2026-07-03T18:10:00,TWR-115
9727226471,IMEI-0422532958,IMSI-5584133490,2026-07-22T23:44:00,TWR-168
9556161246,IMEI-9232058172,IMSI-6240572973,2026-08-19T20:18:00,TWR-131
9904220310,IMEI-2722872527,IMSI-2398195726,2026-08-12T13:22:00,TWR-146
9308845429,IMEI-7694229206,IMSI-6769302918,2026-08-25T08:10:00,TWR-107
9616289158,IMEI-6168573146,IMSI-5464383581,2026-07-20T11:16:00,TWR-162
9540384926,IMEI-7271453186,IMSI-5137182255,2026-07-08T00:16:00,TWR-155
9738711379,IMEI-3555194118,IMSI-8673754743,2026-08-28T19:35:00,TWR-193
9423639948,IMEI-4618232726,IMSI-5795032358,2026-08-17T23:12:00,TWR-122
9712239771,IMEI-6711935640,IMSI-2848165980,2026-08-13T22:55:00,TWR-187
9076549771,IMEI-7566490472,IMSI-1671036883,2026-07-06T14:53:00,TWR-177
9013502707,IMEI-7216113408,IMSI-9257382205,2026-07-02T21:33:00,TWR-191
9694458096,IMEI-8042671714,IMSI-3468585288,2026-08-23T15:51:00,TWR-185
9988853930,IMEI-2215295848,IMSI-3024275776,2026-08-11T19:59:00,TWR-137
9947875390,IMEI-5793611595,IMSI-7730889722,2026-08-20T16:03:00,TWR-112
9992206411,IMEI-9575813014,IMSI-2848717749,2026-07-03T16:54:00,TWR-106
9559321940,IMEI-7522970723,IMSI-5449490568,2026-07-27T06:26:00,TWR-168
9343802201,IMEI-4165891380,IMSI-8876719017,2026-08-03T20:46:00,TWR-139
9339899280,IMEI-3287756597,IMSI-4213052281,2026-07-16T15:33:00,TWR-193
9794873598,IMEI-9565272965,IMSI-7344759078,2026-07-06T18:36:00,TWR-140
9892098543,IMEI-6260110809,IMSI-1781817009,2026-07-27T23:41:00,TWR-166
9556214443,IMEI-2843068024,IMSI-4172224634,2026-07-03T04:45:00,TWR-167
9336062305,IMEI-9695468778,IMSI-0723325237,2026-07-29T07:26:00,TWR-193
9744055026,IMEI-1615000391,IMSI-6960935422,2026-08-24T13:46:00,TWR-147
9572427103,IMEI-5634470338,IMSI-3624256035,2026-08-16T08:21:00,TWR-154
9921873448,IMEI-5665790813,IMSI-0402416184,2026-07-15T20:21:00,TWR-134
9988913278,IMEI-1929211316,IMSI-7740745614,2026-08-15T19:07:00,TWR-148
9934372835,IMEI-0534620831,IMSI-0744642868,2026-07-24T17:49:00,TWR-131
9818185597,IMEI-6947319270,IMSI-7010750205,2026-07-07T15:23:00,TWR-199
9770179112,IMEI-6822011905,IMSI-6712582001,2026-07-27T23:36:00,TWR-176
9910619958,IMEI-5465799488,IMSI-1223516197,2026-08-19T15:28:00,TWR-106
9597685625,IMEI-4686630566,IMSI-6009527101,2026-08-04T10:29:00,TWR-100
9453985457,IMEI-7011184507,IMSI-0842416682,2026-08-17T15:29:00,TWR-155
9640649508,IMEI-3446472023,IMSI-8364758084,2026-08-12T20:49:00,TWR-160
9892098543,IMEI-6260110809,IMSI-1781817009,2026-08-28T21:50:00,TWR-169
9822745513,IMEI-0197789236,IMSI-6673910180,2026-07-28T03:28:00,TWR-184
9337047649,IMEI-1256700988,IMSI-3177469602,2026-08-24T08:23:00,TWR-122
9526824044,IMEI-1327895693,IMSI-4016492938,2026-08-18T16:57:00,TWR-115
9048233130,IMEI-7341196897,IMSI-1521336548,2026-07-30T04:57:00,TWR-134
9204871729,IMEI-9592712584,IMSI-1866308160,2026-08-02T09:30:00,TWR-164
9726000597,IMEI-6249744605,IMSI-9074747716,2026-07-10T01:05:00,TWR-172
9615796546,IMEI-6950112498,IMSI-4491718898,2026-08-25T02:59:00,TWR-198
9891712996,IMEI-2417841663,IMSI-9782591182,2026-07-29T12:26:00,TWR-177
9750044653,IMEI-5285840303,IMSI-4825043815,2026-08-20T10:20:00,TWR-166
9992557047,IMEI-1485764275,IMSI-3547588134,2026-08-28T04:48:00,TWR-134
9368290911,IMEI-2438192926,IMSI-4864644779,2026-08-02T13:16:00,TWR-149
9925397865,IMEI-3898523377,IMSI-3949130418,2026-08-15T19:44:00,TWR-158
9487658493,IMEI-2481422094,IMSI-4940339494,2026-07-20T05:26:00,TWR-143
9374975071,IMEI-5214418241,IMSI-5649990038,2026-08-10T10:30:00,TWR-192
9048184584,IMEI-5556194327,IMSI-0612124765,2026-08-20T07:04:00,TWR-138
9404914720,IMEI-4090015656,IMSI-1193307735,2026-08-12T01:47:00,TWR-152
9514716369,IMEI-5142856644,IMSI-6005250896,2026-08-24T00:39:00,TWR-167
9021337833,IMEI-4115577692,IMSI-3726160042,2026-07-09T01:44:00,TWR-146
9661642277,IMEI-5076705064,IMSI-3132738024,2026-08-24T06:23:00,TWR-154
9904220310,IMEI-2722872527,IMSI-2398195726,2026-08-29T00:20:00,TWR-152
9408119185,IMEI-4825774962,IMSI-9490109164,2026-08-05T17:16:00,TWR-168
9027966628,IMEI-8703759095,IMSI-8536513390,2026-07-07T01:59:00,TWR-192
9597685625,IMEI-4686630566,IMSI-6009527101,2026-07-07T01:43:00,TWR-112
9352364431,IMEI-3618044238,IMSI-2314274818,2026-08-20T15:33:00,TWR-129
9052248897,IMEI-9323304340,IMSI-9102154726,2026-08-19T22:06:00,TWR-160
9861985877,IMEI-9327146095,IMSI-9462811342,2026-07-07T00:34:00,TWR-103
9278250200,IMEI-3513691866,IMSI-2323998667,2026-08-17T20:47:00,TWR-195
9905828031,IMEI-0781238549,IMSI-4012237783,2026-08-03T20:59:00,TWR-145
9955906003,IMEI-1668929709,IMSI-5340833279,2026-07-13T00:01:00,TWR-150
9282096728,IMEI-0338852094,IMSI-8039563622,2026-07-18T21:54:00,TWR-191
9438228471,IMEI-2556385327,IMSI-2629554072,2026-08-15T10:36:00,TWR-179
9199512086,IMEI-5121587690,IMSI-5876472024,2026-07-15T21:26:00,TWR-125
9350335680,IMEI-5155214360,IMSI-3276562475,2026-07-08T06:13:00,TWR-104
9502624719,IMEI-5003891237,IMSI-9635494234,2026-08-28T06:17:00,TWR-163
9563850020,IMEI-6954138012,IMSI-9172128616,2026-08-19T05:48:00,TWR-120
9451862998,IMEI-9724228223,IMSI-1335168885,2026-08-23T11:21:00,TWR-106
9658966573,IMEI-5717676475,IMSI-7649468920,2026-07-15T11:28:00,TWR-119
9153514440,IMEI-2811772442,IMSI-9051485715,2026-07-07T02:44:00,TWR-146
9665069854,IMEI-0252360147,IMSI-4268227945,2026-07-10T07:09:00,TWR-111
9785939510,IMEI-9982973259,IMSI-4386805117,2026-08-24T14:08:00,TWR-117
9495458890,IMEI-3956570514,IMSI-8329041151,2026-07-19T09:21:00,TWR-117
9036057232,IMEI-9429354641,IMSI-9250384488,2026-08-29T15:18:00,TWR-152
9589598530,IMEI-7679253762,IMSI-8549930085,2026-07-24T13:34:00,TWR-185
9053036677,IMEI-5162495928,IMSI-8796626944,2026-08-09T18:33:00,TWR-180
9736840619,IMEI-3896393685,IMSI-6630274421,2026-08-09T23:09:00,TWR-179
9391686645,IMEI-0016973796,IMSI-5574013757,2026-07-04T08:46:00,TWR-114
9352364431,IMEI-3618044238,IMSI-2314274818,2026-07-13T22:27:00,TWR-169
9315946182,IMEI-6030513471,IMSI-7062121670,2026-07-31T12:00:00,TWR-197
9992206411,IMEI-9575813014,IMSI-2848717749,2026-08-16T03:46:00,TWR-179
9763919028,IMEI-1250460694,IMSI-0177010406,2026-07-20T21:21:00,TWR-140
9941262446,IMEI-4415336975,IMSI-5893841131,2026-07-23T05:38:00,TWR-119
9213633365,IMEI-6550090413,IMSI-3490436468,2026-07-25T00:48:00,TWR-179
9309176245,IMEI-1715753190,IMSI-0042972767,2026-08-18T20:47:00,TWR-192
9892195305,IMEI-3482362498,IMSI-1721450403,2026-08-30T08:56:00,TWR-156
9266407928,IMEI-1315633685,IMSI-6515307291,2026-07-29T07:47:00,TWR-136
9327888369,IMEI-7698981986,IMSI-6354953088,2026-07-16T16:18:00,TWR-114
9638941365,IMEI-2621969989,IMSI-9903756052,2026-08-08T01:41:00,TWR-185
9562679527,IMEI-5177175824,IMSI-9150100589,2026-08-04T12:24:00,TWR-141
9798271778,IMEI-6338109511,IMSI-1483709143,2026-07-26T23:28:00,TWR-179
9023392439,IMEI-9298268023,IMSI-3857347696,2026-07-19T03:20:00,TWR-162
9274895219,IMEI-6908873368,IMSI-1806085875,2026-07-09T09:57:00,TWR-179
9950780803,IMEI-7161278708,IMSI-9020949409,2026-08-19T23:05:00,TWR-117
9763919028,IMEI-1250460694,IMSI-0177010406,2026-07-02T07:48:00,TWR-112
9587008315,IMEI-6690962209,IMSI-8838843771,2026-08-19T09:14:00,TWR-106
9917643972,IMEI-7312323584,IMSI-2916220010,2026-07-22T16:02:00,TWR-137
9413409595,IMEI-9198245592,IMSI-6918675312,2026-08-26T18:19:00,TWR-172
9036057232,IMEI-9429354641,IMSI-9250384488,2026-08-20T23:15:00,TWR-190
9024707036,IMEI-7347992008,IMSI-2888843616,2026-08-01T00:11:00,TWR-199
9330434633,IMEI-6280159530,IMSI-5327982527,2026-08-11T04:24:00,TWR-103
9297302785,IMEI-2740413006,IMSI-0517009830,2026-07-01T10:14:00,TWR-143
9119797995,IMEI-5706195678,IMSI-2254105709,2026-08-27T05:30:00,TWR-131
9692552797,IMEI-1764458848,IMSI-3966457784,2026-07-24T04:56:00,TWR-117
9865140121,IMEI-1159589835,IMSI-9020928984,2026-07-26T01:29:00,TWR-128
9826643843,IMEI-5842341203,IMSI-6447263513,2026-07-10T08:28:00,TWR-155
9416151222,IMEI-8768119539,IMSI-3558405416,2026-08-03T17:11:00,TWR-131
9705629519,IMEI-5783109870,IMSI-4275222475,2026-07-23T22:42:00,TWR-152
9891184672,IMEI-0027364086,IMSI-7196040460,2026-07-06T15:03:00,TWR-134
9714201071,IMEI-1215109801,IMSI-4981486433,2026-07-08T01:13:00,TWR-198
9884354408,IMEI-7604202714,IMSI-6855329343,2026-08-01T02:00:00,TWR-140
9175658769,IMEI-8543351535,IMSI-7093605695,2026-08-07T22:30:00,TWR-108
9036057232,IMEI-9429354641,IMSI-9250384488,2026-08-09T05:09:00,TWR-153
9974178400,IMEI-3032999856,IMSI-7707871191,2026-08-07T07:35:00,TWR-137
9656939039,IMEI-1635032031,IMSI-7154819630,2026-08-21T17:48:00,TWR-192
9717964393,IMEI-1336166221,IMSI-3798227162,2026-08-17T23:34:00,TWR-120
9402438050,IMEI-2411119216,IMSI-4050734844,2026-07-15T01:59:00,TWR-145
9213278016,IMEI-4465904654,IMSI-5277064654,2026-08-15T16:24:00,TWR-131
9680479553,IMEI-8242039321,IMSI-2319158333,2026-07-30T21:30:00,TWR-192
9413409595,IMEI-9198245592,IMSI-6918675312,2026-08-15T22:42:00,TWR-159
9265230098,IMEI-5253328564,IMSI-5469787294,2026-07-31T03:27:00,TWR-163
9462913511,IMEI-4151442350,IMSI-8392395095,2026-07-07T09:20:00,TWR-190
9284186415,IMEI-4710802736,IMSI-5006523315,2026-08-22T00:39:00,TWR-178
9615796546,IMEI-6950112498,IMSI-4491718898,2026-08-23T03:43:00,TWR-197
9726000597,IMEI-6249744605,IMSI-9074747716,2026-07-25T10:38:00,TWR-154
9522749968,IMEI-0656456428,IMSI-9041268584,2026-07-24T13:23:00,TWR-149
9921873448,IMEI-5665790813,IMSI-0402416184,2026-07-23T08:37:00,TWR-134
9691975020,IMEI-0423872955,IMSI-5976317406,2026-07-14T08:00:00,TWR-109
9863248414,IMEI-5696212355,IMSI-2774984289,2026-07-05T06:15:00,TWR-115
9522749968,IMEI-0656456428,IMSI-9041268584,2026-08-29T06:20:00,TWR-183
9960574125,IMEI-3834356980,IMSI-0974141228,2026-07-17T20:17:00,TWR-147
9227813809,IMEI-6753587083,IMSI-5640922283,2026-07-30T07:52:00,TWR-115
9720831826,IMEI-3676577295,IMSI-6888150973,2026-08-20T08:35:00,TWR-100
9282096728,IMEI-0338852094,IMSI-8039563622,2026-07-22T04:10:00,TWR-117
9120560038,IMEI-3838943069,IMSI-0043196108,2026-08-25T14:05:00,TWR-104
9521820994,IMEI-2715093351,IMSI-4565984056,2026-07-04T06:40:00,TWR-156
9240686122,IMEI-1874062615,IMSI-1070586963,2026-07-12T05:29:00,TWR-102
9031225357,IMEI-2401507627,IMSI-0587460249,2026-07-29T23:56:00,TWR-111
9330833334,IMEI-5153766162,IMSI-9581629746,2026-07-01T11:37:00,TWR-109
9240686122,IMEI-1874062615,IMSI-1070586963,2026-08-23T20:04:00,TWR-116
9857618754,IMEI-3804104516,IMSI-6750827644,2026-07-03T04:23:00,TWR-177
9048184584,IMEI-5556194327,IMSI-0612124765,2026-07-04T11:45:00,TWR-199
9904220310,IMEI-2722872527,IMSI-2398195726,2026-07-17T20:07:00,TWR-166
9651699247,IMEI-7391912109,IMSI-5628934186,2026-08-17T15:25:00,TWR-155
9067351927,IMEI-4914192402,IMSI-3482142797,2026-07-13T12:28:00,TWR-185
9541651533,IMEI-2784957791,IMSI-6154638039,2026-07-11T04:40:00,TWR-127
9317391614,IMEI-6828927460,IMSI-9770511551,2026-08-14T23:00:00,TWR-144
9189008337,IMEI-8173120002,IMSI-6240414156,2026-08-12T06:05:00,TWR-136
9861985877,IMEI-9327146095,IMSI-9462811342,2026-08-14T03:06:00,TWR-199
9664697473,IMEI-1894647082,IMSI-2726219324,2026-08-30T03:08:00,TWR-173
9052116857,IMEI-9870175705,IMSI-0972807590,2026-08-03T19:00:00,TWR-111
9905828031,IMEI-0781238549,IMSI-4012237783,2026-07-18T15:10:00,TWR-191
9423639948,IMEI-4618232726,IMSI-5795032358,2026-07-13T08:56:00,TWR-106
9623092322,IMEI-7334352130,IMSI-2719759170,2026-07-10T12:56:00,TWR-109
9373613848,IMEI-8051756948,IMSI-5607949860,2026-07-28T15:01:00,TWR-132
9206752746,IMEI-5711397258,IMSI-7467067157,2026-07-05T21:27:00,TWR-149
9457706949,IMEI-5357510705,IMSI-1859824507,2026-07-02T01:56:00,TWR-180
9451525376,IMEI-8511467861,IMSI-3331904361,2026-07-16T01:28:00,TWR-183
9241105711,IMEI-9803656515,IMSI-7082186948,2026-08-01T12:33:00,TWR-116
9013502707,IMEI-7216113408,IMSI-9257382205,2026-07-04T14:17:00,TWR-191
9587103048,IMEI-7484745666,IMSI-4961482864,2026-07-03T15:19:00,TWR-176
9508938741,IMEI-9782977522,IMSI-4163791422,2026-08-20T19:06:00,TWR-190
9111007715,IMEI-2993553676,IMSI-6251384966,2026-08-23T04:31:00,TWR-133
9402438050,IMEI-2411119216,IMSI-4050734844,2026-08-25T16:42:00,TWR-194
9822745513,IMEI-0197789236,IMSI-6673910180,2026-08-23T16:18:00,TWR-119
9524486938,IMEI-7566819896,IMSI-3731294120,2026-07-29T23:10:00,TWR-109
9291560480,IMEI-6197984381,IMSI-7712208365,2026-07-31T13:34:00,TWR-122
9232997749,IMEI-4003336104,IMSI-2045768429,2026-08-30T02:58:00,TWR-122
9712239771,IMEI-6711935640,IMSI-2848165980,2026-08-28T20:07:00,TWR-176
9566917456,IMEI-2146515992,IMSI-4568631912,2026-07-14T22:23:00,TWR-166
9929695123,IMEI-9345104318,IMSI-1253544220,2026-08-09T23:51:00,TWR-103
9241105711,IMEI-9803656515,IMSI-7082186948,2026-08-08T05:56:00,TWR-190
9084209783,IMEI-7684964261,IMSI-7877783732,2026-08-08T05:30:00,TWR-120
9705629519,IMEI-5783109870,IMSI-4275222475,2026-07-07T17:44:00,TWR-118
9373613848,IMEI-8051756948,IMSI-5607949860,2026-07-06T03:21:00,TWR-195
9271253582,IMEI-9510152690,IMSI-1089208945,2026-07-21T08:21:00,TWR-170
9375742874,IMEI-3310813747,IMSI-0244709152,2026-07-30T02:23:00,TWR-147
9631036891,IMEI-7085159885,IMSI-0555365475,2026-07-16T04:17:00,TWR-167
9222717235,IMEI-7219658148,IMSI-5782307767,2026-07-04T16:36:00,TWR-170
9808579845,IMEI-8087040989,IMSI-5392371679,2026-08-10T01:07:00,TWR-152
9260628721,IMEI-9994080845,IMSI-6080368639,2026-07-07T13:30:00,TWR-199
9622739459,IMEI-2489524924,IMSI-8155071615,2026-07-23T04:07:00,TWR-115
9014685172,IMEI-5531176811,IMSI-1537511506,2026-07-21T23:40:00,TWR-171
9965191353,IMEI-5893787421,IMSI-6214960586,2026-08-12T02:46:00,TWR-101
9364540204,IMEI-7194965681,IMSI-8534759259,2026-08-22T20:39:00,TWR-153
9648241344,IMEI-7323143108,IMSI-5974837539,2026-08-03T11:00:00,TWR-135
9127329558,IMEI-1654779888,IMSI-2383936311,2026-07-05T12:53:00,TWR-101
9349352957,IMEI-7200206606,IMSI-3990469045,2026-08-15T04:39:00,TWR-142
9704583586,IMEI-5888293752,IMSI-2725537131,2026-07-22T17:11:00,TWR-193
9820738580,IMEI-2072111637,IMSI-2740076038,2026-07-11T19:33:00,TWR-109
9078522433,IMEI-7634964095,IMSI-5330377572,2026-07-20T11:13:00,TWR-193
9784541701,IMEI-4794903435,IMSI-6935154833,2026-08-16T18:52:00,TWR-149
9622739459,IMEI-2489524924,IMSI-8155071615,2026-08-13T15:10:00,TWR-191
9052861995,IMEI-9123454088,IMSI-1139166697,2026-07-26T00:06:00,TWR-183
9129555777,IMEI-0062479692,IMSI-9993459649,2026-07-22T02:24:00,TWR-145
9797449946,IMEI-6504289074,IMSI-8867604255,2026-07-26T21:22:00,TWR-156
9884354408,IMEI-7604202714,IMSI-6855329343,2026-07-10T09:09:00,TWR-194
9429522889,IMEI-3067396449,IMSI-4994327666,2026-07-28T14:48:00,TWR-182
9485847011,IMEI-3616414782,IMSI-7156462613,2026-07-27T19:57:00,TWR-178
9884520326,IMEI-6766495534,IMSI-2318830436,2026-07-17T16:01:00,TWR-120
9904220310,IMEI-2722872527,IMSI-2398195726,2026-08-14T18:14:00,TWR-108
9768160718,IMEI-6553496821,IMSI-9218665983,2026-07-30T18:49:00,TWR-126
9204871729,IMEI-9592712584,IMSI-1866308160,2026-07-15T01:01:00,TWR-129
9114968431,IMEI-8769080055,IMSI-7754791819,2026-07-31T05:24:00,TWR-199
9081392335,IMEI-0599539452,IMSI-3735337330,2026-08-21T07:53:00,TWR-138
9954882339,IMEI-9986404688,IMSI-6508308241,2026-07-15T17:01:00,TWR-176
9522749968,IMEI-0656456428,IMSI-9041268584,2026-07-16T15:27:00,TWR-170
9527246581,IMEI-0569622581,IMSI-1016823223,2026-08-16T07:06:00,TWR-161
9738711379,IMEI-3555194118,IMSI-8673754743,2026-08-26T09:01:00,TWR-171
9795042893,IMEI-4741789434,IMSI-9532058629,2026-08-06T08:41:00,TWR-178
9793735024,IMEI-1156568196,IMSI-6997607466,2026-08-17T15:06:00,TWR-103
9248477233,IMEI-6563078851,IMSI-9115160463,2026-07-15T22:56:00,TWR-112
9814631059,IMEI-4248529289,IMSI-4803891302,2026-07-15T03:29:00,TWR-111
9973381637,IMEI-4477037948,IMSI-0565775093,2026-08-26T00:00:00,TWR-111
9052116857,IMEI-9870175705,IMSI-0972807590,2026-07-29T22:44:00,TWR-194
9333160902,IMEI-5413904982,IMSI-4084583797,2026-08-21T09:55:00,TWR-161
9884354408,IMEI-7604202714,IMSI-6855329343,2026-08-23T16:14:00,TWR-128
9089204157,IMEI-1891015126,IMSI-6860080383,2026-07-02T12:00:00,TWR-167
9200234695,IMEI-3610403394,IMSI-1168400464,2026-08-11T10:13:00,TWR-170
9905802164,IMEI-7145647193,IMSI-1216365150,2026-08-08T20:33:00,TWR-119
9763919028,IMEI-1250460694,IMSI-0177010406,2026-07-07T00:16:00,TWR-138
9200375438,IMEI-4397382276,IMSI-3873692961,2026-07-30T22:46:00,TWR-189
9215138019,IMEI-1469630754,IMSI-5640016715,2026-07-05T21:13:00,TWR-128
9992023872,IMEI-6123307024,IMSI-3912797421,2026-07-13T06:53:00,TWR-141
9816663121,IMEI-9378559839,IMSI-7894632512,2026-08-05T21:28:00,TWR-137
9919108073,IMEI-7816291043,IMSI-1715663547,2026-07-18T02:31:00,TWR-136
9198393549,IMEI-3816300190,IMSI-6270974989,2026-07-03T13:16:00,TWR-113
9052116857,IMEI-9870175705,IMSI-0972807590,2026-08-20T09:08:00,TWR-133
9299090911,IMEI-4807650146,IMSI-5333767238,2026-08-02T20:38:00,TWR-166
9437723988,IMEI-4298782594,IMSI-8119107350,2026-08-02T18:31:00,TWR-148
9153514440,IMEI-2811772442,IMSI-9051485715,2026-08-05T03:48:00,TWR-146
9623068655,IMEI-6533395065,IMSI-3803435764,2026-08-07T20:13:00,TWR-110
9158252827,IMEI-8805136103,IMSI-6508961138,2026-07-17T22:12:00,TWR-100
9253232817,IMEI-7487857624,IMSI-6021549849,2026-07-16T21:16:00,TWR-190
9299090911,IMEI-4807650146,IMSI-5333767238,2026-08-29T23:15:00,TWR-120
9120335120,IMEI-2330603798,IMSI-0031911878,2026-07-21T10:57:00,TWR-110
9027966628,IMEI-8703759095,IMSI-8536513390,2026-08-29T09:32:00,TWR-132
9002468794,IMEI-0645111405,IMSI-6543141086,2026-07-10T01:53:00,TWR-191
9521573651,IMEI-7083136462,IMSI-2216591960,2026-07-30T00:35:00,TWR-160
9768160718,IMEI-6553496821,IMSI-9218665983,2026-08-05T02:18:00,TWR-123
9665069854,IMEI-0252360147,IMSI-4268227945,2026-08-04T08:52:00,TWR-152
9526824044,IMEI-1327895693,IMSI-4016492938,2026-07-11T16:34:00,TWR-120
9804580401,IMEI-8114842672,IMSI-4547275908,2026-08-19T11:03:00,TWR-189
9977288139,IMEI-2789519384,IMSI-6777642602,2026-08-11T12:45:00,TWR-117
9527600495,IMEI-8228613607,IMSI-0187837949,2026-07-15T12:06:00,TWR-169
9925397865,IMEI-3898523377,IMSI-3949130418,2026-08-21T19:39:00,TWR-102
9279052515,IMEI-2148512002,IMSI-7153600683,2026-08-09T00:17:00,TWR-101
9287968855,IMEI-9100819128,IMSI-6868079513,2026-07-07T15:09:00,TWR-121
9805487915,IMEI-3445022468,IMSI-6975300505,2026-07-17T05:57:00,TWR-134
9776329597,IMEI-5548993676,IMSI-5828641899,2026-07-06T01:22:00,TWR-182
9183586783,IMEI-1124328676,IMSI-4812458623,2026-07-31T14:36:00,TWR-116
9446485809,IMEI-8567624422,IMSI-1677292965,2026-07-06T19:08:00,TWR-193
9462913511,IMEI-4151442350,IMSI-8392395095,2026-07-10T01:18:00,TWR-141
9539232741,IMEI-0531647418,IMSI-3346879319,2026-07-07T03:03:00,TWR-141
9961618335,IMEI-5752734493,IMSI-8298823460,2026-07-24T18:13:00,TWR-148
9290181585,IMEI-1507527980,IMSI-8858192226,2026-07-14T01:07:00,TWR-135
9190777522,IMEI-6160323305,IMSI-9254337711,2026-08-04T11:02:00,TWR-132
9594924991,IMEI-3630121292,IMSI-8018351121,2026-08-05T00:51:00,TWR-156
9349613120,IMEI-7120450068,IMSI-1755976326,2026-07-07T05:26:00,TWR-162
9470138106,IMEI-7288837831,IMSI-4527084198,2026-08-08T23:03:00,TWR-164
9524486938,IMEI-7566819896,IMSI-3731294120,2026-07-29T03:04:00,TWR-145
9502624719,IMEI-5003891237,IMSI-9635494234,2026-08-14T15:53:00,TWR-159
9833592143,IMEI-6058491626,IMSI-1896284043,2026-07-31T01:49:00,TWR-110
9299090911,IMEI-4807650146,IMSI-5333767238,2026-07-12T20:59:00,TWR-109
9597685625,IMEI-4686630566,IMSI-6009527101,2026-07-27T14:59:00,TWR-198
9210244612,IMEI-6189465100,IMSI-7205358651,2026-07-02T14:11:00,TWR-169
9349060795,IMEI-4832570734,IMSI-5208503516,2026-07-29T15:13:00,TWR-110
9183357251,IMEI-9542888361,IMSI-9383065515,2026-07-26T05:42:00,TWR-143
9992023872,IMEI-6123307024,IMSI-3912797421,2026-07-18T02:23:00,TWR-177
9217455501,IMEI-5978749003,IMSI-2792413289,2026-08-05T16:08:00,TWR-156
9487170800,IMEI-6019750957,IMSI-0955113744,2026-07-24T09:47:00,TWR-127
9114968431,IMEI-8769080055,IMSI-7754791819,2026-08-03T19:46:00,TWR-146
9688853201,IMEI-4214519644,IMSI-7189901505,2026-07-30T11:44:00,TWR-132
9395008160,IMEI-5776559744,IMSI-6993638729,2026-08-19T21:07:00,TWR-177
9470138106,IMEI-7288837831,IMSI-4527084198,2026-07-25T21:49:00,TWR-118
9587463342,IMEI-7113682872,IMSI-7384833540,2026-07-21T15:17:00,TWR-129
9595026413,IMEI-4335200281,IMSI-3118571879,2026-08-09T08:22:00,TWR-172
9204267814,IMEI-0513626020,IMSI-6541552734,2026-08-24T21:43:00,TWR-182
9816663121,IMEI-9378559839,IMSI-7894632512,2026-08-03T23:07:00,TWR-106
9797758127,IMEI-0603574703,IMSI-9882589061,2026-08-08T22:53:00,TWR-195
9585932222,IMEI-5135064293,IMSI-2500800031,2026-07-13T13:33:00,TWR-106
9327371243,IMEI-0706366806,IMSI-9463467046,2026-08-25T14:51:00,TWR-115
9963616536,IMEI-0981470934,IMSI-9638556417,2026-07-10T02:44:00,TWR-158
9000812852,IMEI-0768684034,IMSI-9166578261,2026-07-17T14:22:00,TWR-107
9468349143,IMEI-3914369758,IMSI-1719948146,2026-08-17T17:17:00,TWR-125
9446485809,IMEI-8567624422,IMSI-1677292965,2026-08-12T19:20:00,TWR-121
9487170800,IMEI-6019750957,IMSI-0955113744,2026-07-10T01:55:00,TWR-114
9647059068,IMEI-2336311722,IMSI-4832787868,2026-07-17T17:04:00,TWR-192
9814488986,IMEI-8402450836,IMSI-9997976132,2026-08-05T03:34:00,TWR-162
9108252674,IMEI-8973790545,IMSI-4816752486,2026-07-17T04:49:00,TWR-152
9259995536,IMEI-9566882160,IMSI-5082497559,2026-08-28T01:34:00,TWR-109
9287968855,IMEI-9100819128,IMSI-6868079513,2026-07-28T22:52:00,TWR-122
9891712996,IMEI-2417841663,IMSI-9782591182,2026-08-04T15:43:00,TWR-190
9904918041,IMEI-9240363234,IMSI-6447246867,2026-08-22T11:37:00,TWR-190
9428025968,IMEI-5595534505,IMSI-3593963620,2026-08-11T17:47:00,TWR-142
9905802164,IMEI-7145647193,IMSI-1216365150,2026-07-13T16:46:00,TWR-166
9974178400,IMEI-3032999856,IMSI-7707871191,2026-08-11T21:35:00,TWR-149
9220969700,IMEI-2355180961,IMSI-2592684647,2026-07-07T05:00:00,TWR-175
9511976381,IMEI-3341338675,IMSI-7153516453,2026-07-19T10:11:00,TWR-109
9735076512,IMEI-0841753939,IMSI-1527713886,2026-07-22T14:04:00,TWR-113
9865140121,IMEI-1159589835,IMSI-9020928984,2026-07-21T06:41:00,TWR-141
9927033369,IMEI-7870679587,IMSI-9719498305,2026-08-02T16:03:00,TWR-131
9558401725,IMEI-9018823279,IMSI-7670102992,2026-07-18T17:28:00,TWR-102
9114968431,IMEI-8769080055,IMSI-7754791819,2026-07-17T07:52:00,TWR-147
9904845915,IMEI-2928562860,IMSI-0191416813,2026-08-11T18:11:00,TWR-194
9870151534,IMEI-2208294402,IMSI-2997905078,2026-08-06T18:09:00,TWR-144
9933390585,IMEI-8541751229,IMSI-9861048331,2026-07-20T06:56:00,TWR-142
9507598515,IMEI-5650545635,IMSI-1175969441,2026-07-04T18:27:00,TWR-128
9941262446,IMEI-4415336975,IMSI-5893841131,2026-08-04T05:04:00,TWR-155
9395008160,IMEI-5776559744,IMSI-6993638729,2026-08-15T15:12:00,TWR-113
9432473370,IMEI-4360642625,IMSI-9597368029,2026-07-12T09:17:00,TWR-100
9707126885,IMEI-9547499380,IMSI-8818714468,2026-08-18T00:44:00,TWR-163
9985200539,IMEI-9375839641,IMSI-2217792916,2026-08-28T03:34:00,TWR-154
9917643972,IMEI-7312323584,IMSI-2916220010,2026-08-05T00:40:00,TWR-119
9095950087,IMEI-6408982926,IMSI-3137052971,2026-07-11T18:29:00,TWR-109
9252995406,IMEI-4066662946,IMSI-7752976606,2026-07-26T04:03:00,TWR-119
9067351927,IMEI-4914192402,IMSI-3482142797,2026-08-27T22:52:00,TWR-101
9889801878,IMEI-3838943069,IMSI-2526686023,2026-08-25T14:00:00,TWR-104
9258558771,IMEI-4852639918,IMSI-4130973827,2026-07-04T08:33:00,TWR-180
9111007715,IMEI-2993553676,IMSI-6251384966,2026-07-09T06:26:00,TWR-124
9576957454,IMEI-0491209123,IMSI-1300712241,2026-07-31T11:04:00,TWR-138
9974178400,IMEI-3032999856,IMSI-7707871191,2026-07-23T14:58:00,TWR-129
9206752746,IMEI-5711397258,IMSI-7467067157,2026-08-11T18:43:00,TWR-138
9562254266,IMEI-9002034944,IMSI-5089706326,2026-07-21T23:19:00,TWR-103
9468692379,IMEI-2857946562,IMSI-6720847286,2026-07-22T19:33:00,TWR-101
9156490709,IMEI-2198278959,IMSI-7494703100,2026-07-31T18:22:00,TWR-173
9476913647,IMEI-4739402259,IMSI-5182879172,2026-07-25T12:08:00,TWR-111
9507598515,IMEI-5650545635,IMSI-1175969441,2026-07-09T02:29:00,TWR-105
9586592627,IMEI-9592646825,IMSI-6747179784,2026-08-28T09:03:00,TWR-114
9752820266,IMEI-6368625769,IMSI-7937917527,2026-07-21T21:24:00,TWR-141
9780874168,IMEI-1814714635,IMSI-9283753410,2026-07-13T04:55:00,TWR-131
9273451778,IMEI-3536885796,IMSI-4887200854,2026-07-21T21:00:00,TWR-183
9569898253,IMEI-1967234029,IMSI-0769395545,2026-07-02T13:01:00,TWR-131
9114968431,IMEI-8769080055,IMSI-7754791819,2026-07-17T08:35:00,TWR-128
9863626383,IMEI-3156686324,IMSI-3105190338,2026-08-18T15:16:00,TWR-114
9664697473,IMEI-1894647082,IMSI-2726219324,2026-07-04T02:09:00,TWR-120
9745386561,IMEI-8716172764,IMSI-9174333986,2026-07-02T18:12:00,TWR-137
9971989169,IMEI-3848937224,IMSI-0892217842,2026-07-25T07:44:00,TWR-140
9572427103,IMEI-5634470338,IMSI-3624256035,2026-08-05T22:07:00,TWR-172
9317391614,IMEI-6828927460,IMSI-9770511551,2026-08-13T21:37:00,TWR-148
9566917456,IMEI-2146515992,IMSI-4568631912,2026-08-07T16:43:00,TWR-151
9428025968,IMEI-5595534505,IMSI-3593963620,2026-08-29T03:24:00,TWR-155
9227813809,IMEI-6753587083,IMSI-5640922283,2026-08-26T20:33:00,TWR-175
9462913511,IMEI-4151442350,IMSI-8392395095,2026-08-06T23:55:00,TWR-120
9792178365,IMEI-5340830680,IMSI-1385621710,2026-07-08T23:51:00,TWR-150
9841230544,IMEI-3688762066,IMSI-0985232117,2026-07-19T20:25:00,TWR-150
9582184249,IMEI-3779525637,IMSI-7246178112,2026-07-07T02:48:00,TWR-133
9481010893,IMEI-2446511237,IMSI-7094747437,2026-07-12T22:39:00,TWR-158
9636952352,IMEI-6383558287,IMSI-0249322336,2026-07-23T06:03:00,TWR-159
9597122314,IMEI-8709746261,IMSI-0634704633,2026-08-26T17:53:00,TWR-140
9188404618,IMEI-6930921708,IMSI-1139020279,2026-08-26T15:34:00,TWR-122
9167649836,IMEI-3998783293,IMSI-5271989094,2026-08-14T04:45:00,TWR-181
9619076686,IMEI-1335653577,IMSI-8379754571,2026-08-09T23:54:00,TWR-119
9631036891,IMEI-7085159885,IMSI-0555365475,2026-08-03T23:32:00,TWR-131
9200375438,IMEI-4397382276,IMSI-3873692961,2026-08-11T17:33:00,TWR-129
9681618901,IMEI-2181045410,IMSI-0926719862,2026-07-11T04:07:00,TWR-144
9114968431,IMEI-8769080055,IMSI-7754791819,2026-08-26T18:07:00,TWR-170
9651699247,IMEI-7391912109,IMSI-5628934186,2026-07-31T11:15:00,TWR-132
9317391614,IMEI-6828927460,IMSI-9770511551,2026-07-29T05:46:00,TWR-128
9533492995,IMEI-3442653754,IMSI-7225620982,2026-08-06T17:22:00,TWR-172
9362272684,IMEI-5958935981,IMSI-2951362368,2026-07-30T22:54:00,TWR-180
9337468903,IMEI-4363232160,IMSI-4719981838,2026-08-15T22:12:00,TWR-162
9438228471,IMEI-2556385327,IMSI-2629554072,2026-07-14T10:43:00,TWR-177
9103825652,IMEI-3992963047,IMSI-1249926229,2026-07-27T02:22:00,TWR-106
9514716369,IMEI-5142856644,IMSI-6005250896,2026-07-07T11:22:00,TWR-160
9622739459,IMEI-2489524924,IMSI-8155071615,2026-08-12T04:20:00,TWR-177
9416151222,IMEI-8768119539,IMSI-3558405416,2026-07-25T16:26:00,TWR-171
9704583586,IMEI-5888293752,IMSI-2725537131,2026-07-08T02:43:00,TWR-190
9794873598,IMEI-9565272965,IMSI-7344759078,2026-08-21T13:15:00,TWR-171
9343853185,IMEI-4745057705,IMSI-1437353221,2026-08-15T20:17:00,TWR-181
9472817397,IMEI-3943536741,IMSI-5980622656,2026-07-23T16:39:00,TWR-145
9388850469,IMEI-4386804296,IMSI-9841550156,2026-08-07T15:19:00,TWR-104
9028267486,IMEI-0990287722,IMSI-1904848888,2026-07-23T02:33:00,TWR-194
9870151534,IMEI-2208294402,IMSI-2997905078,2026-08-30T06:14:00,TWR-164
9420863611,IMEI-4537963191,IMSI-3558536002,2026-07-22T07:33:00,TWR-133
9420863611,IMEI-4537963191,IMSI-3558536002,2026-07-14T07:00:00,TWR-130
9763462687,IMEI-0158770989,IMSI-9062509835,2026-08-16T23:21:00,TWR-173
9673417670,IMEI-3599122529,IMSI-4431934080,2026-07-21T19:39:00,TWR-146
9343802201,IMEI-4165891380,IMSI-8876719017,2026-08-06T11:09:00,TWR-139
9027410813,IMEI-3335584344,IMSI-5126373728,2026-08-01T11:56:00,TWR-118
9432473370,IMEI-4360642625,IMSI-9597368029,2026-07-05T14:07:00,TWR-146
9992206411,IMEI-9575813014,IMSI-2848717749,2026-08-14T08:31:00,TWR-161
9706517113,IMEI-9077902452,IMSI-5834302435,2026-07-18T12:28:00,TWR-181
9429522889,IMEI-3067396449,IMSI-4994327666,2026-08-02T08:33:00,TWR-198
9118141811,IMEI-5728459382,IMSI-1499318085,2026-08-01T23:24:00,TWR-178
9471958575,IMEI-4764251333,IMSI-2865780863,2026-08-22T12:06:00,TWR-152
9582938523,IMEI-2985430651,IMSI-6130510364,2026-07-24T17:55:00,TWR-164
9050884189,IMEI-6360726241,IMSI-5947857176,2026-07-08T17:38:00,TWR-196
9023392439,IMEI-9298268023,IMSI-3857347696,2026-07-26T13:49:00,TWR-150
9266407928,IMEI-1315633685,IMSI-6515307291,2026-08-23T15:04:00,TWR-125
9743555336,IMEI-1879763705,IMSI-9643160587,2026-08-06T00:19:00,TWR-130
9027410813,IMEI-3335584344,IMSI-5126373728,2026-07-16T01:23:00,TWR-148
9334017043,IMEI-6535811985,IMSI-9220383011,2026-08-26T20:58:00,TWR-139
9789162925,IMEI-6706397428,IMSI-9039846625,2026-07-18T06:03:00,TWR-110
9768160718,IMEI-6553496821,IMSI-9218665983,2026-08-05T01:19:00,TWR-121
9805487915,IMEI-3445022468,IMSI-6975300505,2026-08-22T04:54:00,TWR-120
9991205817,IMEI-9329436732,IMSI-9249137229,2026-07-11T21:51:00,TWR-123
9279052515,IMEI-2148512002,IMSI-7153600683,2026-08-24T10:59:00,TWR-137
9971989169,IMEI-3848937224,IMSI-0892217842,2026-07-20T08:21:00,TWR-154
9278250200,IMEI-3513691866,IMSI-2323998667,2026-08-22T18:34:00,TWR-163
9105343128,IMEI-3567086541,IMSI-9854147217,2026-08-22T08:20:00,TWR-156
9892098543,IMEI-6260110809,IMSI-1781817009,2026-08-28T12:50:00,TWR-142
9368290911,IMEI-2438192926,IMSI-4864644779,2026-07-02T01:50:00,TWR-192
9299090911,IMEI-4807650146,IMSI-5333767238,2026-07-12T19:47:00,TWR-192
9014685172,IMEI-5531176811,IMSI-1537511506,2026-08-08T06:27:00,TWR-192
9252995406,IMEI-4066662946,IMSI-7752976606,2026-07-12T04:09:00,TWR-102
9904918041,IMEI-9240363234,IMSI-6447246867,2026-08-03T19:48:00,TWR-138
9526824044,IMEI-1327895693,IMSI-4016492938,2026-08-03T07:31:00,TWR-162
9067973962,IMEI-3210762736,IMSI-8552134527,2026-07-10T16:42:00,TWR-176
9897114683,IMEI-8939275552,IMSI-7241239884,2026-07-14T20:35:00,TWR-183
9819729399,IMEI-2301615059,IMSI-4636655283,2026-08-17T10:58:00,TWR-199
9514716369,IMEI-5142856644,IMSI-6005250896,2026-07-13T20:15:00,TWR-127
9130186709,IMEI-6363508065,IMSI-4981595852,2026-08-11T20:49:00,TWR-155
9076549771,IMEI-7566490472,IMSI-1671036883,2026-07-16T06:12:00,TWR-107
9833355085,IMEI-7634663811,IMSI-2589019228,2026-07-14T11:47:00,TWR-111
9800529753,IMEI-2023051743,IMSI-8062170797,2026-07-26T10:38:00,TWR-178
9585932222,IMEI-5135064293,IMSI-2500800031,2026-08-03T11:37:00,TWR-187
9098471173,IMEI-7271949408,IMSI-1881818368,2026-07-22T03:06:00,TWR-100
9052116857,IMEI-9870175705,IMSI-0972807590,2026-07-13T02:30:00,TWR-151
9096395260,IMEI-3661490517,IMSI-3036648859,2026-08-27T19:39:00,TWR-135
9834826825,IMEI-8904044044,IMSI-0708861395,2026-08-14T16:35:00,TWR-130
9106672436,IMEI-7571316002,IMSI-9913913475,2026-08-17T11:21:00,TWR-193
9462451088,IMEI-3829229821,IMSI-2058340063,2026-07-13T10:14:00,TWR-142
9603424007,IMEI-9402555841,IMSI-7440544843,2026-07-02T03:26:00,TWR-197
9076549771,IMEI-7566490472,IMSI-1671036883,2026-07-02T22:11:00,TWR-172
9794873598,IMEI-9565272965,IMSI-7344759078,2026-07-16T21:46:00,TWR-186
9076549771,IMEI-7566490472,IMSI-1671036883,2026-07-11T07:39:00,TWR-187
9622739459,IMEI-2489524924,IMSI-8155071615,2026-07-12T03:50:00,TWR-101
9784533346,IMEI-3707681783,IMSI-5399223496,2026-07-24T15:19:00,TWR-102
9623092322,IMEI-7334352130,IMSI-2719759170,2026-08-02T07:55:00,TWR-117
9218695154,IMEI-6064697905,IMSI-4183599345,2026-08-21T18:24:00,TWR-189
9395008160,IMEI-5776559744,IMSI-6993638729,2026-08-03T14:52:00,TWR-176
9504320487,IMEI-1180459724,IMSI-0551601282,2026-08-13T14:42:00,TWR-170
9673417670,IMEI-3599122529,IMSI-4431934080,2026-08-20T06:38:00,TWR-154
9526824044,IMEI-1327895693,IMSI-4016492938,2026-07-28T21:22:00,TWR-124
9391101258,IMEI-8216786993,IMSI-1748026884,2026-08-20T18:28:00,TWR-134
9568945147,IMEI-3313579640,IMSI-8087521525,2026-07-12T05:44:00,TWR-173
9745052567,IMEI-1085256551,IMSI-6715474696,2026-07-20T21:22:00,TWR-159
9175658769,IMEI-8543351535,IMSI-7093605695,2026-07-31T20:38:00,TWR-113
9169655864,IMEI-1253979739,IMSI-7565164348,2026-07-20T23:34:00,TWR-143
9386896000,IMEI-4962986758,IMSI-2471331430,2026-07-09T08:31:00,TWR-107
9524486938,IMEI-7566819896,IMSI-3731294120,2026-08-05T23:51:00,TWR-147
9745052567,IMEI-1085256551,IMSI-6715474696,2026-07-11T22:05:00,TWR-184
9564099477,IMEI-4600243004,IMSI-2936944846,2026-07-21T15:16:00,TWR-122
9024452049,IMEI-0117104429,IMSI-7473374490,2026-07-17T12:50:00,TWR-132
9343853185,IMEI-4745057705,IMSI-1437353221,2026-07-12T17:30:00,TWR-154
9677217388,IMEI-8717105032,IMSI-9266491300,2026-07-18T00:32:00,TWR-127
9514716369,IMEI-5142856644,IMSI-6005250896,2026-07-31T07:18:00,TWR-133
9207971522,IMEI-7443674400,IMSI-3923742160,2026-08-21T16:04:00,TWR-177
9511976381,IMEI-3341338675,IMSI-7153516453,2026-08-22T11:34:00,TWR-159
9336062305,IMEI-9695468778,IMSI-0723325237,2026-07-07T15:19:00,TWR-106
9063565541,IMEI-4503922894,IMSI-0868594593,2026-08-12T16:43:00,TWR-150
9712239771,IMEI-6711935640,IMSI-2848165980,2026-08-02T20:22:00,TWR-106
9834444548,IMEI-9012308721,IMSI-9432604048,2026-07-05T17:05:00,TWR-122
9745386561,IMEI-8716172764,IMSI-9174333986,2026-07-14T10:56:00,TWR-146
9468692379,IMEI-2857946562,IMSI-6720847286,2026-07-26T13:20:00,TWR-159
9353907400,IMEI-6539442892,IMSI-8146537124,2026-07-18T22:26:00,TWR-170
9406125313,IMEI-3748359350,IMSI-1107966250,2026-07-26T08:16:00,TWR-108
9731033395,IMEI-1123291676,IMSI-2226558836,2026-08-01T16:06:00,TWR-184
9859713678,IMEI-7927657928,IMSI-4020734838,2026-07-29T21:47:00,TWR-136
9032926051,IMEI-6529088324,IMSI-0974431797,2026-07-24T15:43:00,TWR-138
9428025968,IMEI-5595534505,IMSI-3593963620,2026-07-25T13:31:00,TWR-135
9736840619,IMEI-3896393685,IMSI-6630274421,2026-08-15T21:42:00,TWR-118
9432465738,IMEI-0924989559,IMSI-1988818494,2026-08-13T04:11:00,TWR-129
9619076686,IMEI-1335653577,IMSI-8379754571,2026-08-05T09:27:00,TWR-119
9271401903,IMEI-6762506365,IMSI-5207343348,2026-08-04T07:23:00,TWR-106
9586623614,IMEI-0887771598,IMSI-3568398545,2026-08-14T03:52:00,TWR-178
9572427103,IMEI-5634470338,IMSI-3624256035,2026-07-29T11:17:00,TWR-170
9858539967,IMEI-7042897596,IMSI-6506683459,2026-07-17T23:18:00,TWR-179
9819729399,IMEI-2301615059,IMSI-4636655283,2026-07-26T00:52:00,TWR-114
9204267814,IMEI-0513626020,IMSI-6541552734,2026-07-15T01:34:00,TWR-138
9123825217,IMEI-7188595163,IMSI-9914575113,2026-07-11T00:39:00,TWR-103
9603424007,IMEI-9402555841,IMSI-7440544843,2026-07-10T14:47:00,TWR-196
9905802164,IMEI-7145647193,IMSI-1216365150,2026-08-14T03:40:00,TWR-192
9386371955,IMEI-8017438478,IMSI-8294768629,2026-08-17T08:48:00,TWR-188
9031225357,IMEI-2401507627,IMSI-0587460249,2026-07-11T07:16:00,TWR-111
9481103002,IMEI-9245884068,IMSI-4734229256,2026-07-27T06:27:00,TWR-145
9249363568,IMEI-6811582771,IMSI-8163263195,2026-08-05T17:32:00,TWR-185
9279542355,IMEI-8653995504,IMSI-5601123392,2026-07-12T06:25:00,TWR-199
9983519002,IMEI-7347125783,IMSI-6385958878,2026-07-21T02:09:00,TWR-151
9113894274,IMEI-2146302492,IMSI-0540358963,2026-07-29T07:09:00,TWR-166
9364540204,IMEI-7194965681,IMSI-8534759259,2026-08-09T15:38:00,TWR-123
9098471173,IMEI-7271949408,IMSI-1881818368,2026-08-23T21:10:00,TWR-129
9785939510,IMEI-9982973259,IMSI-4386805117,2026-07-21T23:05:00,TWR-149
9383027006,IMEI-4725949493,IMSI-6588641393,2026-08-14T02:16:00,TWR-119
9183586783,IMEI-1124328676,IMSI-4812458623,2026-08-01T18:12:00,TWR-100
9295361047,IMEI-1434102396,IMSI-8150726368,2026-07-11T00:25:00,TWR-119
9198393549,IMEI-3816300190,IMSI-6270974989,2026-08-17T04:18:00,TWR-185
9892195305,IMEI-3482362498,IMSI-1721450403,2026-08-26T15:50:00,TWR-114
9431862585,IMEI-9189450515,IMSI-3486330131,2026-07-29T00:11:00,TWR-153
9013502707,IMEI-7216113408,IMSI-9257382205,2026-08-19T18:24:00,TWR-117
9805634296,IMEI-6869960327,IMSI-4548720395,2026-07-15T09:48:00,TWR-104
9704583586,IMEI-5888293752,IMSI-2725537131,2026-08-16T16:43:00,TWR-103
9568945147,IMEI-3313579640,IMSI-8087521525,2026-08-06T19:38:00,TWR-140
9951468336,IMEI-9833539850,IMSI-4324092769,2026-07-31T11:21:00,TWR-143
9857618754,IMEI-3804104516,IMSI-6750827644,2026-08-26T08:31:00,TWR-186
9476913647,IMEI-4739402259,IMSI-5182879172,2026-07-27T21:00:00,TWR-193
9007836490,IMEI-9378517721,IMSI-2518565840,2026-08-19T18:40:00,TWR-151
9388850469,IMEI-4386804296,IMSI-9841550156,2026-07-16T14:04:00,TWR-171
9616289158,IMEI-6168573146,IMSI-5464383581,2026-07-03T21:28:00,TWR-167
9992023872,IMEI-6123307024,IMSI-3912797421,2026-08-06T03:06:00,TWR-198
9597685625,IMEI-4686630566,IMSI-6009527101,2026-08-02T05:24:00,TWR-140
9337468903,IMEI-4363232160,IMSI-4719981838,2026-08-21T07:45:00,TWR-120
9137678825,IMEI-2620552136,IMSI-7994288521,2026-07-04T20:08:00,TWR-114
9453985457,IMEI-7011184507,IMSI-0842416682,2026-08-24T20:57:00,TWR-130
9249363568,IMEI-6811582771,IMSI-8163263195,2026-08-28T08:07:00,TWR-110
9622739459,IMEI-2489524924,IMSI-8155071615,2026-07-14T09:55:00,TWR-150
9328566276,IMEI-4171456569,IMSI-4413361718,2026-07-26T05:45:00,TWR-164
9451862998,IMEI-9724228223,IMSI-1335168885,2026-07-19T14:03:00,TWR-199
9820738580,IMEI-2072111637,IMSI-2740076038,2026-07-03T00:41:00,TWR-166
9792178365,IMEI-5340830680,IMSI-1385621710,2026-07-20T02:17:00,TWR-150
9098713669,IMEI-0583990102,IMSI-7629708285,2026-08-15T03:48:00,TWR-135
9810056905,IMEI-3083767968,IMSI-2907631778,2026-07-31T08:45:00,TWR-185
9542905882,IMEI-2439012781,IMSI-6734354004,2026-07-23T15:23:00,TWR-133
9814488986,IMEI-8402450836,IMSI-9997976132,2026-08-06T22:14:00,TWR-184
9651614051,IMEI-8947014715,IMSI-1840697069,2026-07-13T01:00:00,TWR-120
9327371243,IMEI-0706366806,IMSI-9463467046,2026-08-22T23:16:00,TWR-121
9736840619,IMEI-3896393685,IMSI-6630274421,2026-07-12T16:37:00,TWR-159
9485267539,IMEI-9023724787,IMSI-3090571081,2026-07-11T08:29:00,TWR-117
9487170800,IMEI-6019750957,IMSI-0955113744,2026-08-01T12:57:00,TWR-139
9666442915,IMEI-0804775625,IMSI-2115641857,2026-08-19T07:38:00,TWR-167
9328742878,IMEI-0159171950,IMSI-9753393771,2026-08-07T11:53:00,TWR-176
9533492995,IMEI-3442653754,IMSI-7225620982,2026-07-26T17:11:00,TWR-180
9977288139,IMEI-2789519384,IMSI-6777642602,2026-07-20T14:47:00,TWR-103
9328566276,IMEI-4171456569,IMSI-4413361718,2026-08-23T17:56:00,TWR-113
9727226471,IMEI-0422532958,IMSI-5584133490,2026-07-28T17:06:00,TWR-183
9829662079,IMEI-1297462206,IMSI-1511941598,2026-07-17T02:44:00,TWR-103
9664047688,IMEI-3388845271,IMSI-7498474746,2026-07-29T16:17:00,TWR-101
9514716369,IMEI-5142856644,IMSI-6005250896,2026-08-15T10:18:00,TWR-159
9834826825,IMEI-8904044044,IMSI-0708861395,2026-07-19T15:10:00,TWR-134
9258558771,IMEI-4852639918,IMSI-4130973827,2026-07-20T00:05:00,TWR-106
9983142650,IMEI-9388404548,IMSI-4148752876,2026-07-07T22:15:00,TWR-159
9432473370,IMEI-4360642625,IMSI-9597368029,2026-08-03T05:11:00,TWR-169
9891712996,IMEI-2417841663,IMSI-9782591182,2026-07-24T14:55:00,TWR-127
9925714244,IMEI-8425782495,IMSI-6750866870,2026-07-28T20:27:00,TWR-101
9623121500,IMEI-0108792131,IMSI-6877336484,2026-08-03T00:31:00,TWR-121
9451862998,IMEI-9724228223,IMSI-1335168885,2026-08-05T19:51:00,TWR-181
9481010893,IMEI-2446511237,IMSI-7094747437,2026-08-11T13:47:00,TWR-107
9339899280,IMEI-3287756597,IMSI-4213052281,2026-08-20T18:50:00,TWR-190
9539773000,IMEI-5872840441,IMSI-8768199416,2026-08-27T18:41:00,TWR-155
9664047688,IMEI-3388845271,IMSI-7498474746,2026-08-25T06:22:00,TWR-100
9691975020,IMEI-0423872955,IMSI-5976317406,2026-08-19T13:59:00,TWR-126
9323048675,IMEI-0866984245,IMSI-7340621185,2026-07-26T01:58:00,TWR-124
9349613120,IMEI-7120450068,IMSI-1755976326,2026-08-26T03:23:00,TWR-189
9274004854,IMEI-9737389873,IMSI-7649661283,2026-08-21T04:56:00,TWR-174
9065105025,IMEI-8111943039,IMSI-7328722369,2026-07-18T02:54:00,TWR-179
9453985457,IMEI-7011184507,IMSI-0842416682,2026-08-16T08:45:00,TWR-152
9395008160,IMEI-5776559744,IMSI-6993638729,2026-07-27T22:28:00,TWR-184
9127592756,IMEI-6579567866,IMSI-0570393439,2026-08-25T13:00:00,TWR-101
9108870955,IMEI-9681629163,IMSI-6874905123,2026-07-07T01:37:00,TWR-190
9714201071,IMEI-1215109801,IMSI-4981486433,2026-08-18T02:22:00,TWR-153
9343853185,IMEI-4745057705,IMSI-1437353221,2026-08-28T14:22:00,TWR-126
9569076123,IMEI-5183268976,IMSI-8066333014,2026-08-19T06:01:00,TWR-133
9462451088,IMEI-3829229821,IMSI-2058340063,2026-08-24T14:46:00,TWR-157
9188404618,IMEI-6930921708,IMSI-1139020279,2026-07-13T09:54:00,TWR-115
9810056905,IMEI-3083767968,IMSI-2907631778,2026-07-25T07:38:00,TWR-163
9884520326,IMEI-6766495534,IMSI-2318830436,2026-08-26T15:23:00,TWR-164
9002468794,IMEI-0645111405,IMSI-6543141086,2026-07-30T20:58:00,TWR-192
9123825217,IMEI-7188595163,IMSI-9914575113,2026-07-08T14:44:00,TWR-122
9114968431,IMEI-8769080055,IMSI-7754791819,2026-07-23T02:25:00,TWR-132
9459563596,IMEI-9620858071,IMSI-0454775407,2026-07-30T04:14:00,TWR-163
9032926051,IMEI-6529088324,IMSI-0974431797,2026-07-23T02:20:00,TWR-180
9573060504,IMEI-9845805713,IMSI-1269292427,2026-08-18T17:58:00,TWR-184
9089204157,IMEI-1891015126,IMSI-6860080383,2026-07-21T17:47:00,TWR-125
9428025968,IMEI-5595534505,IMSI-3593963620,2026-07-23T18:31:00,TWR-154
9127329558,IMEI-1654779888,IMSI-2383936311,2026-07-31T01:14:00,TWR-146
9339899280,IMEI-3287756597,IMSI-4213052281,2026-08-04T15:20:00,TWR-101
9517600235,IMEI-2912800533,IMSI-1250430801,2026-07-15T15:25:00,TWR-163
9328570169,IMEI-0925323625,IMSI-5711517305,2026-08-09T19:28:00,TWR-198
9384008626,IMEI-5319941821,IMSI-0420545753,2026-07-14T12:31:00,TWR-119
9983519002,IMEI-7347125783,IMSI-6385958878,2026-07-07T20:12:00,TWR-199
9576957454,IMEI-0491209123,IMSI-1300712241,2026-07-14T21:57:00,TWR-176
9137678825,IMEI-2620552136,IMSI-7994288521,2026-07-19T10:56:00,TWR-120
9933390585,IMEI-8541751229,IMSI-9861048331,2026-07-10T00:44:00,TWR-170
9614873003,IMEI-9543337149,IMSI-0980310371,2026-08-06T08:26:00,TWR-185
9249363568,IMEI-6811582771,IMSI-8163263195,2026-07-17T10:50:00,TWR-151
9691846146,IMEI-4534335948,IMSI-1752565082,2026-08-07T03:36:00,TWR-186
9891712996,IMEI-2417841663,IMSI-9782591182,2026-07-28T23:26:00,TWR-110
9683847079,IMEI-0600083514,IMSI-3429687054,2026-08-02T07:41:00,TWR-150
9564099477,IMEI-4600243004,IMSI-2936944846,2026-07-31T15:50:00,TWR-138
9884354408,IMEI-7604202714,IMSI-6855329343,2026-08-28T17:07:00,TWR-150
9460888817,IMEI-5330290345,IMSI-1245471517,2026-08-15T16:11:00,TWR-173
9586623614,IMEI-0887771598,IMSI-3568398545,2026-07-18T17:26:00,TWR-176
9404914720,IMEI-4090015656,IMSI-1193307735,2026-08-06T04:43:00,TWR-175
9320016462,IMEI-8797199572,IMSI-9747405916,2026-07-02T11:04:00,TWR-199
9597122314,IMEI-8709746261,IMSI-0634704633,2026-07-05T10:46:00,TWR-125
9384008626,IMEI-5319941821,IMSI-0420545753,2026-07-22T00:22:00,TWR-185
9258558771,IMEI-4852639918,IMSI-4130973827,2026-07-03T17:11:00,TWR-151
9602015781,IMEI-0884446931,IMSI-7201987789,2026-07-11T22:03:00,TWR-199
9691846146,IMEI-4534335948,IMSI-1752565082,2026-08-04T13:42:00,TWR-187
9315946182,IMEI-6030513471,IMSI-7062121670,2026-08-15T00:48:00,TWR-146
9992023872,IMEI-6123307024,IMSI-3912797421,2026-08-02T03:53:00,TWR-189
9673417670,IMEI-3599122529,IMSI-4431934080,2026-07-31T16:59:00,TWR-100
9955906003,IMEI-1668929709,IMSI-5340833279,2026-07-05T17:43:00,TWR-149
9736840619,IMEI-3896393685,IMSI-6630274421,2026-07-06T19:02:00,TWR-123
9955906003,IMEI-1668929709,IMSI-5340833279,2026-07-21T10:15:00,TWR-124
9052248897,IMEI-9323304340,IMSI-9102154726,2026-07-07T05:03:00,TWR-191
9470138106,IMEI-7288837831,IMSI-4527084198,2026-07-26T14:20:00,TWR-131
9566917456,IMEI-2146515992,IMSI-4568631912,2026-07-23T04:44:00,TWR-175
9028267486,IMEI-0990287722,IMSI-1904848888,2026-07-19T01:25:00,TWR-198
9476572146,IMEI-8991515020,IMSI-7841629692,2026-07-05T08:38:00,TWR-148
9295361047,IMEI-1434102396,IMSI-8150726368,2026-07-02T17:39:00,TWR-195
9119797995,IMEI-5706195678,IMSI-2254105709,2026-08-10T14:28:00,TWR-131
9308845429,IMEI-7694229206,IMSI-6769302918,2026-08-28T11:18:00,TWR-112
9814631059,IMEI-4248529289,IMSI-4803891302,2026-07-01T17:41:00,TWR-156
9279052515,IMEI-2148512002,IMSI-7153600683,2026-08-05T23:33:00,TWR-195
9182077024,IMEI-1066626490,IMSI-1408953371,2026-07-22T01:23:00,TWR-105
9662883030,IMEI-9793759340,IMSI-0978942284,2026-08-28T16:14:00,TWR-189
9404914720,IMEI-4090015656,IMSI-1193307735,2026-07-08T13:28:00,TWR-154
9396454436,IMEI-9562527096,IMSI-8818089029,2026-08-26T04:14:00,TWR-185
9983671609,IMEI-9158653821,IMSI-6422000383,2026-08-18T02:44:00,TWR-141
9327371243,IMEI-0706366806,IMSI-9463467046,2026-08-23T16:16:00,TWR-137
9481010893,IMEI-2446511237,IMSI-7094747437,2026-08-03T20:08:00,TWR-132
9676650588,IMEI-2535874395,IMSI-7029071889,2026-07-08T22:35:00,TWR-116
9148804543,IMEI-3346908625,IMSI-8564869470,2026-07-31T10:37:00,TWR-109
9253232817,IMEI-7487857624,IMSI-6021549849,2026-07-07T00:02:00,TWR-155
9793735024,IMEI-1156568196,IMSI-6997607466,2026-07-07T03:41:00,TWR-175
9482868447,IMEI-9645744869,IMSI-4659880035,2026-07-14T01:23:00,TWR-166
9543282721,IMEI-2316776096,IMSI-0198078830,2026-08-05T09:13:00,TWR-189
9841230544,IMEI-3688762066,IMSI-0985232117,2026-07-28T20:08:00,TWR-115
9961618335,IMEI-5752734493,IMSI-8298823460,2026-08-25T07:14:00,TWR-138
9757105317,IMEI-9808886408,IMSI-4613420403,2026-07-19T01:49:00,TWR-137
9691846146,IMEI-4534335948,IMSI-1752565082,2026-08-13T16:09:00,TWR-114
9993223299,IMEI-5377169903,IMSI-7137375657,2026-07-03T23:21:00,TWR-164
9986505771,IMEI-8019888819,IMSI-9753679669,2026-08-06T04:48:00,TWR-120
9977288139,IMEI-2789519384,IMSI-6777642602,2026-07-25T23:34:00,TWR-138
9014685172,IMEI-5531176811,IMSI-1537511506,2026-08-16T16:34:00,TWR-127
9559321940,IMEI-7522970723,IMSI-5449490568,2026-08-02T15:34:00,TWR-134
9199512086,IMEI-5121587690,IMSI-5876472024,2026-07-26T14:14:00,TWR-105
9339899280,IMEI-3287756597,IMSI-4213052281,2026-07-23T00:04:00,TWR-186
9271401903,IMEI-6762506365,IMSI-5207343348,2026-08-04T10:15:00,TWR-125
9406454159,IMEI-5200339415,IMSI-3882619019,2026-07-15T11:51:00,TWR-120
9935410186,IMEI-0217850370,IMSI-4402377551,2026-08-23T02:09:00,TWR-181
9248477233,IMEI-6563078851,IMSI-9115160463,2026-08-17T04:27:00,TWR-106
9967287288,IMEI-5531865775,IMSI-1917546621,2026-07-17T08:11:00,TWR-193
9193850480,IMEI-4056396030,IMSI-7869040491,2026-07-23T16:47:00,TWR-171
9814488986,IMEI-8402450836,IMSI-9997976132,2026-07-19T12:44:00,TWR-161
9655734481,IMEI-8354977365,IMSI-9857964228,2026-08-15T02:53:00,TWR-147
9394154958,IMEI-2375652077,IMSI-1613137018,2026-08-14T08:06:00,TWR-129
9681618901,IMEI-2181045410,IMSI-0926719862,2026-08-08T08:22:00,TWR-194
9892195305,IMEI-3482362498,IMSI-1721450403,2026-07-26T22:13:00,TWR-198
9235973021,IMEI-2583943185,IMSI-8616009985,2026-07-11T22:40:00,TWR-179
9720831826,IMEI-3676577295,IMSI-6888150973,2026-08-28T00:20:00,TWR-124
9349060795,IMEI-4832570734,IMSI-5208503516,2026-08-08T17:23:00,TWR-195
9084209783,IMEI-7684964261,IMSI-7877783732,2026-07-24T18:49:00,TWR-163
9872545071,IMEI-3791005065,IMSI-5582109795,2026-07-23T03:50:00,TWR-195
9526824044,IMEI-1327895693,IMSI-4016492938,2026-07-27T03:16:00,TWR-158
9472817397,IMEI-3943536741,IMSI-5980622656,2026-07-05T15:37:00,TWR-119
9213278016,IMEI-4465904654,IMSI-5277064654,2026-07-26T04:18:00,TWR-102
9251924510,IMEI-7177124242,IMSI-2693810245,2026-07-14T17:37:00,TWR-181
9213633365,IMEI-6550090413,IMSI-3490436468,2026-07-03T18:18:00,TWR-123
9427417325,IMEI-5938717264,IMSI-1756444119,2026-07-21T02:42:00,TWR-187
9657812846,IMEI-9765732617,IMSI-8249332885,2026-07-25T09:53:00,TWR-113
9876010337,IMEI-0268803862,IMSI-7368018006,2026-07-30T05:14:00,TWR-118
9375742874,IMEI-3310813747,IMSI-0244709152,2026-08-21T07:04:00,TWR-113
9884354408,IMEI-7604202714,IMSI-6855329343,2026-07-17T15:49:00,TWR-177
9163673270,IMEI-3007180897,IMSI-4404020975,2026-08-18T07:20:00,TWR-106
9623871285,IMEI-9142445182,IMSI-9509197389,2026-07-06T07:20:00,TWR-146
9707711861,IMEI-5444624745,IMSI-4241977022,2026-08-26T01:27:00,TWR-117
9402438050,IMEI-2411119216,IMSI-4050734844,2026-08-19T21:20:00,TWR-106
9308845429,IMEI-7694229206,IMSI-6769302918,2026-07-19T05:32:00,TWR-181
9001971594,IMEI-0493528240,IMSI-8232834601,2026-08-08T08:19:00,TWR-193
9623121500,IMEI-0108792131,IMSI-6877336484,2026-08-30T02:20:00,TWR-124
9692552797,IMEI-1764458848,IMSI-3966457784,2026-08-11T06:50:00,TWR-179
9992206411,IMEI-9575813014,IMSI-2848717749,2026-07-30T13:13:00,TWR-108
9615796546,IMEI-6950112498,IMSI-4491718898,2026-08-25T11:27:00,TWR-174
9015589230,IMEI-4892447397,IMSI-2920650602,2026-08-18T10:00:00,TWR-184
9707711861,IMEI-5444624745,IMSI-4241977022,2026-07-23T01:08:00,TWR-169
9764126252,IMEI-0304481099,IMSI-2491992121,2026-07-16T20:59:00,TWR-143
9681618901,IMEI-2181045410,IMSI-0926719862,2026-07-06T04:56:00,TWR-119
9527246581,IMEI-0569622581,IMSI-1016823223,2026-07-12T13:08:00,TWR-167
9472817397,IMEI-3943536741,IMSI-5980622656,2026-07-15T22:05:00,TWR-192
9482868447,IMEI-9645744869,IMSI-4659880035,2026-07-21T17:31:00,TWR-123
9655734481,IMEI-8354977365,IMSI-9857964228,2026-08-11T23:45:00,TWR-181
9406125313,IMEI-3748359350,IMSI-1107966250,2026-08-21T20:32:00,TWR-195
9352364431,IMEI-3618044238,IMSI-2314274818,2026-08-23T22:18:00,TWR-191
9704583586,IMEI-5888293752,IMSI-2725537131,2026-07-30T00:21:00,TWR-171
9681618901,IMEI-2181045410,IMSI-0926719862,2026-08-24T08:05:00,TWR-122
9868498624,IMEI-7637483850,IMSI-9494004591,2026-07-06T07:17:00,TWR-138
9954882339,IMEI-9986404688,IMSI-6508308241,2026-07-20T05:26:00,TWR-146
9960574125,IMEI-3834356980,IMSI-0974141228,2026-08-09T12:59:00,TWR-133
9279542355,IMEI-8653995504,IMSI-5601123392,2026-07-08T08:04:00,TWR-169
9213297993,IMEI-5483442574,IMSI-1946987605,2026-08-11T13:49:00,TWR-153
9084209783,IMEI-7684964261,IMSI-7877783732,2026-07-19T01:49:00,TWR-150
9551393227,IMEI-5780546754,IMSI-2445620930,2026-07-12T12:02:00,TWR-160
9837704899,IMEI-4192096614,IMSI-3926697381,2026-07-24T10:55:00,TWR-106
9222717235,IMEI-7219658148,IMSI-5782307767,2026-07-07T04:25:00,TWR-125
9343853185,IMEI-4745057705,IMSI-1437353221,2026-07-13T01:56:00,TWR-108
9163673270,IMEI-3007180897,IMSI-4404020975,2026-08-01T11:09:00,TWR-176
9024452049,IMEI-0117104429,IMSI-7473374490,2026-07-19T15:15:00,TWR-144
9432789553,IMEI-7581615382,IMSI-6059787584,2026-07-16T18:22:00,TWR-119
9035922148,IMEI-2224625802,IMSI-9359009204,2026-07-29T14:38:00,TWR-135
9835358094,IMEI-4314635019,IMSI-0245519763,2026-08-27T19:29:00,TWR-119
9662883030,IMEI-9793759340,IMSI-0978942284,2026-07-10T21:57:00,TWR-167
9658966573,IMEI-5717676475,IMSI-7649468920,2026-08-02T16:55:00,TWR-100
9032926051,IMEI-6529088324,IMSI-0974431797,2026-08-28T17:05:00,TWR-108
9620805495,IMEI-9798503611,IMSI-7553029147,2026-07-30T13:43:00,TWR-197
9472817397,IMEI-3943536741,IMSI-5980622656,2026-08-30T07:43:00,TWR-132
9784533346,IMEI-3707681783,IMSI-5399223496,2026-08-13T11:51:00,TWR-154
9968318989,IMEI-2473063861,IMSI-6996267363,2026-08-10T10:04:00,TWR-111
9656939039,IMEI-1635032031,IMSI-7154819630,2026-07-04T09:02:00,TWR-110
9113894274,IMEI-2146302492,IMSI-0540358963,2026-08-14T23:29:00,TWR-172
9353907400,IMEI-6539442892,IMSI-8146537124,2026-07-02T05:43:00,TWR-137
9271253582,IMEI-9510152690,IMSI-1089208945,2026-07-14T15:06:00,TWR-134
9834003292,IMEI-0343459429,IMSI-7047464601,2026-07-21T03:16:00,TWR-172
9661642277,IMEI-5076705064,IMSI-3132738024,2026-08-23T16:17:00,TWR-184
9951468336,IMEI-9833539850,IMSI-4324092769,2026-07-06T05:02:00,TWR-177
9626296040,IMEI-8392209518,IMSI-3728872159,2026-07-02T18:37:00,TWR-129
9868498624,IMEI-7637483850,IMSI-9494004591,2026-07-28T08:37:00,TWR-152
9784541701,IMEI-4794903435,IMSI-6935154833,2026-08-06T00:43:00,TWR-168
9222717235,IMEI-7219658148,IMSI-5782307767,2026-07-15T11:20:00,TWR-153
9858539967,IMEI-7042897596,IMSI-6506683459,2026-08-09T20:38:00,TWR-159
9705629519,IMEI-5783109870,IMSI-4275222475,2026-07-07T14:55:00,TWR-109
9808579845,IMEI-8087040989,IMSI-5392371679,2026-07-29T18:19:00,TWR-166
9615796546,IMEI-6950112498,IMSI-4491718898,2026-07-05T12:13:00,TWR-189
9078522433,IMEI-7634964095,IMSI-5330377572,2026-08-27T02:04:00,TWR-124
9169655864,IMEI-1253979739,IMSI-7565164348,2026-07-25T06:52:00,TWR-195
9257114068,IMEI-4399357731,IMSI-1672099153,2026-08-02T10:13:00,TWR-172
9781338414,IMEI-2700824663,IMSI-5397043081,2026-07-28T22:19:00,TWR-134
9290816302,IMEI-2542781927,IMSI-4339504550,2026-08-15T22:03:00,TWR-130
9897114683,IMEI-8939275552,IMSI-7241239884,2026-07-04T17:31:00,TWR-125
9525089424,IMEI-6171533701,IMSI-0320153741,2026-07-08T23:34:00,TWR-196
9974168056,IMEI-5341386308,IMSI-8950482854,2026-07-17T02:56:00,TWR-196
9067973962,IMEI-3210762736,IMSI-8552134527,2026-07-21T08:02:00,TWR-103
9963616536,IMEI-0981470934,IMSI-9638556417,2026-07-22T05:59:00,TWR-168
9293480844,IMEI-8568759131,IMSI-1147789695,2026-08-26T00:08:00,TWR-119
9070145149,IMEI-8528550318,IMSI-1707109883,2026-08-02T18:22:00,TWR-125
9584242489,IMEI-3711761377,IMSI-6896549459,2026-08-26T05:23:00,TWR-113
9469763439,IMEI-0852973859,IMSI-7754398944,2026-07-05T00:16:00,TWR-180
9089204157,IMEI-1891015126,IMSI-6860080383,2026-07-27T07:56:00,TWR-179
9406125313,IMEI-3748359350,IMSI-1107966250,2026-07-08T02:45:00,TWR-162
9472817397,IMEI-3943536741,IMSI-5980622656,2026-07-09T20:41:00,TWR-166
9327888369,IMEI-7698981986,IMSI-6354953088,2026-07-11T20:17:00,TWR-194
9468748835,IMEI-5361336908,IMSI-4651458287,2026-07-10T11:27:00,TWR-170
9525089424,IMEI-6171533701,IMSI-0320153741,2026-07-20T10:25:00,TWR-142
9485847011,IMEI-3616414782,IMSI-7156462613,2026-08-01T08:10:00,TWR-107
9863626383,IMEI-3156686324,IMSI-3105190338,2026-07-03T09:54:00,TWR-197
9188180702,IMEI-9453874896,IMSI-7885652348,2026-08-27T02:02:00,TWR-196
9954882339,IMEI-9986404688,IMSI-6508308241,2026-07-14T15:57:00,TWR-191
9623871285,IMEI-9142445182,IMSI-9509197389,2026-08-02T11:38:00,TWR-156
9193547286,IMEI-2535910972,IMSI-2576563321,2026-08-23T04:18:00,TWR-149
9204267814,IMEI-0513626020,IMSI-6541552734,2026-08-27T10:56:00,TWR-101
9904220310,IMEI-2722872527,IMSI-2398195726,2026-07-14T05:58:00,TWR-151
9714322405,IMEI-2563370156,IMSI-2549786229,2026-07-21T18:20:00,TWR-169
9253232817,IMEI-7487857624,IMSI-6021549849,2026-07-10T19:48:00,TWR-127
9834826825,IMEI-8904044044,IMSI-0708861395,2026-07-13T06:34:00,TWR-160
9354125779,IMEI-3515778647,IMSI-1002319725,2026-08-04T16:16:00,TWR-134
9188180702,IMEI-9453874896,IMSI-7885652348,2026-07-23T01:02:00,TWR-135
9783601253,IMEI-5379129229,IMSI-9247577649,2026-08-28T10:12:00,TWR-140
9792178365,IMEI-5340830680,IMSI-1385621710,2026-07-20T21:47:00,TWR-136
9558401725,IMEI-9018823279,IMSI-7670102992,2026-08-18T17:23:00,TWR-106
9476572146,IMEI-8991515020,IMSI-7841629692,2026-08-08T10:13:00,TWR-136
9291560480,IMEI-6197984381,IMSI-7712208365,2026-08-01T19:21:00,TWR-132
9350335680,IMEI-5155214360,IMSI-3276562475,2026-08-29T02:53:00,TWR-129
9953419276,IMEI-5346925695,IMSI-3961747123,2026-08-08T20:01:00,TWR-105
9490684265,IMEI-6725708846,IMSI-3251399263,2026-07-16T14:00:00,TWR-141
9029380964,IMEI-1200821527,IMSI-6889099505,2026-07-25T08:03:00,TWR-128
9954882339,IMEI-9986404688,IMSI-6508308241,2026-07-31T23:33:00,TWR-105
9521820994,IMEI-2715093351,IMSI-4565984056,2026-07-16T12:17:00,TWR-144
9053036677,IMEI-5162495928,IMSI-8796626944,2026-08-03T11:05:00,TWR-148
9026804519,IMEI-6013642185,IMSI-5937328931,2026-08-26T23:01:00,TWR-124
9816663121,IMEI-9378559839,IMSI-7894632512,2026-07-27T15:16:00,TWR-124
9576172543,IMEI-0561865049,IMSI-7238415421,2026-08-21T10:09:00,TWR-177
9739047311,IMEI-6658564236,IMSI-0144725709,2026-07-24T19:10:00,TWR-130
9260628721,IMEI-9994080845,IMSI-6080368639,2026-08-27T04:34:00,TWR-134
9078522433,IMEI-7634964095,IMSI-5330377572,2026-07-19T14:33:00,TWR-118
9798271778,IMEI-6338109511,IMSI-1483709143,2026-08-04T12:16:00,TWR-111
9029380964,IMEI-1200821527,IMSI-6889099505,2026-08-25T09:43:00,TWR-112
9717964393,IMEI-1336166221,IMSI-3798227162,2026-08-10T09:03:00,TWR-111
9279052515,IMEI-2148512002,IMSI-7153600683,2026-07-23T08:21:00,TWR-161
9998681300,IMEI-1085727773,IMSI-8554311851,2026-07-15T09:56:00,TWR-104
9757105317,IMEI-9808886408,IMSI-4613420403,2026-08-08T03:52:00,TWR-151
9584242489,IMEI-3711761377,IMSI-6896549459,2026-07-24T03:43:00,TWR-191
9291807385,IMEI-6526469046,IMSI-9253759369,2026-08-02T07:48:00,TWR-164
9517600235,IMEI-2912800533,IMSI-1250430801,2026-08-12T20:04:00,TWR-145
9075311300,IMEI-4408601965,IMSI-9308588860,2026-08-15T12:29:00,TWR-101
9991205817,IMEI-9329436732,IMSI-9249137229,2026-08-04T16:19:00,TWR-172
9720831826,IMEI-3676577295,IMSI-6888150973,2026-07-30T01:02:00,TWR-165
9481905306,IMEI-0617455345,IMSI-1458866250,2026-08-11T07:15:00,TWR-105
9330434633,IMEI-6280159530,IMSI-5327982527,2026-08-15T18:31:00,TWR-150
9884354408,IMEI-7604202714,IMSI-6855329343,2026-07-13T01:54:00,TWR-186
9792178365,IMEI-5340830680,IMSI-1385621710,2026-07-28T19:27:00,TWR-102
9871873991,IMEI-0075092476,IMSI-8776904064,2026-08-11T09:54:00,TWR-169
9391101258,IMEI-8216786993,IMSI-1748026884,2026-07-30T07:26:00,TWR-119
9927033369,IMEI-7870679587,IMSI-9719498305,2026-08-14T09:42:00,TWR-160
9334017043,IMEI-6535811985,IMSI-9220383011,2026-08-26T10:45:00,TWR-180
9389276201,IMEI-6019281237,IMSI-0057483944,2026-08-23T09:52:00,TWR-195
9014685172,IMEI-5531176811,IMSI-1537511506,2026-07-22T04:36:00,TWR-151
9514716369,IMEI-5142856644,IMSI-6005250896,2026-08-03T21:29:00,TWR-151
9834826825,IMEI-8904044044,IMSI-0708861395,2026-08-11T03:00:00,TWR-132
9290816302,IMEI-2542781927,IMSI-4339504550,2026-08-05T06:36:00,TWR-107
9037548430,IMEI-3229544495,IMSI-5683183539,2026-07-06T10:29:00,TWR-147
9119689122,IMEI-4968221667,IMSI-5571547255,2026-08-15T20:13:00,TWR-103
9586623614,IMEI-0887771598,IMSI-3568398545,2026-08-29T18:52:00,TWR-113
9451862998,IMEI-9724228223,IMSI-1335168885,2026-08-07T09:55:00,TWR-126
9274004854,IMEI-9737389873,IMSI-7649661283,2026-08-23T20:43:00,TWR-145
9576957454,IMEI-0491209123,IMSI-1300712241,2026-08-01T05:26:00,TWR-151
9468349143,IMEI-3914369758,IMSI-1719948146,2026-07-28T21:05:00,TWR-103
9809362966,IMEI-6207009819,IMSI-1302045948,2026-07-06T06:03:00,TWR-161
9897114683,IMEI-8939275552,IMSI-7241239884,2026-07-28T09:37:00,TWR-172
9657812846,IMEI-9765732617,IMSI-8249332885,2026-08-24T22:54:00,TWR-176
9704583586,IMEI-5888293752,IMSI-2725537131,2026-07-31T22:05:00,TWR-132
9002978753,IMEI-9353374149,IMSI-2575451497,2026-07-13T18:41:00,TWR-161
9457706949,IMEI-5357510705,IMSI-1859824507,2026-08-17T22:04:00,TWR-146
9806584807,IMEI-3325739683,IMSI-3431450804,2026-07-30T02:25:00,TWR-144
9905802164,IMEI-7145647193,IMSI-1216365150,2026-08-14T07:18:00,TWR-153
9974168056,IMEI-5341386308,IMSI-8950482854,2026-08-25T12:49:00,TWR-140
9295361047,IMEI-1434102396,IMSI-8150726368,2026-07-02T15:46:00,TWR-125
9622739459,IMEI-2489524924,IMSI-8155071615,2026-08-08T04:48:00,TWR-183
9587103048,IMEI-7484745666,IMSI-4961482864,2026-07-20T06:40:00,TWR-168
9582938523,IMEI-2985430651,IMSI-6130510364,2026-08-11T20:58:00,TWR-116
9983519002,IMEI-7347125783,IMSI-6385958878,2026-07-01T20:47:00,TWR-171
9067351927,IMEI-4914192402,IMSI-3482142797,2026-07-16T16:49:00,TWR-148
9943604188,IMEI-6668635297,IMSI-7520017429,2026-08-24T05:24:00,TWR-144
9119689122,IMEI-4968221667,IMSI-5571547255,2026-08-17T19:58:00,TWR-104
9070145149,IMEI-8528550318,IMSI-1707109883,2026-07-24T06:03:00,TWR-121
9581891703,IMEI-5852870877,IMSI-0584119856,2026-07-21T22:10:00,TWR-119
9054186775,IMEI-9137435913,IMSI-3429537630,2026-07-08T06:32:00,TWR-193
9828083255,IMEI-5976071619,IMSI-4602339619,2026-07-23T02:13:00,TWR-167
9676650588,IMEI-2535874395,IMSI-7029071889,2026-07-14T18:50:00,TWR-141
9884520326,IMEI-6766495534,IMSI-2318830436,2026-07-25T02:14:00,TWR-106
9919108073,IMEI-7816291043,IMSI-1715663547,2026-08-08T02:45:00,TWR-168
9507598515,IMEI-5650545635,IMSI-1175969441,2026-07-14T09:30:00,TWR-113
9983671609,IMEI-9158653821,IMSI-6422000383,2026-08-26T06:38:00,TWR-196
9327371243,IMEI-0706366806,IMSI-9463467046,2026-07-21T19:20:00,TWR-166
9892195305,IMEI-3482362498,IMSI-1721450403,2026-07-09T06:24:00,TWR-117
9507598515,IMEI-5650545635,IMSI-1175969441,2026-07-18T18:14:00,TWR-124
9582184249,IMEI-3779525637,IMSI-7246178112,2026-07-30T11:52:00,TWR-195
9992023872,IMEI-6123307024,IMSI-3912797421,2026-08-04T03:14:00,TWR-160
9029380964,IMEI-1200821527,IMSI-6889099505,2026-08-29T13:08:00,TWR-123
9874249954,IMEI-4200352328,IMSI-3148847499,2026-07-08T05:38:00,TWR-148
9213278016,IMEI-4465904654,IMSI-5277064654,2026-08-03T18:23:00,TWR-151
9278250200,IMEI-3513691866,IMSI-2323998667,2026-08-05T13:13:00,TWR-172
9293480844,IMEI-8568759131,IMSI-1147789695,2026-08-06T11:52:00,TWR-177
9495481440,IMEI-7343978348,IMSI-7299004607,2026-08-02T05:49:00,TWR-102
9658966573,IMEI-5717676475,IMSI-7649468920,2026-07-26T15:35:00,TWR-178
9808594706,IMEI-0442497172,IMSI-9844344228,2026-08-28T19:44:00,TWR-138
9680479553,IMEI-8242039321,IMSI-2319158333,2026-08-25T08:41:00,TWR-125
9260628721,IMEI-9994080845,IMSI-6080368639,2026-07-12T15:29:00,TWR-166
9098471173,IMEI-7271949408,IMSI-1881818368,2026-07-29T20:32:00,TWR-124
9084209783,IMEI-7684964261,IMSI-7877783732,2026-07-19T07:53:00,TWR-147
9413409595,IMEI-9198245592,IMSI-6918675312,2026-07-07T12:00:00,TWR-186
9386896000,IMEI-4962986758,IMSI-2471331430,2026-08-29T00:44:00,TWR-134
9437723988,IMEI-4298782594,IMSI-8119107350,2026-08-11T04:54:00,TWR-133
9641445280,IMEI-6990651019,IMSI-4884701240,2026-08-13T12:20:00,TWR-182
9446485809,IMEI-8567624422,IMSI-1677292965,2026-08-29T03:46:00,TWR-126
9744013158,IMEI-0204936180,IMSI-5765546111,2026-07-03T10:22:00,TWR-171
9388850469,IMEI-4386804296,IMSI-9841550156,2026-07-30T15:40:00,TWR-187
9331760225,IMEI-6823126679,IMSI-9556657153,2026-08-01T10:48:00,TWR-165
9067973962,IMEI-3210762736,IMSI-8552134527,2026-07-10T04:42:00,TWR-175
9666442915,IMEI-0804775625,IMSI-2115641857,2026-07-30T00:26:00,TWR-136
9468748835,IMEI-5361336908,IMSI-4651458287,2026-08-27T09:51:00,TWR-100
9688853201,IMEI-4214519644,IMSI-7189901505,2026-08-09T00:48:00,TWR-179
9220969700,IMEI-2355180961,IMSI-2592684647,2026-08-04T01:18:00,TWR-155
9833390099,IMEI-7064692062,IMSI-3990213685,2026-07-06T00:26:00,TWR-113
9429522889,IMEI-3067396449,IMSI-4994327666,2026-08-21T09:54:00,TWR-165
9471958575,IMEI-4764251333,IMSI-2865780863,2026-07-31T00:32:00,TWR-144
9502624719,IMEI-5003891237,IMSI-9635494234,2026-07-17T09:25:00,TWR-197
9402438050,IMEI-2411119216,IMSI-4050734844,2026-08-17T23:16:00,TWR-110
9257827965,IMEI-6468780293,IMSI-1640945050,2026-07-11T03:05:00,TWR-143
9200139158,IMEI-0054870777,IMSI-4754723180,2026-08-07T15:25:00,TWR-140
9349613120,IMEI-7120450068,IMSI-1755976326,2026-07-22T01:20:00,TWR-130
9641643119,IMEI-9263370349,IMSI-4083002667,2026-07-21T12:28:00,TWR-100
9834826825,IMEI-8904044044,IMSI-0708861395,2026-08-23T09:49:00,TWR-169
9428025968,IMEI-5595534505,IMSI-3593963620,2026-08-06T04:44:00,TWR-141
9429522889,IMEI-3067396449,IMSI-4994327666,2026-08-29T02:46:00,TWR-166
9808594706,IMEI-0442497172,IMSI-9844344228,2026-07-11T03:53:00,TWR-108
9562679527,IMEI-5177175824,IMSI-9150100589,2026-08-17T08:30:00,TWR-153
9983171750,IMEI-4400039016,IMSI-9514991673,2026-08-20T13:35:00,TWR-141
9227813809,IMEI-6753587083,IMSI-5640922283,2026-07-31T07:43:00,TWR-148
9951468336,IMEI-9833539850,IMSI-4324092769,2026-08-21T23:30:00,TWR-119
9809362966,IMEI-6207009819,IMSI-1302045948,2026-07-30T07:54:00,TWR-117
9248477233,IMEI-6563078851,IMSI-9115160463,2026-08-09T01:47:00,TWR-138
9007309220,IMEI-6988478685,IMSI-9658803171,2026-08-11T01:21:00,TWR-159
9985200539,IMEI-9375839641,IMSI-2217792916,2026-08-21T19:52:00,TWR-143
9446485809,IMEI-8567624422,IMSI-1677292965,2026-08-10T11:13:00,TWR-109
9822745513,IMEI-0197789236,IMSI-6673910180,2026-08-18T03:59:00,TWR-138
9815172061,IMEI-7892314815,IMSI-3616881557,2026-08-15T05:15:00,TWR-173
9200375438,IMEI-4397382276,IMSI-3873692961,2026-08-12T06:19:00,TWR-161
9640649508,IMEI-3446472023,IMSI-8364758084,2026-08-23T17:07:00,TWR-170
9911135766,IMEI-8903842578,IMSI-4547717498,2026-08-24T08:57:00,TWR-115
9594924991,IMEI-3630121292,IMSI-8018351121,2026-08-29T06:22:00,TWR-173
9905828031,IMEI-0781238549,IMSI-4012237783,2026-08-07T17:56:00,TWR-176
9511976381,IMEI-3341338675,IMSI-7153516453,2026-07-28T22:41:00,TWR-141
9601311183,IMEI-0340657742,IMSI-9412347573,2026-08-24T23:23:00,TWR-172
9200234695,IMEI-3610403394,IMSI-1168400464,2026-08-13T14:00:00,TWR-142
9469763439,IMEI-0852973859,IMSI-7754398944,2026-08-10T16:51:00,TWR-105
9691975020,IMEI-0423872955,IMSI-5976317406,2026-08-01T05:09:00,TWR-188
9032926051,IMEI-6529088324,IMSI-0974431797,2026-07-27T04:49:00,TWR-186
9252995406,IMEI-4066662946,IMSI-7752976606,2026-08-14T10:16:00,TWR-151
9364540204,IMEI-7194965681,IMSI-8534759259,2026-08-11T15:20:00,TWR-138
9631036891,IMEI-7085159885,IMSI-0555365475,2026-07-09T06:10:00,TWR-119
9991205817,IMEI-9329436732,IMSI-9249137229,2026-08-30T00:29:00,TWR-104
9037548430,IMEI-3229544495,IMSI-5683183539,2026-08-20T13:33:00,TWR-105
9586592627,IMEI-9592646825,IMSI-6747179784,2026-08-07T19:27:00,TWR-196
9705629519,IMEI-5783109870,IMSI-4275222475,2026-08-29T12:17:00,TWR-140
9113894274,IMEI-2146302492,IMSI-0540358963,2026-08-06T05:46:00,TWR-174
9622469420,IMEI-7346336061,IMSI-5486402106,2026-08-07T00:31:00,TWR-115
9235973021,IMEI-2583943185,IMSI-8616009985,2026-08-15T09:05:00,TWR-137
9589598530,IMEI-7679253762,IMSI-8549930085,2026-07-01T21:10:00,TWR-161
9992557047,IMEI-1485764275,IMSI-3547588134,2026-07-12T05:04:00,TWR-168
9054186775,IMEI-9137435913,IMSI-3429537630,2026-08-10T20:19:00,TWR-199
9589598530,IMEI-7679253762,IMSI-8549930085,2026-08-26T05:34:00,TWR-132
9950780803,IMEI-7161278708,IMSI-9020949409,2026-07-29T16:15:00,TWR-176
9368290911,IMEI-2438192926,IMSI-4864644779,2026-07-19T00:15:00,TWR-155
9259995536,IMEI-9566882160,IMSI-5082497559,2026-08-30T07:30:00,TWR-180
9789162925,IMEI-6706397428,IMSI-9039846625,2026-08-19T05:56:00,TWR-196
9991205817,IMEI-9329436732,IMSI-9249137229,2026-07-03T12:28:00,TWR-182
9241105711,IMEI-9803656515,IMSI-7082186948,2026-08-06T10:14:00,TWR-133
9257827965,IMEI-6468780293,IMSI-1640945050,2026-08-24T15:59:00,TWR-129
9801970920,IMEI-1292012637,IMSI-1135753950,2026-08-18T19:08:00,TWR-132
9905802164,IMEI-7145647193,IMSI-1216365150,2026-07-21T22:43:00,TWR-110
9677217388,IMEI-8717105032,IMSI-9266491300,2026-08-06T08:42:00,TWR-130
9586623614,IMEI-0887771598,IMSI-3568398545,2026-07-15T15:32:00,TWR-138
9525089424,IMEI-6171533701,IMSI-0320153741,2026-07-05T22:29:00,TWR-180
9819709768,IMEI-9605408796,IMSI-3200654811,2026-08-01T05:30:00,TWR-185
9476913647,IMEI-4739402259,IMSI-5182879172,2026-08-11T21:06:00,TWR-178
9207971522,IMEI-7443674400,IMSI-3923742160,2026-08-19T20:38:00,TWR-176
9816663121,IMEI-9378559839,IMSI-7894632512,2026-08-16T08:45:00,TWR-108
9582184249,IMEI-3779525637,IMSI-7246178112,2026-07-14T05:33:00,TWR-159
9088410525,IMEI-2404699364,IMSI-7683056527,2026-07-15T12:48:00,TWR-143
9750044653,IMEI-5285840303,IMSI-4825043815,2026-07-20T03:39:00,TWR-125
9383027006,IMEI-4725949493,IMSI-6588641393,2026-08-14T15:47:00,TWR-169
9974178400,IMEI-3032999856,IMSI-7707871191,2026-08-29T10:18:00,TWR-131
9707711861,IMEI-5444624745,IMSI-4241977022,2026-07-06T02:58:00,TWR-125
9024707036,IMEI-7347992008,IMSI-2888843616,2026-07-26T01:20:00,TWR-100
9471958575,IMEI-4764251333,IMSI-2865780863,2026-08-14T23:14:00,TWR-177
9266407928,IMEI-1315633685,IMSI-6515307291,2026-07-22T00:20:00,TWR-196
9582184249,IMEI-3779525637,IMSI-7246178112,2026-08-02T18:53:00,TWR-158
9048233130,IMEI-7341196897,IMSI-1521336548,2026-08-03T10:41:00,TWR-153
9886247321,IMEI-3732677445,IMSI-6782052055,2026-07-23T22:55:00,TWR-186
9562254266,IMEI-9002034944,IMSI-5089706326,2026-08-17T13:47:00,TWR-169
9582184249,IMEI-3779525637,IMSI-7246178112,2026-08-16T08:10:00,TWR-135
9469763439,IMEI-0852973859,IMSI-7754398944,2026-08-15T00:08:00,TWR-131
9707711861,IMEI-5444624745,IMSI-4241977022,2026-08-08T03:33:00,TWR-161
9167649836,IMEI-3998783293,IMSI-5271989094,2026-08-30T08:18:00,TWR-113
9620805495,IMEI-9798503611,IMSI-7553029147,2026-08-02T07:14:00,TWR-134
9768160718,IMEI-6553496821,IMSI-9218665983,2026-07-01T16:37:00,TWR-121
9476913647,IMEI-4739402259,IMSI-5182879172,2026-07-11T09:32:00,TWR-135
9095950087,IMEI-6408982926,IMSI-3137052971,2026-08-23T10:02:00,TWR-139
9623068655,IMEI-6533395065,IMSI-3803435764,2026-07-15T05:11:00,TWR-105
9615796546,IMEI-6950112498,IMSI-4491718898,2026-07-11T11:51:00,TWR-179
9552337763,IMEI-2098944971,IMSI-9920649298,2026-08-29T06:26:00,TWR-118
9797449946,IMEI-6504289074,IMSI-8867604255,2026-08-24T04:16:00,TWR-160
9992557047,IMEI-1485764275,IMSI-3547588134,2026-07-15T07:27:00,TWR-166
9253232817,IMEI-7487857624,IMSI-6021549849,2026-07-19T18:14:00,TWR-190
9293480844,IMEI-8568759131,IMSI-1147789695,2026-07-05T04:38:00,TWR-174
9983671609,IMEI-9158653821,IMSI-6422000383,2026-08-08T22:25:00,TWR-173
9347052967,IMEI-5448119712,IMSI-9901365634,2026-07-17T10:12:00,TWR-127
9562679527,IMEI-5177175824,IMSI-9150100589,2026-07-12T15:54:00,TWR-192
9673417670,IMEI-3599122529,IMSI-4431934080,2026-07-22T22:49:00,TWR-188
9057062130,IMEI-1891539968,IMSI-6848322961,2026-07-22T09:06:00,TWR-159
9911135766,IMEI-8903842578,IMSI-4547717498,2026-07-24T03:23:00,TWR-116
9279052515,IMEI-2148512002,IMSI-7153600683,2026-08-07T13:34:00,TWR-143
9222717235,IMEI-7219658148,IMSI-5782307767,2026-08-23T06:07:00,TWR-191
9366850427,IMEI-4191750603,IMSI-7365428640,2026-08-22T13:00:00,TWR-105
9861985877,IMEI-9327146095,IMSI-9462811342,2026-07-03T09:06:00,TWR-139
9623701950,IMEI-1007524639,IMSI-3459351007,2026-08-22T00:48:00,TWR-182
9328570169,IMEI-0925323625,IMSI-5711517305,2026-07-11T02:44:00,TWR-139
9419499003,IMEI-4927002694,IMSI-4402857394,2026-07-15T17:34:00,TWR-171
9988853930,IMEI-2215295848,IMSI-3024275776,2026-07-19T16:42:00,TWR-142
9476913647,IMEI-4739402259,IMSI-5182879172,2026-07-06T09:33:00,TWR-124
9217455501,IMEI-5978749003,IMSI-2792413289,2026-07-15T06:55:00,TWR-142
9457706949,IMEI-5357510705,IMSI-1859824507,2026-08-19T06:24:00,TWR-136
9472817397,IMEI-3943536741,IMSI-5980622656,2026-07-31T21:30:00,TWR-168
9220969700,IMEI-2355180961,IMSI-2592684647,2026-07-06T07:20:00,TWR-150
9088410525,IMEI-2404699364,IMSI-7683056527,2026-08-08T01:07:00,TWR-172
9050884189,IMEI-6360726241,IMSI-5947857176,2026-08-29T02:48:00,TWR-199
9113920361,IMEI-3360587270,IMSI-9912359751,2026-08-05T12:48:00,TWR-118
9153514440,IMEI-2811772442,IMSI-9051485715,2026-08-06T01:48:00,TWR-171
9808579845,IMEI-8087040989,IMSI-5392371679,2026-08-04T17:20:00,TWR-154
9556161246,IMEI-9232058172,IMSI-6240572973,2026-07-26T01:05:00,TWR-156
9828083255,IMEI-5976071619,IMSI-4602339619,2026-07-24T21:37:00,TWR-120
9257114068,IMEI-4399357731,IMSI-1672099153,2026-07-25T03:49:00,TWR-109
9404914720,IMEI-4090015656,IMSI-1193307735,2026-07-04T11:19:00,TWR-164
9031225357,IMEI-2401507627,IMSI-0587460249,2026-07-08T10:19:00,TWR-117
9576957454,IMEI-0491209123,IMSI-1300712241,2026-08-14T10:05:00,TWR-197
9148804543,IMEI-3346908625,IMSI-8564869470,2026-07-06T06:44:00,TWR-161
9330833334,IMEI-5153766162,IMSI-9581629746,2026-08-27T21:50:00,TWR-136
9432789553,IMEI-7581615382,IMSI-6059787584,2026-07-28T10:40:00,TWR-137
9552337763,IMEI-2098944971,IMSI-9920649298,2026-08-16T17:15:00,TWR-174
9808594706,IMEI-0442497172,IMSI-9844344228,2026-08-19T20:22:00,TWR-170
9622469420,IMEI-7346336061,IMSI-5486402106,2026-07-21T20:05:00,TWR-129
9683847079,IMEI-0600083514,IMSI-3429687054,2026-07-31T19:09:00,TWR-114
9265230098,IMEI-5253328564,IMSI-5469787294,2026-08-29T08:25:00,TWR-177
9891712996,IMEI-2417841663,IMSI-9782591182,2026-08-18T10:03:00,TWR-198
9432789553,IMEI-7581615382,IMSI-6059787584,2026-07-11T10:51:00,TWR-187
9327888369,IMEI-7698981986,IMSI-6354953088,2026-07-07T04:28:00,TWR-110
9274004854,IMEI-9737389873,IMSI-7649661283,2026-08-18T13:49:00,TWR-133
9460888817,IMEI-5330290345,IMSI-1245471517,2026-07-03T13:26:00,TWR-124
9495481440,IMEI-7343978348,IMSI-7299004607,2026-08-01T22:16:00,TWR-197
9623121500,IMEI-0108792131,IMSI-6877336484,2026-07-22T13:23:00,TWR-198
9391101258,IMEI-8216786993,IMSI-1748026884,2026-07-25T18:37:00,TWR-110
9514856229,IMEI-3197885749,IMSI-6798628126,2026-08-04T19:25:00,TWR-199
9368290911,IMEI-2438192926,IMSI-4864644779,2026-08-09T05:06:00,TWR-121
9941262446,IMEI-4415336975,IMSI-5893841131,2026-07-23T21:19:00,TWR-140
9695427713,IMEI-3896101601,IMSI-4335493568,2026-07-15T11:36:00,TWR-121
9364540204,IMEI-7194965681,IMSI-8534759259,2026-07-13T05:09:00,TWR-107
9002978753,IMEI-9353374149,IMSI-2575451497,2026-08-29T12:10:00,TWR-194
9339899280,IMEI-3287756597,IMSI-4213052281,2026-07-20T02:35:00,TWR-124
9428025968,IMEI-5595534505,IMSI-3593963620,2026-08-30T07:25:00,TWR-142
9836051835,IMEI-4002458239,IMSI-2965785366,2026-08-11T23:59:00,TWR-178
9257827965,IMEI-6468780293,IMSI-1640945050,2026-08-08T23:00:00,TWR-122
9797758127,IMEI-0603574703,IMSI-9882589061,2026-07-23T09:46:00,TWR-190
9886247321,IMEI-3732677445,IMSI-6782052055,2026-07-10T16:32:00,TWR-184
9657812846,IMEI-9765732617,IMSI-8249332885,2026-08-08T03:35:00,TWR-156
9562254266,IMEI-9002034944,IMSI-5089706326,2026-08-17T20:40:00,TWR-130
9328742878,IMEI-0159171950,IMSI-9753393771,2026-08-22T20:30:00,TWR-156
9416151222,IMEI-8768119539,IMSI-3558405416,2026-08-13T20:47:00,TWR-101
9524417224,IMEI-0151188291,IMSI-1260342701,2026-08-13T20:00:00,TWR-185
9315946182,IMEI-6030513471,IMSI-7062121670,2026-07-03T11:07:00,TWR-145
9065105025,IMEI-8111943039,IMSI-7328722369,2026-07-09T06:34:00,TWR-177
9292869007,IMEI-0943331952,IMSI-4641712705,2026-08-12T02:21:00,TWR-197
9451525376,IMEI-8511467861,IMSI-3331904361,2026-07-15T08:16:00,TWR-122
9349060795,IMEI-4832570734,IMSI-5208503516,2026-08-25T06:11:00,TWR-172
9260117805,IMEI-0536827146,IMSI-4415939529,2026-08-17T18:35:00,TWR-132
9028267486,IMEI-0990287722,IMSI-1904848888,2026-07-20T07:51:00,TWR-112
9327371243,IMEI-0706366806,IMSI-9463467046,2026-08-19T19:18:00,TWR-195
9200842411,IMEI-5364978542,IMSI-9596690438,2026-08-19T04:07:00,TWR-119
9783601253,IMEI-5379129229,IMSI-9247577649,2026-08-22T21:18:00,TWR-169
9246656522,IMEI-0051187760,IMSI-3512193645,2026-08-17T03:26:00,TWR-177
9704583586,IMEI-5888293752,IMSI-2725537131,2026-07-10T03:29:00,TWR-146
9800529753,IMEI-2023051743,IMSI-8062170797,2026-07-26T06:28:00,TWR-193
9833390099,IMEI-7064692062,IMSI-3990213685,2026-07-01T10:24:00,TWR-170
9114542068,IMEI-9239938505,IMSI-7368720283,2026-07-15T11:16:00,TWR-111
9386896000,IMEI-4962986758,IMSI-2471331430,2026-08-24T17:13:00,TWR-194
9057062130,IMEI-1891539968,IMSI-6848322961,2026-07-17T14:52:00,TWR-109
9129555777,IMEI-0062479692,IMSI-9993459649,2026-07-10T07:00:00,TWR-153
9502624719,IMEI-5003891237,IMSI-9635494234,2026-08-25T03:35:00,TWR-192
9833592143,IMEI-6058491626,IMSI-1896284043,2026-07-07T11:05:00,TWR-198
9026954613,IMEI-9561082774,IMSI-4696531085,2026-07-13T22:18:00,TWR-167
9967287288,IMEI-5531865775,IMSI-1917546621,2026-07-23T03:47:00,TWR-143
9253232817,IMEI-7487857624,IMSI-6021549849,2026-08-25T20:53:00,TWR-116
9008584061,IMEI-7100659960,IMSI-3778430184,2026-08-14T21:47:00,TWR-119
9070145149,IMEI-8528550318,IMSI-1707109883,2026-08-22T07:00:00,TWR-118
9469763439,IMEI-0852973859,IMSI-7754398944,2026-08-05T07:11:00,TWR-184
9933390585,IMEI-8541751229,IMSI-9861048331,2026-08-06T01:03:00,TWR-115
9640649508,IMEI-3446472023,IMSI-8364758084,2026-07-10T07:21:00,TWR-155
9631036891,IMEI-7085159885,IMSI-0555365475,2026-07-22T15:10:00,TWR-126
9309176245,IMEI-1715753190,IMSI-0042972767,2026-07-26T17:28:00,TWR-110
9213633365,IMEI-6550090413,IMSI-3490436468,2026-08-04T13:15:00,TWR-132
9204267814,IMEI-0513626020,IMSI-6541552734,2026-08-18T15:04:00,TWR-126
9834826825,IMEI-8904044044,IMSI-0708861395,2026-07-18T18:14:00,TWR-167
9752820266,IMEI-6368625769,IMSI-7937917527,2026-07-03T22:01:00,TWR-105
9278250200,IMEI-3513691866,IMSI-2323998667,2026-07-26T13:30:00,TWR-125
9524417224,IMEI-0151188291,IMSI-1260342701,2026-08-21T22:09:00,TWR-132
9792178365,IMEI-5340830680,IMSI-1385621710,2026-07-09T10:23:00,TWR-114
9815172061,IMEI-7892314815,IMSI-3616881557,2026-07-08T11:45:00,TWR-121
9921873448,IMEI-5665790813,IMSI-0402416184,2026-07-11T08:59:00,TWR-149
9190777522,IMEI-6160323305,IMSI-9254337711,2026-07-06T10:55:00,TWR-157
9323687193,IMEI-3470857301,IMSI-1027718079,2026-08-26T18:44:00,TWR-192
9870151534,IMEI-2208294402,IMSI-2997905078,2026-08-14T06:40:00,TWR-114
9476572146,IMEI-8991515020,IMSI-7841629692,2026-07-10T23:18:00,TWR-114
9640649508,IMEI-3446472023,IMSI-8364758084,2026-07-13T10:02:00,TWR-153
9584242489,IMEI-3711761377,IMSI-6896549459,2026-08-03T14:21:00,TWR-196
9290816302,IMEI-2542781927,IMSI-4339504550,2026-08-29T19:35:00,TWR-102
9927402184,IMEI-8660428186,IMSI-3269225489,2026-08-25T07:43:00,TWR-141
9814631059,IMEI-4248529289,IMSI-4803891302,2026-08-18T20:02:00,TWR-137
9500923243,IMEI-3208327507,IMSI-7648870743,2026-08-10T23:24:00,TWR-180
9873173192,IMEI-4178183485,IMSI-3005028827,2026-08-02T11:36:00,TWR-180
9366850427,IMEI-4191750603,IMSI-7365428640,2026-08-30T02:00:00,TWR-135
9582938523,IMEI-2985430651,IMSI-6130510364,2026-08-19T15:49:00,TWR-183
9347052967,IMEI-5448119712,IMSI-9901365634,2026-08-11T14:48:00,TWR-178
9897114683,IMEI-8939275552,IMSI-7241239884,2026-07-24T21:23:00,TWR-132
9249363568,IMEI-6811582771,IMSI-8163263195,2026-07-22T21:28:00,TWR-193
9884354408,IMEI-7604202714,IMSI-6855329343,2026-07-22T16:51:00,TWR-111
9833390099,IMEI-7064692062,IMSI-3990213685,2026-08-13T16:20:00,TWR-121
9776329597,IMEI-5548993676,IMSI-5828641899,2026-08-16T10:22:00,TWR-192
9320016462,IMEI-8797199572,IMSI-9747405916,2026-08-20T22:35:00,TWR-142
9251924510,IMEI-7177124242,IMSI-2693810245,2026-08-17T00:49:00,TWR-197
9169655864,IMEI-1253979739,IMSI-7565164348,2026-07-20T08:13:00,TWR-165
9193850480,IMEI-4056396030,IMSI-7869040491,2026-07-13T07:25:00,TWR-102
9911135766,IMEI-8903842578,IMSI-4547717498,2026-08-14T22:14:00,TWR-142
9481010893,IMEI-2446511237,IMSI-7094747437,2026-08-20T21:57:00,TWR-144
9921873448,IMEI-5665790813,IMSI-0402416184,2026-08-01T12:47:00,TWR-112
9688853201,IMEI-4214519644,IMSI-7189901505,2026-08-26T20:25:00,TWR-100
9757105317,IMEI-9808886408,IMSI-4613420403,2026-08-22T18:52:00,TWR-158
9705629519,IMEI-5783109870,IMSI-4275222475,2026-07-07T17:41:00,TWR-193
9833390099,IMEI-7064692062,IMSI-3990213685,2026-08-01T21:34:00,TWR-173
9656939039,IMEI-1635032031,IMSI-7154819630,2026-08-02T22:19:00,TWR-132
9977288139,IMEI-2789519384,IMSI-6777642602,2026-08-30T02:59:00,TWR-145
9581891703,IMEI-5852870877,IMSI-0584119856,2026-08-19T17:46:00,TWR-138
9790275345,IMEI-7129712637,IMSI-2343745828,2026-07-15T15:45:00,TWR-133
9279052515,IMEI-2148512002,IMSI-7153600683,2026-07-25T14:29:00,TWR-193
9829662079,IMEI-1297462206,IMSI-1511941598,2026-08-09T01:22:00,TWR-150
9271401903,IMEI-6762506365,IMSI-5207343348,2026-07-19T06:20:00,TWR-102
9750044653,IMEI-5285840303,IMSI-4825043815,2026-08-05T15:41:00,TWR-184
9167649836,IMEI-3998783293,IMSI-5271989094,2026-07-02T00:46:00,TWR-119
9623871285,IMEI-9142445182,IMSI-9509197389,2026-07-24T22:10:00,TWR-157
9884520326,IMEI-6766495534,IMSI-2318830436,2026-07-15T03:53:00,TWR-131
9429522889,IMEI-3067396449,IMSI-4994327666,2026-08-29T07:09:00,TWR-145
9582938523,IMEI-2985430651,IMSI-6130510364,2026-07-24T19:44:00,TWR-112
9200234695,IMEI-3610403394,IMSI-1168400464,2026-07-15T20:26:00,TWR-144
9533492995,IMEI-3442653754,IMSI-7225620982,2026-08-19T21:11:00,TWR-111
9872545071,IMEI-3791005065,IMSI-5582109795,2026-08-14T12:10:00,TWR-190
9623871285,IMEI-9142445182,IMSI-9509197389,2026-08-09T22:51:00,TWR-108
9291807385,IMEI-6526469046,IMSI-9253759369,2026-07-23T21:26:00,TWR-142
9619076686,IMEI-1335653577,IMSI-8379754571,2026-08-07T22:42:00,TWR-146
9873599794,IMEI-2018688559,IMSI-1432340619,2026-07-30T07:46:00,TWR-154
9111007715,IMEI-2993553676,IMSI-6251384966,2026-08-18T22:02:00,TWR-108
9373613848,IMEI-8051756948,IMSI-5607949860,2026-07-22T16:29:00,TWR-188
9676650588,IMEI-2535874395,IMSI-7029071889,2026-07-12T18:26:00,TWR-150
9891403278,IMEI-9843890388,IMSI-9878915903,2026-08-23T09:27:00,TWR-111
9736840619,IMEI-3896393685,IMSI-6630274421,2026-07-28T08:30:00,TWR-104
9651699247,IMEI-7391912109,IMSI-5628934186,2026-08-04T10:10:00,TWR-147
9431862585,IMEI-9189450515,IMSI-3486330131,2026-07-24T22:45:00,TWR-123
9284186415,IMEI-4710802736,IMSI-5006523315,2026-08-04T07:14:00,TWR-183
9383110351,IMEI-6993339985,IMSI-0148259083,2026-08-26T23:49:00,TWR-150
9471958575,IMEI-4764251333,IMSI-2865780863,2026-07-27T09:28:00,TWR-157
9805634296,IMEI-6869960327,IMSI-4548720395,2026-08-12T04:11:00,TWR-192
9148804543,IMEI-3346908625,IMSI-8564869470,2026-08-01T02:03:00,TWR-184
9582938523,IMEI-2985430651,IMSI-6130510364,2026-07-10T09:20:00,TWR-127
9951468336,IMEI-9833539850,IMSI-4324092769,2026-07-23T10:31:00,TWR-173
9485267539,IMEI-9023724787,IMSI-3090571081,2026-07-23T03:29:00,TWR-180
9558401725,IMEI-9018823279,IMSI-7670102992,2026-08-28T20:34:00,TWR-110
9588489595,IMEI-7122035643,IMSI-8378274530,2026-08-16T15:58:00,TWR-107
9626296040,IMEI-8392209518,IMSI-3728872159,2026-08-03T16:57:00,TWR-112
9581891703,IMEI-5852870877,IMSI-0584119856,2026-07-19T04:30:00,TWR-134
9887832742,IMEI-3548201949,IMSI-9971589500,2026-08-29T00:16:00,TWR-167
9819214001,IMEI-1646085124,IMSI-6480506350,2026-07-23T21:58:00,TWR-149
9586623614,IMEI-0887771598,IMSI-3568398545,2026-07-21T11:17:00,TWR-156
9511976381,IMEI-3341338675,IMSI-7153516453,2026-07-16T17:31:00,TWR-100
9955420533,IMEI-4753026857,IMSI-4464279175,2026-07-20T01:27:00,TWR-188
9870151534,IMEI-2208294402,IMSI-2997905078,2026-08-29T08:16:00,TWR-194
9188180702,IMEI-9453874896,IMSI-7885652348,2026-08-09T06:17:00,TWR-197
9925397865,IMEI-3898523377,IMSI-3949130418,2026-08-27T01:24:00,TWR-195
9210244612,IMEI-6189465100,IMSI-7205358651,2026-08-06T02:28:00,TWR-172
9524486938,IMEI-7566819896,IMSI-3731294120,2026-08-03T18:23:00,TWR-197
9098713669,IMEI-0583990102,IMSI-7629708285,2026-08-12T06:48:00,TWR-175
9826643843,IMEI-5842341203,IMSI-6447263513,2026-07-07T20:21:00,TWR-168
9558401725,IMEI-9018823279,IMSI-7670102992,2026-08-13T18:25:00,TWR-175
9763462687,IMEI-0158770989,IMSI-9062509835,2026-07-10T10:25:00,TWR-110
9035922148,IMEI-2224625802,IMSI-9359009204,2026-07-09T18:19:00,TWR-110
9822745513,IMEI-0197789236,IMSI-6673910180,2026-07-21T04:01:00,TWR-152
9260117805,IMEI-0536827146,IMSI-4415939529,2026-07-09T13:39:00,TWR-177
9884520326,IMEI-6766495534,IMSI-2318830436,2026-07-28T18:24:00,TWR-182
9829662079,IMEI-1297462206,IMSI-1511941598,2026-07-03T04:24:00,TWR-173
9119797995,IMEI-5706195678,IMSI-2254105709,2026-08-04T21:16:00,TWR-145
9362272684,IMEI-5958935981,IMSI-2951362368,2026-08-15T08:08:00,TWR-198
9904918041,IMEI-9240363234,IMSI-6447246867,2026-08-08T20:39:00,TWR-108
9983142650,IMEI-9388404548,IMSI-4148752876,2026-08-10T14:15:00,TWR-119
9440101408,IMEI-5987306395,IMSI-6040436131,2026-07-11T23:04:00,TWR-122
9408119185,IMEI-4825774962,IMSI-9490109164,2026-08-16T11:06:00,TWR-103
9245911056,IMEI-4589252588,IMSI-5987999575,2026-08-01T05:22:00,TWR-106
9887832742,IMEI-3548201949,IMSI-9971589500,2026-07-22T08:08:00,TWR-156
9714201071,IMEI-1215109801,IMSI-4981486433,2026-07-03T06:07:00,TWR-134
9950780803,IMEI-7161278708,IMSI-9020949409,2026-07-18T03:27:00,TWR-145
9917643972,IMEI-7312323584,IMSI-2916220010,2026-08-28T18:27:00,TWR-114
9343853185,IMEI-4745057705,IMSI-1437353221,2026-08-28T11:34:00,TWR-109
9692552797,IMEI-1764458848,IMSI-3966457784,2026-08-12T04:54:00,TWR-162
9098471173,IMEI-7271949408,IMSI-1881818368,2026-08-26T15:51:00,TWR-155
9090925546,IMEI-9180929907,IMSI-6836410785,2026-08-27T11:51:00,TWR-109
9320016462,IMEI-8797199572,IMSI-9747405916,2026-07-21T07:57:00,TWR-148
9623068655,IMEI-6533395065,IMSI-3803435764,2026-07-13T13:35:00,TWR-154
9349352957,IMEI-7200206606,IMSI-3990469045,2026-08-26T09:23:00,TWR-103
9175658769,IMEI-8543351535,IMSI-7093605695,2026-07-04T13:12:00,TWR-116
9857618754,IMEI-3804104516,IMSI-6750827644,2026-08-27T12:25:00,TWR-115
9153514440,IMEI-2811772442,IMSI-9051485715,2026-07-30T23:32:00,TWR-179
9028267486,IMEI-0990287722,IMSI-1904848888,2026-08-04T00:36:00,TWR-102
9814488986,IMEI-8402450836,IMSI-9997976132,2026-07-26T07:28:00,TWR-173
9780874168,IMEI-1814714635,IMSI-9283753410,2026-07-07T15:17:00,TWR-188
9872545071,IMEI-3791005065,IMSI-5582109795,2026-07-17T10:37:00,TWR-127
9057062130,IMEI-1891539968,IMSI-6848322961,2026-08-09T10:59:00,TWR-191
9246656522,IMEI-0051187760,IMSI-3512193645,2026-07-27T14:38:00,TWR-199
9694458096,IMEI-8042671714,IMSI-3468585288,2026-08-30T02:18:00,TWR-129
9886247321,IMEI-3732677445,IMSI-6782052055,2026-07-04T10:55:00,TWR-173
9106672436,IMEI-7571316002,IMSI-9913913475,2026-08-02T20:50:00,TWR-110
9568945147,IMEI-3313579640,IMSI-8087521525,2026-08-30T02:36:00,TWR-174
9395008160,IMEI-5776559744,IMSI-6993638729,2026-08-24T03:16:00,TWR-133
9032926051,IMEI-6529088324,IMSI-0974431797,2026-07-25T02:02:00,TWR-184
9692552797,IMEI-1764458848,IMSI-3966457784,2026-07-06T03:04:00,TWR-128
9920240606,IMEI-5708662937,IMSI-3953132652,2026-08-12T20:39:00,TWR-182
9855390384,IMEI-4217153226,IMSI-7218957012,2026-07-27T16:58:00,TWR-141
9067351927,IMEI-4914192402,IMSI-3482142797,2026-08-08T02:22:00,TWR-133
9735076512,IMEI-0841753939,IMSI-1527713886,2026-07-13T21:41:00,TWR-121
9677217388,IMEI-8717105032,IMSI-9266491300,2026-08-04T21:41:00,TWR-160
9826643843,IMEI-5842341203,IMSI-6447263513,2026-07-13T09:02:00,TWR-188
9111007715,IMEI-2993553676,IMSI-6251384966,2026-07-26T06:46:00,TWR-105
9865140121,IMEI-1159589835,IMSI-9020928984,2026-07-09T08:46:00,TWR-150
9274610699,IMEI-9344708531,IMSI-5316754520,2026-07-15T14:17:00,TWR-132
9337047649,IMEI-1256700988,IMSI-3177469602,2026-07-11T10:39:00,TWR-105
9402819790,IMEI-4294897908,IMSI-7466611652,2026-08-04T14:30:00,TWR-178
9526824044,IMEI-1327895693,IMSI-4016492938,2026-07-24T15:23:00,TWR-144
9259995536,IMEI-9566882160,IMSI-5082497559,2026-07-26T06:02:00,TWR-133
9988853930,IMEI-2215295848,IMSI-3024275776,2026-07-02T02:15:00,TWR-188
9325983817,IMEI-3400499804,IMSI-0005369733,2026-07-19T02:58:00,TWR-145
9664047688,IMEI-3388845271,IMSI-7498474746,2026-08-28T22:04:00,TWR-148
9587008315,IMEI-6690962209,IMSI-8838843771,2026-07-07T22:16:00,TWR-129
9582184249,IMEI-3779525637,IMSI-7246178112,2026-08-03T06:43:00,TWR-118
9468692379,IMEI-2857946562,IMSI-6720847286,2026-07-30T10:54:00,TWR-148
9705629519,IMEI-5783109870,IMSI-4275222475,2026-07-13T09:58:00,TWR-146
9481103002,IMEI-9245884068,IMSI-4734229256,2026-08-28T18:38:00,TWR-154
9808579845,IMEI-8087040989,IMSI-5392371679,2026-08-10T05:18:00,TWR-190
9623871285,IMEI-9142445182,IMSI-9509197389,2026-08-27T05:40:00,TWR-112
9026804519,IMEI-6013642185,IMSI-5937328931,2026-07-29T19:32:00,TWR-126
9623121500,IMEI-0108792131,IMSI-6877336484,2026-08-15T01:03:00,TWR-125
9562679527,IMEI-5177175824,IMSI-9150100589,2026-08-08T05:23:00,TWR-191
9809362966,IMEI-6207009819,IMSI-1302045948,2026-07-29T11:09:00,TWR-137
9983671609,IMEI-9158653821,IMSI-6422000383,2026-08-20T12:42:00,TWR-182
9200139158,IMEI-0054870777,IMSI-4754723180,2026-08-01T01:35:00,TWR-181
9527600495,IMEI-8228613607,IMSI-0187837949,2026-07-29T15:30:00,TWR-169
9992206411,IMEI-9575813014,IMSI-2848717749,2026-07-12T00:46:00,TWR-165
9420863611,IMEI-4537963191,IMSI-3558536002,2026-08-05T06:57:00,TWR-193
9193547286,IMEI-2535910972,IMSI-2576563321,2026-07-27T00:01:00,TWR-177
9544975157,IMEI-6465259090,IMSI-4961892459,2026-07-13T03:54:00,TWR-169
9927033369,IMEI-7870679587,IMSI-9719498305,2026-07-06T18:36:00,TWR-142
9833390099,IMEI-7064692062,IMSI-3990213685,2026-07-15T00:33:00,TWR-151
9855390384,IMEI-4217153226,IMSI-7218957012,2026-07-17T00:33:00,TWR-133
9481010893,IMEI-2446511237,IMSI-7094747437,2026-08-16T15:58:00,TWR-124
9797758127,IMEI-0603574703,IMSI-9882589061,2026-08-20T22:59:00,TWR-178
9582938523,IMEI-2985430651,IMSI-6130510364,2026-08-20T23:25:00,TWR-191
9768160718,IMEI-6553496821,IMSI-9218665983,2026-08-05T05:10:00,TWR-160
9183357251,IMEI-9542888361,IMSI-9383065515,2026-07-01T12:12:00,TWR-116
9768160718,IMEI-6553496821,IMSI-9218665983,2026-07-23T01:48:00,TWR-134
9130186709,IMEI-6363508065,IMSI-4981595852,2026-07-26T06:08:00,TWR-161
9026804519,IMEI-6013642185,IMSI-5937328931,2026-07-29T08:52:00,TWR-116
9420515785,IMEI-5002619776,IMSI-5556624137,2026-07-31T09:51:00,TWR-186
9222717235,IMEI-7219658148,IMSI-5782307767,2026-07-26T02:17:00,TWR-197
9801970920,IMEI-1292012637,IMSI-1135753950,2026-07-13T20:32:00,TWR-143
9954882339,IMEI-9986404688,IMSI-6508308241,2026-07-16T07:08:00,TWR-141
9476572146,IMEI-8991515020,IMSI-7841629692,2026-07-31T12:09:00,TWR-142
9163673270,IMEI-3007180897,IMSI-4404020975,2026-07-09T14:29:00,TWR-160
9665069854,IMEI-0252360147,IMSI-4268227945,2026-07-28T10:47:00,TWR-121
9692552797,IMEI-1764458848,IMSI-3966457784,2026-07-29T01:32:00,TWR-129
9048184584,IMEI-5556194327,IMSI-0612124765,2026-07-03T07:00:00,TWR-138
9352364431,IMEI-3618044238,IMSI-2314274818,2026-07-03T09:26:00,TWR-188
9522749968,IMEI-0656456428,IMSI-9041268584,2026-07-21T10:43:00,TWR-101
9927402184,IMEI-8660428186,IMSI-3269225489,2026-08-04T03:58:00,TWR-164
9511976381,IMEI-3341338675,IMSI-7153516453,2026-08-15T10:45:00,TWR-138
9636579261,IMEI-7647856716,IMSI-6153608435,2026-08-07T21:45:00,TWR-193
9603424007,IMEI-9402555841,IMSI-7440544843,2026-08-23T07:31:00,TWR-187
9784533346,IMEI-3707681783,IMSI-5399223496,2026-08-03T12:13:00,TWR-155
9468748835,IMEI-5361336908,IMSI-4651458287,2026-07-13T09:50:00,TWR-167
9763919028,IMEI-1250460694,IMSI-0177010406,2026-08-23T07:02:00,TWR-162
9857618754,IMEI-3804104516,IMSI-6750827644,2026-08-17T18:18:00,TWR-154
9714201071,IMEI-1215109801,IMSI-4981486433,2026-07-12T17:27:00,TWR-106
9295361047,IMEI-1434102396,IMSI-8150726368,2026-08-29T17:16:00,TWR-190
9874249954,IMEI-4200352328,IMSI-3148847499,2026-07-26T18:03:00,TWR-152
9084209783,IMEI-7684964261,IMSI-7877783732,2026-07-28T09:46:00,TWR-145
9067351927,IMEI-4914192402,IMSI-3482142797,2026-08-18T08:28:00,TWR-103
9904220310,IMEI-2722872527,IMSI-2398195726,2026-07-10T05:53:00,TWR-181
9153514440,IMEI-2811772442,IMSI-9051485715,2026-07-08T10:02:00,TWR-192
9175658769,IMEI-8543351535,IMSI-7093605695,2026-08-30T02:19:00,TWR-109
9750044653,IMEI-5285840303,IMSI-4825043815,2026-08-04T22:21:00,TWR-109
9323687193,IMEI-3470857301,IMSI-1027718079,2026-08-29T22:23:00,TWR-116
9590637250,IMEI-4290055835,IMSI-8526830553,2026-07-06T22:47:00,TWR-167
9589598530,IMEI-7679253762,IMSI-8549930085,2026-07-29T09:15:00,TWR-145
9925397865,IMEI-3898523377,IMSI-3949130418,2026-08-24T14:37:00,TWR-155
9891184672,IMEI-0027364086,IMSI-7196040460,2026-08-20T04:47:00,TWR-185
9408119185,IMEI-4825774962,IMSI-9490109164,2026-08-04T02:21:00,TWR-192
9078522433,IMEI-7634964095,IMSI-5330377572,2026-07-13T08:36:00,TWR-161
9431862585,IMEI-9189450515,IMSI-3486330131,2026-07-29T05:06:00,TWR-131
9257114068,IMEI-4399357731,IMSI-1672099153,2026-07-12T19:53:00,TWR-174
9815172061,IMEI-7892314815,IMSI-3616881557,2026-08-06T09:34:00,TWR-181
9411207999,IMEI-8453484218,IMSI-8347399812,2026-08-10T21:47:00,TWR-154
9210244612,IMEI-6189465100,IMSI-7205358651,2026-08-18T15:26:00,TWR-157
9692552797,IMEI-1764458848,IMSI-3966457784,2026-07-23T03:47:00,TWR-124
9260117805,IMEI-0536827146,IMSI-4415939529,2026-07-30T23:52:00,TWR-155
9783601253,IMEI-5379129229,IMSI-9247577649,2026-07-26T09:55:00,TWR-181
9368290911,IMEI-2438192926,IMSI-4864644779,2026-08-11T22:56:00,TWR-171
9603548538,IMEI-1415166901,IMSI-2146809813,2026-08-03T21:33:00,TWR-195
9752820266,IMEI-6368625769,IMSI-7937917527,2026-07-18T07:10:00,TWR-139
9874249954,IMEI-4200352328,IMSI-3148847499,2026-07-31T07:18:00,TWR-112
9863626383,IMEI-3156686324,IMSI-3105190338,2026-07-05T07:32:00,TWR-132
9495274785,IMEI-1224526124,IMSI-8037804706,2026-07-16T23:06:00,TWR-156
9481103002,IMEI-9245884068,IMSI-4734229256,2026-07-02T14:22:00,TWR-132
9299090911,IMEI-4807650146,IMSI-5333767238,2026-08-21T09:29:00,TWR-125
9231347176,IMEI-2468302695,IMSI-2603978086,2026-08-06T22:31:00,TWR-153
9816663121,IMEI-9378559839,IMSI-7894632512,2026-08-27T06:49:00,TWR-137
9053036677,IMEI-5162495928,IMSI-8796626944,2026-07-20T15:34:00,TWR-186
9137678825,IMEI-2620552136,IMSI-7994288521,2026-07-23T12:53:00,TWR-121
9327888369,IMEI-7698981986,IMSI-6354953088,2026-08-03T10:35:00,TWR-195
9429522889,IMEI-3067396449,IMSI-4994327666,2026-08-07T20:15:00,TWR-195
9215138019,IMEI-1469630754,IMSI-5640016715,2026-07-17T12:39:00,TWR-170
9213297993,IMEI-5483442574,IMSI-1946987605,2026-07-09T12:04:00,TWR-101
9273451778,IMEI-3536885796,IMSI-4887200854,2026-07-12T22:10:00,TWR-144
9988853930,IMEI-2215295848,IMSI-3024275776,2026-08-17T04:33:00,TWR-124
9983671609,IMEI-9158653821,IMSI-6422000383,2026-08-08T00:10:00,TWR-133
9745386561,IMEI-8716172764,IMSI-9174333986,2026-08-07T11:48:00,TWR-145
9877776348,IMEI-3220167854,IMSI-0133889589,2026-07-06T17:04:00,TWR-167
9514856229,IMEI-3197885749,IMSI-6798628126,2026-08-21T14:44:00,TWR-100
9657812846,IMEI-9765732617,IMSI-8249332885,2026-07-15T11:35:00,TWR-125
9971989169,IMEI-3848937224,IMSI-0892217842,2026-08-30T00:29:00,TWR-160
9853795114,IMEI-1352490271,IMSI-3408296210,2026-07-09T07:38:00,TWR-197
9829662079,IMEI-1297462206,IMSI-1511941598,2026-08-17T01:04:00,TWR-158
9950712865,IMEI-7429481661,IMSI-9887989570,2026-07-25T05:00:00,TWR-137
9834444548,IMEI-9012308721,IMSI-9432604048,2026-07-31T02:29:00,TWR-123
9973381637,IMEI-4477037948,IMSI-0565775093,2026-07-04T17:37:00,TWR-126
9206752746,IMEI-5711397258,IMSI-7467067157,2026-07-20T10:36:00,TWR-196
9354125779,IMEI-3515778647,IMSI-1002319725,2026-08-16T17:41:00,TWR-142
9274895219,IMEI-6908873368,IMSI-1806085875,2026-08-24T13:00:00,TWR-191
9328570169,IMEI-0925323625,IMSI-5711517305,2026-07-25T10:30:00,TWR-153
9065105025,IMEI-8111943039,IMSI-7328722369,2026-07-05T08:42:00,TWR-156
9863248414,IMEI-5696212355,IMSI-2774984289,2026-08-07T17:59:00,TWR-178
9754074724,IMEI-0474251131,IMSI-2798903733,2026-07-03T22:50:00,TWR-195
9658966573,IMEI-5717676475,IMSI-7649468920,2026-07-17T16:38:00,TWR-180
9105343128,IMEI-3567086541,IMSI-9854147217,2026-07-01T22:46:00,TWR-146
9123825217,IMEI-7188595163,IMSI-9914575113,2026-08-02T07:50:00,TWR-186
9819709768,IMEI-9605408796,IMSI-3200654811,2026-08-25T09:53:00,TWR-190
9815172061,IMEI-7892314815,IMSI-3616881557,2026-07-27T18:18:00,TWR-178
9683509307,IMEI-2052204318,IMSI-5650646676,2026-07-02T05:17:00,TWR-113
9971996767,IMEI-7476825008,IMSI-5434181641,2026-07-12T11:49:00,TWR-114
9423639948,IMEI-4618232726,IMSI-5795032358,2026-07-30T14:46:00,TWR-183
9193547286,IMEI-2535910972,IMSI-2576563321,2026-08-20T07:13:00,TWR-143
9257114068,IMEI-4399357731,IMSI-1672099153,2026-07-18T22:30:00,TWR-169
9795042893,IMEI-4741789434,IMSI-9532058629,2026-08-08T17:22:00,TWR-133
9597685625,IMEI-4686630566,IMSI-6009527101,2026-08-09T16:34:00,TWR-122
9342606616,IMEI-3629173792,IMSI-4791991052,2026-08-25T15:03:00,TWR-114
9213297993,IMEI-5483442574,IMSI-1946987605,2026-07-21T02:30:00,TWR-136
9562679527,IMEI-5177175824,IMSI-9150100589,2026-08-01T14:55:00,TWR-116
9683847079,IMEI-0600083514,IMSI-3429687054,2026-07-18T20:38:00,TWR-157
9292869007,IMEI-0943331952,IMSI-4641712705,2026-08-02T00:17:00,TWR-141
9654919306,IMEI-6308420781,IMSI-6808671244,2026-07-25T18:38:00,TWR-120
9470138106,IMEI-7288837831,IMSI-4527084198,2026-07-27T18:00:00,TWR-195
9591218852,IMEI-1778264939,IMSI-8013573726,2026-07-11T03:56:00,TWR-173
9235973021,IMEI-2583943185,IMSI-8616009985,2026-08-30T02:27:00,TWR-100
9613879165,IMEI-8541925296,IMSI-6940659123,2026-07-10T02:55:00,TWR-117
9540384926,IMEI-7271453186,IMSI-5137182255,2026-07-03T05:40:00,TWR-133
9404914720,IMEI-4090015656,IMSI-1193307735,2026-08-26T23:16:00,TWR-151
9130186709,IMEI-6363508065,IMSI-4981595852,2026-08-17T09:39:00,TWR-134
9119689122,IMEI-4968221667,IMSI-5571547255,2026-08-27T19:52:00,TWR-110
9961618335,IMEI-5752734493,IMSI-8298823460,2026-08-07T04:28:00,TWR-110
9973381637,IMEI-4477037948,IMSI-0565775093,2026-08-19T10:37:00,TWR-128
9835358094,IMEI-4314635019,IMSI-0245519763,2026-07-19T18:54:00,TWR-129
9323048675,IMEI-0866984245,IMSI-7340621185,2026-08-23T09:50:00,TWR-193
9603548538,IMEI-1415166901,IMSI-2146809813,2026-08-24T06:17:00,TWR-136
9533492995,IMEI-3442653754,IMSI-7225620982,2026-07-04T06:16:00,TWR-182
9656939039,IMEI-1635032031,IMSI-7154819630,2026-07-15T22:23:00,TWR-127
9413409595,IMEI-9198245592,IMSI-6918675312,2026-07-25T03:29:00,TWR-198
9113920361,IMEI-3360587270,IMSI-9912359751,2026-08-11T14:27:00,TWR-108
9738711379,IMEI-3555194118,IMSI-8673754743,2026-07-02T20:00:00,TWR-140
9695618974,IMEI-6198011985,IMSI-4776374706,2026-07-27T03:10:00,TWR-162
9025067408,IMEI-8800707702,IMSI-7764375199,2026-08-16T10:34:00,TWR-181
9057062130,IMEI-1891539968,IMSI-6848322961,2026-07-12T01:05:00,TWR-197
9745386561,IMEI-8716172764,IMSI-9174333986,2026-07-13T21:13:00,TWR-167
9988853930,IMEI-2215295848,IMSI-3024275776,2026-07-12T16:46:00,TWR-175
9182077024,IMEI-1066626490,IMSI-1408953371,2026-07-14T10:39:00,TWR-108
9727226471,IMEI-0422532958,IMSI-5584133490,2026-08-02T10:01:00,TWR-126
9884354408,IMEI-7604202714,IMSI-6855329343,2026-07-19T01:28:00,TWR-178
9067973962,IMEI-3210762736,IMSI-8552134527,2026-07-23T19:10:00,TWR-103
9798709592,IMEI-8957082916,IMSI-5478311367,2026-07-06T11:20:00,TWR-158
9095950087,IMEI-6408982926,IMSI-3137052971,2026-08-14T09:49:00,TWR-103
9279542355,IMEI-8653995504,IMSI-5601123392,2026-08-26T16:10:00,TWR-168
9752820266,IMEI-6368625769,IMSI-7937917527,2026-07-22T20:34:00,TWR-162
9527246581,IMEI-0569622581,IMSI-1016823223,2026-08-11T14:32:00,TWR-196
9540384926,IMEI-7271453186,IMSI-5137182255,2026-08-14T07:08:00,TWR-184
9007836490,IMEI-9378517721,IMSI-2518565840,2026-08-19T07:04:00,TWR-130
9784541701,IMEI-4794903435,IMSI-6935154833,2026-08-02T11:49:00,TWR-175
9440101408,IMEI-5987306395,IMSI-6040436131,2026-07-26T15:57:00,TWR-101
9955906003,IMEI-1668929709,IMSI-5340833279,2026-08-26T21:53:00,TWR-177
9027966628,IMEI-8703759095,IMSI-8536513390,2026-07-27T16:39:00,TWR-118
9480993572,IMEI-2381321447,IMSI-8222237676,2026-07-12T20:55:00,TWR-124
9539773000,IMEI-5872840441,IMSI-8768199416,2026-07-03T17:29:00,TWR-176
9487658493,IMEI-2481422094,IMSI-4940339494,2026-07-25T08:46:00,TWR-111
9527246581,IMEI-0569622581,IMSI-1016823223,2026-08-21T14:36:00,TWR-138
9744013158,IMEI-0204936180,IMSI-5765546111,2026-07-13T10:16:00,TWR-112
9955420533,IMEI-4753026857,IMSI-4464279175,2026-08-25T23:20:00,TWR-149
9404914720,IMEI-4090015656,IMSI-1193307735,2026-08-20T14:34:00,TWR-184
9873173192,IMEI-4178183485,IMSI-3005028827,2026-07-17T12:33:00,TWR-172
9569076123,IMEI-5183268976,IMSI-8066333014,2026-08-22T14:18:00,TWR-157
9233839146,IMEI-6759945492,IMSI-2643409792,2026-07-27T13:47:00,TWR-157
9480993572,IMEI-2381321447,IMSI-8222237676,2026-08-07T04:22:00,TWR-115
9920240606,IMEI-5708662937,IMSI-3953132652,2026-07-30T01:47:00,TWR-108
9253232817,IMEI-7487857624,IMSI-6021549849,2026-08-06T10:30:00,TWR-133
9540384926,IMEI-7271453186,IMSI-5137182255,2026-08-09T06:08:00,TWR-198
9580143749,IMEI-3479877466,IMSI-1984032943,2026-07-15T04:13:00,TWR-148
9819729399,IMEI-2301615059,IMSI-4636655283,2026-07-26T01:03:00,TWR-193
9113894274,IMEI-2146302492,IMSI-0540358963,2026-07-26T18:26:00,TWR-163
9551393227,IMEI-5780546754,IMSI-2445620930,2026-08-01T11:59:00,TWR-196
9258558771,IMEI-4852639918,IMSI-4130973827,2026-07-27T09:53:00,TWR-149
9781338414,IMEI-2700824663,IMSI-5397043081,2026-08-21T02:29:00,TWR-106
9626296040,IMEI-8392209518,IMSI-3728872159,2026-08-03T17:19:00,TWR-150
9386896000,IMEI-4962986758,IMSI-2471331430,2026-07-14T11:40:00,TWR-182
9169655864,IMEI-1253979739,IMSI-7565164348,2026-08-01T04:38:00,TWR-167
9892195305,IMEI-3482362498,IMSI-1721450403,2026-07-04T22:52:00,TWR-158
9917643972,IMEI-7312323584,IMSI-2916220010,2026-07-16T14:02:00,TWR-170
9528657624,IMEI-8378863854,IMSI-9267728295,2026-08-27T07:40:00,TWR-154
9947875390,IMEI-5793611595,IMSI-7730889722,2026-08-19T02:54:00,TWR-126
9190777522,IMEI-6160323305,IMSI-9254337711,2026-08-06T19:45:00,TWR-164
9098713669,IMEI-0583990102,IMSI-7629708285,2026-08-24T23:07:00,TWR-125
9665069854,IMEI-0252360147,IMSI-4268227945,2026-08-19T11:05:00,TWR-183
9183586783,IMEI-1124328676,IMSI-4812458623,2026-08-20T09:46:00,TWR-191
9183586783,IMEI-1124328676,IMSI-4812458623,2026-07-02T07:09:00,TWR-122
9127967516,IMEI-2146882817,IMSI-9733129100,2026-07-29T19:50:00,TWR-135
9354125779,IMEI-3515778647,IMSI-1002319725,2026-07-04T15:38:00,TWR-159
9678920670,IMEI-6615710243,IMSI-4687231211,2026-07-29T23:41:00,TWR-126
9819729399,IMEI-2301615059,IMSI-4636655283,2026-08-07T22:29:00,TWR-112
9241105711,IMEI-9803656515,IMSI-7082186948,2026-07-05T20:07:00,TWR-146
9556161246,IMEI-9232058172,IMSI-6240572973,2026-08-29T19:38:00,TWR-158
9873599794,IMEI-2018688559,IMSI-1432340619,2026-07-10T07:08:00,TWR-116
9323048675,IMEI-0866984245,IMSI-7340621185,2026-08-06T13:01:00,TWR-174
9638941365,IMEI-2621969989,IMSI-9903756052,2026-08-15T15:51:00,TWR-161
9993223299,IMEI-5377169903,IMSI-7137375657,2026-08-02T12:17:00,TWR-178
9784541701,IMEI-4794903435,IMSI-6935154833,2026-08-29T16:11:00,TWR-122
9008584061,IMEI-7100659960,IMSI-3778430184,2026-07-31T13:33:00,TWR-166
9582184249,IMEI-3779525637,IMSI-7246178112,2026-07-09T14:41:00,TWR-113
9213278016,IMEI-4465904654,IMSI-5277064654,2026-08-18T12:46:00,TWR-190
9130186709,IMEI-6363508065,IMSI-4981595852,2026-08-05T22:10:00,TWR-109
9673261224,IMEI-5321143101,IMSI-0418880411,2026-07-22T07:06:00,TWR-166
9284186415,IMEI-4710802736,IMSI-5006523315,2026-07-02T16:39:00,TWR-131
9859713678,IMEI-7927657928,IMSI-4020734838,2026-08-25T13:21:00,TWR-139
9325983817,IMEI-3400499804,IMSI-0005369733,2026-07-16T14:50:00,TWR-113
9562679527,IMEI-5177175824,IMSI-9150100589,2026-08-12T15:25:00,TWR-111
9007836490,IMEI-9378517721,IMSI-2518565840,2026-07-24T20:17:00,TWR-172
9967256212,IMEI-3882709301,IMSI-5745970892,2026-07-20T11:48:00,TWR-101
9876010337,IMEI-0268803862,IMSI-7368018006,2026-07-15T12:52:00,TWR-180
9295361047,IMEI-1434102396,IMSI-8150726368,2026-08-01T06:12:00,TWR-169
9868498624,IMEI-7637483850,IMSI-9494004591,2026-07-17T21:26:00,TWR-152
9295361047,IMEI-1434102396,IMSI-8150726368,2026-08-15T12:35:00,TWR-181
9576957454,IMEI-0491209123,IMSI-1300712241,2026-07-25T06:06:00,TWR-124
9814631059,IMEI-4248529289,IMSI-4803891302,2026-08-15T07:40:00,TWR-162
9816663121,IMEI-9378559839,IMSI-7894632512,2026-08-13T09:17:00,TWR-144
9925397865,IMEI-3898523377,IMSI-3949130418,2026-07-15T23:15:00,TWR-118
9036057232,IMEI-9429354641,IMSI-9250384488,2026-07-08T14:30:00,TWR-175
9000812852,IMEI-0768684034,IMSI-9166578261,2026-07-23T15:17:00,TWR-121
9291560480,IMEI-6197984381,IMSI-7712208365,2026-08-27T20:11:00,TWR-141
9183540946,IMEI-1864747755,IMSI-3269121712,2026-08-06T16:58:00,TWR-161
9468748835,IMEI-5361336908,IMSI-4651458287,2026-08-19T17:55:00,TWR-134
9800529753,IMEI-2023051743,IMSI-8062170797,2026-07-24T07:03:00,TWR-148
9552337763,IMEI-2098944971,IMSI-9920649298,2026-08-03T11:22:00,TWR-158
9347052967,IMEI-5448119712,IMSI-9901365634,2026-07-23T04:36:00,TWR-170
9654919306,IMEI-6308420781,IMSI-6808671244,2026-07-06T07:06:00,TWR-183
9070145149,IMEI-8528550318,IMSI-1707109883,2026-08-19T19:31:00,TWR-112
9031225357,IMEI-2401507627,IMSI-0587460249,2026-08-03T22:56:00,TWR-103
9241105711,IMEI-9803656515,IMSI-7082186948,2026-08-16T15:30:00,TWR-170
9953419276,IMEI-5346925695,IMSI-3961747123,2026-08-10T12:37:00,TWR-131
9391686645,IMEI-0016973796,IMSI-5574013757,2026-07-28T18:15:00,TWR-193
9814631059,IMEI-4248529289,IMSI-4803891302,2026-07-11T16:07:00,TWR-178
9200375438,IMEI-4397382276,IMSI-3873692961,2026-07-24T22:27:00,TWR-177
9673261224,IMEI-5321143101,IMSI-0418880411,2026-08-19T15:53:00,TWR-140
9564099477,IMEI-4600243004,IMSI-2936944846,2026-07-27T04:27:00,TWR-133
9692552797,IMEI-1764458848,IMSI-3966457784,2026-08-25T02:59:00,TWR-152
9541651533,IMEI-2784957791,IMSI-6154638039,2026-08-12T09:49:00,TWR-115
9563850020,IMEI-6954138012,IMSI-9172128616,2026-07-29T16:05:00,TWR-158
9678920670,IMEI-6615710243,IMSI-4687231211,2026-07-22T16:56:00,TWR-191
9871873991,IMEI-0075092476,IMSI-8776904064,2026-07-30T21:59:00,TWR-142
9699709622,IMEI-3174193628,IMSI-5289027386,2026-07-20T09:17:00,TWR-107
9919108073,IMEI-7816291043,IMSI-1715663547,2026-07-06T12:01:00,TWR-108
9193850480,IMEI-4056396030,IMSI-7869040491,2026-07-28T06:42:00,TWR-199
9655734481,IMEI-8354977365,IMSI-9857964228,2026-08-13T17:04:00,TWR-136
9220969700,IMEI-2355180961,IMSI-2592684647,2026-07-10T21:39:00,TWR-148
9220969700,IMEI-2355180961,IMSI-2592684647,2026-08-23T20:42:00,TWR-162
9325983817,IMEI-3400499804,IMSI-0005369733,2026-08-23T00:15:00,TWR-169
9258558771,IMEI-4852639918,IMSI-4130973827,2026-08-08T09:10:00,TWR-151
9428025968,IMEI-5595534505,IMSI-3593963620,2026-08-28T12:39:00,TWR-173
9955906003,IMEI-1668929709,IMSI-5340833279,2026-08-20T11:10:00,TWR-117
9024452049,IMEI-0117104429,IMSI-7473374490,2026-08-27T11:31:00,TWR-152
9309176245,IMEI-1715753190,IMSI-0042972767,2026-07-14T19:56:00,TWR-111
9726000597,IMEI-6249744605,IMSI-9074747716,2026-08-20T21:47:00,TWR-131
9153514440,IMEI-2811772442,IMSI-9051485715,2026-08-28T02:35:00,TWR-181
9792178365,IMEI-5340830680,IMSI-1385621710,2026-07-23T07:41:00,TWR-127
9274004854,IMEI-9737389873,IMSI-7649661283,2026-08-05T05:26:00,TWR-193
9098471173,IMEI-7271949408,IMSI-1881818368,2026-08-01T17:21:00,TWR-109
9428025968,IMEI-5595534505,IMSI-3593963620,2026-07-15T21:16:00,TWR-197
9873173192,IMEI-4178183485,IMSI-3005028827,2026-08-27T18:23:00,TWR-143
9626296040,IMEI-8392209518,IMSI-3728872159,2026-08-01T13:22:00,TWR-101
9070145149,IMEI-8528550318,IMSI-1707109883,2026-08-21T09:21:00,TWR-109
9602138521,IMEI-1840426739,IMSI-5757966694,2026-08-27T02:54:00,TWR-101
9003474782,IMEI-1102230412,IMSI-4558698176,2026-07-19T14:43:00,TWR-149
9620805495,IMEI-9798503611,IMSI-7553029147,2026-07-13T15:22:00,TWR-110
9587008315,IMEI-6690962209,IMSI-8838843771,2026-08-22T15:17:00,TWR-153
9808579845,IMEI-8087040989,IMSI-5392371679,2026-07-23T05:29:00,TWR-166
9884520326,IMEI-6766495534,IMSI-2318830436,2026-07-11T15:11:00,TWR-115
9595026413,IMEI-4335200281,IMSI-3118571879,2026-08-10T17:37:00,TWR-160
9623092322,IMEI-7334352130,IMSI-2719759170,2026-07-21T22:16:00,TWR-156
9008722810,IMEI-9232142342,IMSI-0050825943,2026-07-02T03:10:00,TWR-175
9739047311,IMEI-6658564236,IMSI-0144725709,2026-07-25T10:26:00,TWR-120
9127967516,IMEI-2146882817,IMSI-9733129100,2026-07-11T22:24:00,TWR-161
9731033395,IMEI-1123291676,IMSI-2226558836,2026-08-06T03:53:00,TWR-187
9495274785,IMEI-1224526124,IMSI-8037804706,2026-08-17T11:59:00,TWR-103
9929695123,IMEI-9345104318,IMSI-1253544220,2026-08-08T08:35:00,TWR-154
9378012248,IMEI-8609401939,IMSI-2724977073,2026-07-15T17:38:00,TWR-163
9271401903,IMEI-6762506365,IMSI-5207343348,2026-07-14T19:13:00,TWR-197
9542905882,IMEI-2439012781,IMSI-6734354004,2026-08-23T06:54:00,TWR-145
9462451088,IMEI-3829229821,IMSI-2058340063,2026-08-11T08:41:00,TWR-150
9001971594,IMEI-0493528240,IMSI-8232834601,2026-07-23T14:37:00,TWR-108
9325983817,IMEI-3400499804,IMSI-0005369733,2026-08-27T08:23:00,TWR-158
9683509307,IMEI-2052204318,IMSI-5650646676,2026-07-22T13:30:00,TWR-149
9870151534,IMEI-2208294402,IMSI-2997905078,2026-08-12T06:59:00,TWR-183
9638941365,IMEI-2621969989,IMSI-9903756052,2026-07-09T08:59:00,TWR-175
9253232817,IMEI-7487857624,IMSI-6021549849,2026-07-30T19:33:00,TWR-182
9712239771,IMEI-6711935640,IMSI-2848165980,2026-08-15T18:22:00,TWR-136
9200842411,IMEI-5364978542,IMSI-9596690438,2026-08-08T21:38:00,TWR-160
9954882339,IMEI-9986404688,IMSI-6508308241,2026-07-31T23:27:00,TWR-181
9572427103,IMEI-5634470338,IMSI-3624256035,2026-08-23T07:31:00,TWR-134
9874249954,IMEI-4200352328,IMSI-3148847499,2026-07-08T13:16:00,TWR-144
9781338414,IMEI-2700824663,IMSI-5397043081,2026-08-07T18:44:00,TWR-139
9389276201,IMEI-6019281237,IMSI-0057483944,2026-07-24T10:50:00,TWR-117
9601311183,IMEI-0340657742,IMSI-9412347573,2026-08-13T01:42:00,TWR-105
9460888817,IMEI-5330290345,IMSI-1245471517,2026-07-13T16:47:00,TWR-188
9088410525,IMEI-2404699364,IMSI-7683056527,2026-07-15T06:29:00,TWR-169
9514856229,IMEI-3197885749,IMSI-6798628126,2026-07-31T01:48:00,TWR-134
9366850427,IMEI-4191750603,IMSI-7365428640,2026-07-25T18:43:00,TWR-139
9514716369,IMEI-5142856644,IMSI-6005250896,2026-08-12T22:50:00,TWR-198
9974168056,IMEI-5341386308,IMSI-8950482854,2026-08-29T13:00:00,TWR-178
9295361047,IMEI-1434102396,IMSI-8150726368,2026-07-13T07:35:00,TWR-103
9688853201,IMEI-4214519644,IMSI-7189901505,2026-07-17T04:39:00,TWR-138
9572427103,IMEI-5634470338,IMSI-3624256035,2026-07-06T21:51:00,TWR-106
9572427103,IMEI-5634470338,IMSI-3624256035,2026-07-31T02:01:00,TWR-187
9402819790,IMEI-4294897908,IMSI-7466611652,2026-08-18T10:31:00,TWR-133
9853795114,IMEI-1352490271,IMSI-3408296210,2026-08-07T15:49:00,TWR-163
9528657624,IMEI-8378863854,IMSI-9267728295,2026-07-10T06:34:00,TWR-143
9156043823,IMEI-0151934166,IMSI-9047151207,2026-07-13T19:29:00,TWR-105
9927402184,IMEI-8660428186,IMSI-3269225489,2026-07-13T06:06:00,TWR-108
9794873598,IMEI-9565272965,IMSI-7344759078,2026-08-21T07:44:00,TWR-118
9028267486,IMEI-0990287722,IMSI-1904848888,2026-07-08T10:20:00,TWR-144
9688853201,IMEI-4214519644,IMSI-7189901505,2026-07-20T13:56:00,TWR-122
9333160902,IMEI-5413904982,IMSI-4084583797,2026-07-14T06:10:00,TWR-110
9440101408,IMEI-5987306395,IMSI-6040436131,2026-08-21T08:11:00,TWR-197
9798271778,IMEI-6338109511,IMSI-1483709143,2026-08-20T05:14:00,TWR-129
9820738580,IMEI-2072111637,IMSI-2740076038,2026-08-21T22:59:00,TWR-157
9200375438,IMEI-4397382276,IMSI-3873692961,2026-08-24T21:44:00,TWR-196
9781338414,IMEI-2700824663,IMSI-5397043081,2026-08-20T18:55:00,TWR-175
9986505771,IMEI-8019888819,IMSI-9753679669,2026-08-02T01:26:00,TWR-131
9354125779,IMEI-3515778647,IMSI-1002319725,2026-07-22T23:56:00,TWR-171
9295361047,IMEI-1434102396,IMSI-8150726368,2026-07-08T07:24:00,TWR-138
9158252827,IMEI-8805136103,IMSI-6508961138,2026-08-12T15:42:00,TWR-106
9863626383,IMEI-3156686324,IMSI-3105190338,2026-08-17T15:48:00,TWR-112
9383110351,IMEI-6993339985,IMSI-0148259083,2026-07-07T01:44:00,TWR-104
9293480844,IMEI-8568759131,IMSI-1147789695,2026-07-07T13:51:00,TWR-150
9915684975,IMEI-7552324309,IMSI-9692569537,2026-08-29T20:12:00,TWR-123
9801970920,IMEI-1292012637,IMSI-1135753950,2026-08-10T13:52:00,TWR-188
9829662079,IMEI-1297462206,IMSI-1511941598,2026-07-22T02:57:00,TWR-147
9366850427,IMEI-4191750603,IMSI-7365428640,2026-07-18T19:41:00,TWR-178
9562254266,IMEI-9002034944,IMSI-5089706326,2026-07-12T08:07:00,TWR-161
9863626383,IMEI-3156686324,IMSI-3105190338,2026-07-14T07:26:00,TWR-104
9556214443,IMEI-2843068024,IMSI-4172224634,2026-08-05T18:34:00,TWR-121
9582184249,IMEI-3779525637,IMSI-7246178112,2026-08-05T13:59:00,TWR-167
9429522889,IMEI-3067396449,IMSI-4994327666,2026-08-18T04:36:00,TWR-111
9861985877,IMEI-9327146095,IMSI-9462811342,2026-07-26T02:33:00,TWR-130
9063565541,IMEI-4503922894,IMSI-0868594593,2026-07-06T04:20:00,TWR-166
9905802164,IMEI-7145647193,IMSI-1216365150,2026-07-27T19:12:00,TWR-139
9063565541,IMEI-4503922894,IMSI-0868594593,2026-07-06T09:03:00,TWR-119
9402438050,IMEI-2411119216,IMSI-4050734844,2026-08-02T17:59:00,TWR-174
9998681300,IMEI-1085727773,IMSI-8554311851,2026-08-27T10:04:00,TWR-132
9215138019,IMEI-1469630754,IMSI-5640016715,2026-07-07T00:29:00,TWR-132
9260628721,IMEI-9994080845,IMSI-6080368639,2026-08-21T17:23:00,TWR-176
9396454436,IMEI-9562527096,IMSI-8818089029,2026-08-04T22:52:00,TWR-187
9204267814,IMEI-0513626020,IMSI-6541552734,2026-08-19T09:55:00,TWR-139
9911135766,IMEI-8903842578,IMSI-4547717498,2026-08-05T17:29:00,TWR-166
9027966628,IMEI-8703759095,IMSI-8536513390,2026-07-17T11:39:00,TWR-196
9245911056,IMEI-4589252588,IMSI-5987999575,2026-08-12T09:24:00,TWR-165
9354125779,IMEI-3515778647,IMSI-1002319725,2026-07-11T04:25:00,TWR-153
9636952352,IMEI-6383558287,IMSI-0249322336,2026-08-07T05:05:00,TWR-137
9325983817,IMEI-3400499804,IMSI-0005369733,2026-07-12T13:31:00,TWR-157
9524417224,IMEI-0151188291,IMSI-1260342701,2026-07-03T15:40:00,TWR-140
9420863611,IMEI-4537963191,IMSI-3558536002,2026-07-27T05:23:00,TWR-172
9855390384,IMEI-4217153226,IMSI-7218957012,2026-07-09T01:17:00,TWR-118
9245911056,IMEI-4589252588,IMSI-5987999575,2026-08-06T16:44:00,TWR-167
9249363568,IMEI-6811582771,IMSI-8163263195,2026-07-08T21:38:00,TWR-105
9213278016,IMEI-4465904654,IMSI-5277064654,2026-08-19T22:56:00,TWR-103
9793735024,IMEI-1156568196,IMSI-6997607466,2026-07-22T02:54:00,TWR-111
9955420533,IMEI-4753026857,IMSI-4464279175,2026-07-08T02:46:00,TWR-176
9476572146,IMEI-8991515020,IMSI-7841629692,2026-08-14T00:40:00,TWR-105
9227813809,IMEI-6753587083,IMSI-5640922283,2026-07-06T06:36:00,TWR-169
9167649836,IMEI-3998783293,IMSI-5271989094,2026-08-08T04:57:00,TWR-142
9563850020,IMEI-6954138012,IMSI-9172128616,2026-08-08T02:47:00,TWR-126
9156490709,IMEI-2198278959,IMSI-7494703100,2026-08-05T19:15:00,TWR-185
9048184584,IMEI-5556194327,IMSI-0612124765,2026-07-05T04:29:00,TWR-164
9963616536,IMEI-0981470934,IMSI-9638556417,2026-07-15T19:26:00,TWR-149
9974178400,IMEI-3032999856,IMSI-7707871191,2026-08-09T14:23:00,TWR-100
9451862998,IMEI-9724228223,IMSI-1335168885,2026-08-19T16:56:00,TWR-171
9707711861,IMEI-5444624745,IMSI-4241977022,2026-08-05T09:31:00,TWR-110
9623871285,IMEI-9142445182,IMSI-9509197389,2026-07-28T21:28:00,TWR-125
9511976381,IMEI-3341338675,IMSI-7153516453,2026-08-24T21:26:00,TWR-179
9148804543,IMEI-3346908625,IMSI-8564869470,2026-07-07T03:51:00,TWR-177
9347052967,IMEI-5448119712,IMSI-9901365634,2026-07-09T11:15:00,TWR-149
9299090911,IMEI-4807650146,IMSI-5333767238,2026-08-02T19:46:00,TWR-120
9925397865,IMEI-3898523377,IMSI-3949130418,2026-08-19T02:25:00,TWR-105
9257827965,IMEI-6468780293,IMSI-1640945050,2026-07-10T09:30:00,TWR-191
9318467976,IMEI-5685672371,IMSI-1468144302,2026-08-25T08:20:00,TWR-193
9586592627,IMEI-9592646825,IMSI-6747179784,2026-08-07T00:37:00,TWR-106
9120335120,IMEI-2330603798,IMSI-0031911878,2026-08-24T11:11:00,TWR-162
9763919028,IMEI-1250460694,IMSI-0177010406,2026-07-24T07:56:00,TWR-126
9327371243,IMEI-0706366806,IMSI-9463467046,2026-07-27T22:54:00,TWR-129
9581891703,IMEI-5852870877,IMSI-0584119856,2026-07-19T11:33:00,TWR-141
9182077024,IMEI-1066626490,IMSI-1408953371,2026-07-21T20:47:00,TWR-139
9384008626,IMEI-5319941821,IMSI-0420545753,2026-08-16T07:08:00,TWR-120
9986505771,IMEI-8019888819,IMSI-9753679669,2026-07-11T01:06:00,TWR-127
9559321940,IMEI-7522970723,IMSI-5449490568,2026-07-06T05:30:00,TWR-141
9950712865,IMEI-7429481661,IMSI-9887989570,2026-08-25T06:01:00,TWR-141
9500923243,IMEI-3208327507,IMSI-7648870743,2026-07-28T19:44:00,TWR-121
9188180702,IMEI-9453874896,IMSI-7885652348,2026-07-09T22:10:00,TWR-118
9631036891,IMEI-7085159885,IMSI-0555365475,2026-08-22T15:07:00,TWR-192
9127967516,IMEI-2146882817,IMSI-9733129100,2026-07-29T16:31:00,TWR-188
9364091457,IMEI-8369176916,IMSI-5797981795,2026-08-11T04:12:00,TWR-101
9861985877,IMEI-9327146095,IMSI-9462811342,2026-08-01T18:12:00,TWR-142
9640649508,IMEI-3446472023,IMSI-8364758084,2026-08-17T20:29:00,TWR-134
9925397865,IMEI-3898523377,IMSI-3949130418,2026-08-28T12:11:00,TWR-180
9024452049,IMEI-0117104429,IMSI-7473374490,2026-07-10T13:51:00,TWR-139
9252995406,IMEI-4066662946,IMSI-7752976606,2026-07-17T12:11:00,TWR-127
9183540946,IMEI-1864747755,IMSI-3269121712,2026-07-13T15:54:00,TWR-135
9026954613,IMEI-9561082774,IMSI-4696531085,2026-07-24T09:26:00,TWR-113
9222717235,IMEI-7219658148,IMSI-5782307767,2026-08-02T06:22:00,TWR-122
9814631059,IMEI-4248529289,IMSI-4803891302,2026-07-22T14:20:00,TWR-187
9566917456,IMEI-2146515992,IMSI-4568631912,2026-08-23T12:26:00,TWR-158
9063565541,IMEI-4503922894,IMSI-0868594593,2026-07-02T21:21:00,TWR-101
9485847011,IMEI-3616414782,IMSI-7156462613,2026-07-24T04:47:00,TWR-128
9744055026,IMEI-1615000391,IMSI-6960935422,2026-08-26T10:11:00,TWR-142
9744055026,IMEI-1615000391,IMSI-6960935422,2026-07-21T02:16:00,TWR-140
9468748835,IMEI-5361336908,IMSI-4651458287,2026-08-03T07:34:00,TWR-193
9707711861,IMEI-5444624745,IMSI-4241977022,2026-08-27T18:34:00,TWR-128
9992557047,IMEI-1485764275,IMSI-3547588134,2026-08-03T11:00:00,TWR-137
9763919028,IMEI-1250460694,IMSI-0177010406,2026-07-03T03:23:00,TWR-194
9527246581,IMEI-0569622581,IMSI-1016823223,2026-07-19T22:57:00,TWR-132
9789162925,IMEI-6706397428,IMSI-9039846625,2026-07-22T11:35:00,TWR-171
9569898253,IMEI-1967234029,IMSI-0769395545,2026-08-16T13:53:00,TWR-119
9861985877,IMEI-9327146095,IMSI-9462811342,2026-07-03T10:44:00,TWR-158
9992206411,IMEI-9575813014,IMSI-2848717749,2026-08-11T00:21:00,TWR-150
9834444548,IMEI-9012308721,IMSI-9432604048,2026-07-10T11:25:00,TWR-154
9664047688,IMEI-3388845271,IMSI-7498474746,2026-08-29T03:16:00,TWR-169
9352364431,IMEI-3618044238,IMSI-2314274818,2026-08-06T09:21:00,TWR-155
9481010893,IMEI-2446511237,IMSI-7094747437,2026-08-18T16:56:00,TWR-195
9078522433,IMEI-7634964095,IMSI-5330377572,2026-08-27T11:50:00,TWR-112
9406125313,IMEI-3748359350,IMSI-1107966250,2026-07-31T18:31:00,TWR-183
9651614051,IMEI-8947014715,IMSI-1840697069,2026-07-08T19:51:00,TWR-122
9325983817,IMEI-3400499804,IMSI-0005369733,2026-07-19T23:21:00,TWR-110
9738711379,IMEI-3555194118,IMSI-8673754743,2026-08-26T14:36:00,TWR-153
9234395369,IMEI-6790078680,IMSI-6560719571,2026-08-25T22:12:00,TWR-115
9328566276,IMEI-4171456569,IMSI-4413361718,2026-08-27T09:15:00,TWR-108
9524417224,IMEI-0151188291,IMSI-1260342701,2026-08-26T21:24:00,TWR-167
9315946182,IMEI-6030513471,IMSI-7062121670,2026-07-15T16:35:00,TWR-158
9861985877,IMEI-9327146095,IMSI-9462811342,2026-08-17T06:45:00,TWR-175
9189008337,IMEI-8173120002,IMSI-6240414156,2026-08-17T21:56:00,TWR-197
9988853930,IMEI-2215295848,IMSI-3024275776,2026-07-03T09:04:00,TWR-174
9343646379,IMEI-9698813499,IMSI-6776117303,2026-07-03T19:15:00,TWR-107
9053036677,IMEI-5162495928,IMSI-8796626944,2026-08-19T06:39:00,TWR-134
9540384926,IMEI-7271453186,IMSI-5137182255,2026-08-07T19:42:00,TWR-155
9386371955,IMEI-8017438478,IMSI-8294768629,2026-08-19T20:36:00,TWR-145
9576957454,IMEI-0491209123,IMSI-1300712241,2026-07-12T20:34:00,TWR-160
9960574125,IMEI-3834356980,IMSI-0974141228,2026-07-28T06:24:00,TWR-117
9095950087,IMEI-6408982926,IMSI-3137052971,2026-07-14T20:31:00,TWR-163
9090925546,IMEI-9180929907,IMSI-6836410785,2026-07-20T15:56:00,TWR-184
9470138106,IMEI-7288837831,IMSI-4527084198,2026-08-11T16:55:00,TWR-103
9364091457,IMEI-8369176916,IMSI-5797981795,2026-08-25T07:08:00,TWR-172
9089204157,IMEI-1891015126,IMSI-6860080383,2026-07-08T20:49:00,TWR-188
9120335120,IMEI-2330603798,IMSI-0031911878,2026-08-10T22:29:00,TWR-132
9785939510,IMEI-9982973259,IMSI-4386805117,2026-07-13T21:57:00,TWR-116
9562679527,IMEI-5177175824,IMSI-9150100589,2026-08-14T08:03:00,TWR-148
9108252674,IMEI-8973790545,IMSI-4816752486,2026-07-24T23:46:00,TWR-163
9963616536,IMEI-0981470934,IMSI-9638556417,2026-08-11T00:00:00,TWR-157
9833592143,IMEI-6058491626,IMSI-1896284043,2026-07-09T21:20:00,TWR-107
9114968431,IMEI-8769080055,IMSI-7754791819,2026-07-21T06:50:00,TWR-184
9453985457,IMEI-7011184507,IMSI-0842416682,2026-07-31T14:19:00,TWR-197
9636952352,IMEI-6383558287,IMSI-0249322336,2026-07-04T21:30:00,TWR-123
9655734481,IMEI-8354977365,IMSI-9857964228,2026-07-14T17:52:00,TWR-139
9259995536,IMEI-9566882160,IMSI-5082497559,2026-08-07T10:31:00,TWR-141
9182010086,IMEI-7702790588,IMSI-4407199530,2026-07-10T09:47:00,TWR-106
9904220310,IMEI-2722872527,IMSI-2398195726,2026-08-22T13:25:00,TWR-175
9207971522,IMEI-7443674400,IMSI-3923742160,2026-07-11T02:24:00,TWR-117
9917643972,IMEI-7312323584,IMSI-2916220010,2026-07-05T09:58:00,TWR-100
9352364431,IMEI-3618044238,IMSI-2314274818,2026-08-10T12:16:00,TWR-193
9215138019,IMEI-1469630754,IMSI-5640016715,2026-07-26T21:37:00,TWR-161
9026954613,IMEI-9561082774,IMSI-4696531085,2026-07-22T13:45:00,TWR-190
9067973962,IMEI-3210762736,IMSI-8552134527,2026-07-05T03:49:00,TWR-107
9910619958,IMEI-5465799488,IMSI-1223516197,2026-07-22T10:40:00,TWR-169
9362272684,IMEI-5958935981,IMSI-2951362368,2026-08-20T02:22:00,TWR-123
9257114068,IMEI-4399357731,IMSI-1672099153,2026-08-13T18:52:00,TWR-140
9934372835,IMEI-0534620831,IMSI-0744642868,2026-08-16T04:12:00,TWR-183
9904845915,IMEI-2928562860,IMSI-0191416813,2026-07-17T19:39:00,TWR-142
9279542355,IMEI-8653995504,IMSI-5601123392,2026-07-26T21:55:00,TWR-189
9744013158,IMEI-0204936180,IMSI-5765546111,2026-08-23T22:58:00,TWR-182
9654919306,IMEI-6308420781,IMSI-6808671244,2026-07-23T13:57:00,TWR-129
9078522433,IMEI-7634964095,IMSI-5330377572,2026-07-02T18:40:00,TWR-192
9798271778,IMEI-6338109511,IMSI-1483709143,2026-07-24T21:05:00,TWR-188
9770179112,IMEI-6822011905,IMSI-6712582001,2026-07-02T01:41:00,TWR-138
9249363568,IMEI-6811582771,IMSI-8163263195,2026-08-09T04:01:00,TWR-110
9462913511,IMEI-4151442350,IMSI-8392395095,2026-07-29T09:24:00,TWR-138
9592735921,IMEI-3301792865,IMSI-9261785845,2026-08-01T09:13:00,TWR-141
9336062305,IMEI-9695468778,IMSI-0723325237,2026-08-03T11:48:00,TWR-101
9108870955,IMEI-9681629163,IMSI-6874905123,2026-08-15T17:33:00,TWR-169
9568945147,IMEI-3313579640,IMSI-8087521525,2026-07-05T08:18:00,TWR-191
9032926051,IMEI-6529088324,IMSI-0974431797,2026-08-25T01:30:00,TWR-155
9029380964,IMEI-1200821527,IMSI-6889099505,2026-07-12T20:52:00,TWR-172
9892195305,IMEI-3482362498,IMSI-1721450403,2026-08-14T23:19:00,TWR-112
9308845429,IMEI-7694229206,IMSI-6769302918,2026-08-18T03:37:00,TWR-143
9527600495,IMEI-8228613607,IMSI-0187837949,2026-08-09T00:47:00,TWR-194
9580143749,IMEI-3479877466,IMSI-1984032943,2026-07-26T22:19:00,TWR-124
9834444548,IMEI-9012308721,IMSI-9432604048,2026-07-06T09:41:00,TWR-136
9008722810,IMEI-9232142342,IMSI-0050825943,2026-08-25T13:55:00,TWR-152
9950712865,IMEI-7429481661,IMSI-9887989570,2026-07-05T22:54:00,TWR-143
9339899280,IMEI-3287756597,IMSI-4213052281,2026-07-07T15:12:00,TWR-108
9620805495,IMEI-9798503611,IMSI-7553029147,2026-08-16T02:02:00,TWR-164
9362272684,IMEI-5958935981,IMSI-2951362368,2026-07-07T18:23:00,TWR-197
9391686645,IMEI-0016973796,IMSI-5574013757,2026-08-19T02:57:00,TWR-175
9482868447,IMEI-9645744869,IMSI-4659880035,2026-07-23T22:59:00,TWR-102
9941508100,IMEI-3430837098,IMSI-5176987623,2026-08-18T12:25:00,TWR-144
